serie_id,fecha_hora,serie,mac,firmware,patron,patron_original,valor_certificado,tipo_lamina,color,orientacion,codigo,disparo,respuesta_bruta,x,descartado,motivo_descarte,veredicto,nota,aceptada,elegida,colocacion
S001,"2026-09-19T14:13:34-0500",SLV-002,"00:21:13:05:19:3B",V3.6 2026-09-19 (3.6.2) CAL mascara 0003,OSCURO,OSCURO,0,-,oscuro,0,e,1,"::560",560,0,,OK,"banco paso 3, código e, uso CONTROL",1,1,1
S001,"2026-09-19T14:13:35-0500",SLV-002,"00:21:13:05:19:3B",V3.6 2026-09-19 (3.6.2) CAL mascara 0003,OSCURO,OSCURO,0,-,oscuro,0,e,2,"::563",563,0,,OK,"banco paso 3, código e, uso CONTROL",1,1,1
S001,"2026-09-19T14:13:37-0500",SLV-002,"00:21:13:05:19:3B",V3.6 2026-09-19 (3.6.2) CAL mascara 0003,OSCURO,OSCURO,0,-,oscuro,0,e,3,"::567",567,0,,OK,"banco paso 3, código e, uso CONTROL",1,1,1
S001,"2026-09-19T14:13:39-0500",SLV-002,"00:21:13:05:19:3B",V3.6 2026-09-19 (3.6.2) CAL mascara 0003,OSCURO,OSCURO,0,-,oscuro,0,e,4,"::564",564,0,,OK,"banco paso 3, código e, uso CONTROL",1,1,1
S001,"2026-09-19T14:13:48-0500",SLV-002,"00:21:13:05:19:3B",V3.6 2026-09-19 (3.6.2) CAL mascara 0003,OSCURO,OSCURO,0,-,oscuro,0,e,5,"::570",570,0,,OK,"banco paso 3, código e, uso CONTROL",1,1,2
S001,"2026-09-19T14:13:50-0500",SLV-002,"00:21:13:05:19:3B",V3.6 2026-09-19 (3.6.2) CAL mascara 0003,OSCURO,OSCURO,0,-,oscuro,0,e,6,"::567",567,0,,OK,"banco paso 3, código e, uso CONTROL",1,1,2
S001,"2026-09-19T14:13:51-0500",SLV-002,"00:21:13:05:19:3B",V3.6 2026-09-19 (3.6.2) CAL mascara 0003,OSCURO,OSCURO,0,-,oscuro,0,e,7,"::565",565,0,,OK,"banco paso 3, código e, uso CONTROL",1,1,2
S001,"2026-09-19T14:13:53-0500",SLV-002,"00:21:13:05:19:3B",V3.6 2026-09-19 (3.6.2) CAL mascara 0003,OSCURO,OSCURO,0,-,oscuro,0,e,8,"::570",570,0,,OK,"banco paso 3, código e, uso CONTROL",1,1,2
S001,"2026-09-19T14:14:05-0500",SLV-002,"00:21:13:05:19:3B",V3.6 2026-09-19 (3.6.2) CAL mascara 0003,OSCURO,OSCURO,0,-,oscuro,0,e,9,"::569",569,0,,OK,"banco paso 3, código e, uso CONTROL",1,1,3
S001,"2026-09-19T14:14:06-0500",SLV-002,"00:21:13:05:19:3B",V3.6 2026-09-19 (3.6.2) CAL mascara 0003,OSCURO,OSCURO,0,-,oscuro,0,e,10,"::565",565,0,,OK,"banco paso 3, código e, uso CONTROL",1,1,3
S001,"2026-09-19T14:14:08-0500",SLV-002,"00:21:13:05:19:3B",V3.6 2026-09-19 (3.6.2) CAL mascara 0003,OSCURO,OSCURO,0,-,oscuro,0,e,11,"::559",559,0,,OK,"banco paso 3, código e, uso CONTROL",1,1,3
S001,"2026-09-19T14:14:10-0500",SLV-002,"00:21:13:05:19:3B",V3.6 2026-09-19 (3.6.2) CAL mascara 0003,OSCURO,OSCURO,0,-,oscuro,0,e,12,"::564",564,0,,OK,"banco paso 3, código e, uso CONTROL",1,1,3
S001,"2026-09-19T14:14:15-0500",SLV-002,"00:21:13:05:19:3B",V3.6 2026-09-19 (3.6.2) CAL mascara 0003,OSCURO,OSCURO,0,-,oscuro,0,e,13,"::572",572,0,,OK,"banco paso 3, código e, uso CONTROL",1,1,4
S001,"2026-09-19T14:14:17-0500",SLV-002,"00:21:13:05:19:3B",V3.6 2026-09-19 (3.6.2) CAL mascara 0003,OSCURO,OSCURO,0,-,oscuro,0,e,14,"::562",562,0,,OK,"banco paso 3, código e, uso CONTROL",1,1,4
S001,"2026-09-19T14:14:18-0500",SLV-002,"00:21:13:05:19:3B",V3.6 2026-09-19 (3.6.2) CAL mascara 0003,OSCURO,OSCURO,0,-,oscuro,0,e,15,"::566",566,0,,OK,"banco paso 3, código e, uso CONTROL",1,1,4
S001,"2026-09-19T14:14:20-0500",SLV-002,"00:21:13:05:19:3B",V3.6 2026-09-19 (3.6.2) CAL mascara 0003,OSCURO,OSCURO,0,-,oscuro,0,e,16,"::565",565,0,,OK,"banco paso 3, código e, uso CONTROL",1,1,4
S001,"2026-09-19T14:14:27-0500",SLV-002,"00:21:13:05:19:3B",V3.6 2026-09-19 (3.6.2) CAL mascara 0003,OSCURO,OSCURO,0,-,oscuro,0,e,17,"::567",567,0,,OK,"banco paso 3, código e, uso CONTROL",1,1,5
S001,"2026-09-19T14:14:28-0500",SLV-002,"00:21:13:05:19:3B",V3.6 2026-09-19 (3.6.2) CAL mascara 0003,OSCURO,OSCURO,0,-,oscuro,0,e,18,"::574",574,0,,OK,"banco paso 3, código e, uso CONTROL",1,1,5
S001,"2026-09-19T14:14:30-0500",SLV-002,"00:21:13:05:19:3B",V3.6 2026-09-19 (3.6.2) CAL mascara 0003,OSCURO,OSCURO,0,-,oscuro,0,e,19,"::564",564,0,,OK,"banco paso 3, código e, uso CONTROL",1,1,5
S001,"2026-09-19T14:14:31-0500",SLV-002,"00:21:13:05:19:3B",V3.6 2026-09-19 (3.6.2) CAL mascara 0003,OSCURO,OSCURO,0,-,oscuro,0,e,20,"::568",568,0,,OK,"banco paso 3, código e, uso CONTROL",1,1,5
S002,"2026-09-19T14:14:56-0500",SLV-002,"00:21:13:05:19:3B",V3.6 2026-09-19 (3.6.2) CAL mascara 0003,P22,P22,334,IV,amarillo,0,e,1,"::1387",1387,0,,A5,banco paso 4 (A5-INICIO),0,0,1
S002,"2026-09-19T14:14:58-0500",SLV-002,"00:21:13:05:19:3B",V3.6 2026-09-19 (3.6.2) CAL mascara 0003,P22,P22,334,IV,amarillo,0,e,2,"::1404",1404,0,,A5,banco paso 4 (A5-INICIO),0,0,1
S002,"2026-09-19T14:14:59-0500",SLV-002,"00:21:13:05:19:3B",V3.6 2026-09-19 (3.6.2) CAL mascara 0003,P22,P22,334,IV,amarillo,0,e,3,"::1381",1381,0,,A5,banco paso 4 (A5-INICIO),0,0,1
S002,"2026-09-19T14:15:01-0500",SLV-002,"00:21:13:05:19:3B",V3.6 2026-09-19 (3.6.2) CAL mascara 0003,P22,P22,334,IV,amarillo,0,e,4,"::1395",1395,0,,A5,banco paso 4 (A5-INICIO),0,0,1
S002,"2026-09-19T14:15:11-0500",SLV-002,"00:21:13:05:19:3B",V3.6 2026-09-19 (3.6.2) CAL mascara 0003,P22,P22,334,IV,amarillo,0,e,5,"::1408",1408,0,,A5,banco paso 4 (A5-INICIO),0,0,2
S002,"2026-09-19T14:15:13-0500",SLV-002,"00:21:13:05:19:3B",V3.6 2026-09-19 (3.6.2) CAL mascara 0003,P22,P22,334,IV,amarillo,0,e,6,"::1407",1407,0,,A5,banco paso 4 (A5-INICIO),0,0,2
S002,"2026-09-19T14:15:14-0500",SLV-002,"00:21:13:05:19:3B",V3.6 2026-09-19 (3.6.2) CAL mascara 0003,P22,P22,334,IV,amarillo,0,e,7,"::1406",1406,0,,A5,banco paso 4 (A5-INICIO),0,0,2
S002,"2026-09-19T14:15:16-0500",SLV-002,"00:21:13:05:19:3B",V3.6 2026-09-19 (3.6.2) CAL mascara 0003,P22,P22,334,IV,amarillo,0,e,8,"::1408",1408,0,,A5,banco paso 4 (A5-INICIO),0,0,2
S002,"2026-09-19T14:15:21-0500",SLV-002,"00:21:13:05:19:3B",V3.6 2026-09-19 (3.6.2) CAL mascara 0003,P22,P22,334,IV,amarillo,0,e,9,"::1399",1399,0,,A5,banco paso 4 (A5-INICIO),0,0,3
S002,"2026-09-19T14:15:23-0500",SLV-002,"00:21:13:05:19:3B",V3.6 2026-09-19 (3.6.2) CAL mascara 0003,P22,P22,334,IV,amarillo,0,e,10,"::1410",1410,0,,A5,banco paso 4 (A5-INICIO),0,0,3
S002,"2026-09-19T14:15:24-0500",SLV-002,"00:21:13:05:19:3B",V3.6 2026-09-19 (3.6.2) CAL mascara 0003,P22,P22,334,IV,amarillo,0,e,11,"::1397",1397,0,,A5,banco paso 4 (A5-INICIO),0,0,3
S002,"2026-09-19T14:15:26-0500",SLV-002,"00:21:13:05:19:3B",V3.6 2026-09-19 (3.6.2) CAL mascara 0003,P22,P22,334,IV,amarillo,0,e,12,"::1404",1404,0,,A5,banco paso 4 (A5-INICIO),0,0,3
S002,"2026-09-19T14:15:34-0500",SLV-002,"00:21:13:05:19:3B",V3.6 2026-09-19 (3.6.2) CAL mascara 0003,P22,P22,334,IV,amarillo,0,e,13,"::1454",1454,0,,A5,banco paso 4 (A5-INICIO),0,0,4
S002,"2026-09-19T14:15:36-0500",SLV-002,"00:21:13:05:19:3B",V3.6 2026-09-19 (3.6.2) CAL mascara 0003,P22,P22,334,IV,amarillo,0,e,14,"::1460",1460,0,,A5,banco paso 4 (A5-INICIO),0,0,4
S002,"2026-09-19T14:15:37-0500",SLV-002,"00:21:13:05:19:3B",V3.6 2026-09-19 (3.6.2) CAL mascara 0003,P22,P22,334,IV,amarillo,0,e,15,"::1453",1453,0,,A5,banco paso 4 (A5-INICIO),0,0,4
S002,"2026-09-19T14:15:39-0500",SLV-002,"00:21:13:05:19:3B",V3.6 2026-09-19 (3.6.2) CAL mascara 0003,P22,P22,334,IV,amarillo,0,e,16,"::1455",1455,0,,A5,banco paso 4 (A5-INICIO),0,0,4
S002,"2026-09-19T14:15:47-0500",SLV-002,"00:21:13:05:19:3B",V3.6 2026-09-19 (3.6.2) CAL mascara 0003,P22,P22,334,IV,amarillo,0,e,17,"::1415",1415,0,,A5,banco paso 4 (A5-INICIO),0,0,5
S002,"2026-09-19T14:15:49-0500",SLV-002,"00:21:13:05:19:3B",V3.6 2026-09-19 (3.6.2) CAL mascara 0003,P22,P22,334,IV,amarillo,0,e,18,"::1421",1421,0,,A5,banco paso 4 (A5-INICIO),0,0,5
S002,"2026-09-19T14:15:50-0500",SLV-002,"00:21:13:05:19:3B",V3.6 2026-09-19 (3.6.2) CAL mascara 0003,P22,P22,334,IV,amarillo,0,e,19,"::1425",1425,0,,A5,banco paso 4 (A5-INICIO),0,0,5
S002,"2026-09-19T14:15:52-0500",SLV-002,"00:21:13:05:19:3B",V3.6 2026-09-19 (3.6.2) CAL mascara 0003,P22,P22,334,IV,amarillo,0,e,20,"::1419",1419,0,,A5,banco paso 4 (A5-INICIO),0,0,5
S003,"2026-09-19T14:16:14-0500",SLV-002,"00:21:13:05:19:3B",V3.6 2026-09-19 (3.6.2) CAL mascara 0003,P28,P28,484,IX,blanco,0,e,1,"::2102",2102,0,,A5,banco paso 5 (A5-INICIO),0,0,1
S003,"2026-09-19T14:16:16-0500",SLV-002,"00:21:13:05:19:3B",V3.6 2026-09-19 (3.6.2) CAL mascara 0003,P28,P28,484,IX,blanco,0,e,2,"::2112",2112,0,,A5,banco paso 5 (A5-INICIO),0,0,1
S003,"2026-09-19T14:16:17-0500",SLV-002,"00:21:13:05:19:3B",V3.6 2026-09-19 (3.6.2) CAL mascara 0003,P28,P28,484,IX,blanco,0,e,3,"::2113",2113,0,,A5,banco paso 5 (A5-INICIO),0,0,1
S003,"2026-09-19T14:16:19-0500",SLV-002,"00:21:13:05:19:3B",V3.6 2026-09-19 (3.6.2) CAL mascara 0003,P28,P28,484,IX,blanco,0,e,4,"::2106",2106,0,,A5,banco paso 5 (A5-INICIO),0,0,1
S003,"2026-09-19T14:16:28-0500",SLV-002,"00:21:13:05:19:3B",V3.6 2026-09-19 (3.6.2) CAL mascara 0003,P28,P28,484,IX,blanco,0,e,5,"::2121",2121,0,,A5,banco paso 5 (A5-INICIO),0,0,2
S003,"2026-09-19T14:16:29-0500",SLV-002,"00:21:13:05:19:3B",V3.6 2026-09-19 (3.6.2) CAL mascara 0003,P28,P28,484,IX,blanco,0,e,6,"::2131",2131,0,,A5,banco paso 5 (A5-INICIO),0,0,2
S003,"2026-09-19T14:16:31-0500",SLV-002,"00:21:13:05:19:3B",V3.6 2026-09-19 (3.6.2) CAL mascara 0003,P28,P28,484,IX,blanco,0,e,7,"::2126",2126,0,,A5,banco paso 5 (A5-INICIO),0,0,2
S003,"2026-09-19T14:16:33-0500",SLV-002,"00:21:13:05:19:3B",V3.6 2026-09-19 (3.6.2) CAL mascara 0003,P28,P28,484,IX,blanco,0,e,8,"::2132",2132,0,,A5,banco paso 5 (A5-INICIO),0,0,2
S003,"2026-09-19T14:16:41-0500",SLV-002,"00:21:13:05:19:3B",V3.6 2026-09-19 (3.6.2) CAL mascara 0003,P28,P28,484,IX,blanco,0,e,9,"::2073",2073,0,,A5,banco paso 5 (A5-INICIO),0,0,3
S003,"2026-09-19T14:16:43-0500",SLV-002,"00:21:13:05:19:3B",V3.6 2026-09-19 (3.6.2) CAL mascara 0003,P28,P28,484,IX,blanco,0,e,10,"::2088",2088,0,,A5,banco paso 5 (A5-INICIO),0,0,3
S003,"2026-09-19T14:16:45-0500",SLV-002,"00:21:13:05:19:3B",V3.6 2026-09-19 (3.6.2) CAL mascara 0003,P28,P28,484,IX,blanco,0,e,11,"::2083",2083,0,,A5,banco paso 5 (A5-INICIO),0,0,3
S003,"2026-09-19T14:16:46-0500",SLV-002,"00:21:13:05:19:3B",V3.6 2026-09-19 (3.6.2) CAL mascara 0003,P28,P28,484,IX,blanco,0,e,12,"::2090",2090,0,,A5,banco paso 5 (A5-INICIO),0,0,3
S003,"2026-09-19T14:16:54-0500",SLV-002,"00:21:13:05:19:3B",V3.6 2026-09-19 (3.6.2) CAL mascara 0003,P28,P28,484,IX,blanco,0,e,13,"::2093",2093,0,,A5,banco paso 5 (A5-INICIO),0,0,4
S003,"2026-09-19T14:16:56-0500",SLV-002,"00:21:13:05:19:3B",V3.6 2026-09-19 (3.6.2) CAL mascara 0003,P28,P28,484,IX,blanco,0,e,14,"::2100",2100,0,,A5,banco paso 5 (A5-INICIO),0,0,4
S003,"2026-09-19T14:16:58-0500",SLV-002,"00:21:13:05:19:3B",V3.6 2026-09-19 (3.6.2) CAL mascara 0003,P28,P28,484,IX,blanco,0,e,15,"::2102",2102,0,,A5,banco paso 5 (A5-INICIO),0,0,4
S003,"2026-09-19T14:16:59-0500",SLV-002,"00:21:13:05:19:3B",V3.6 2026-09-19 (3.6.2) CAL mascara 0003,P28,P28,484,IX,blanco,0,e,16,"::2101",2101,0,,A5,banco paso 5 (A5-INICIO),0,0,4
S003,"2026-09-19T14:17:09-0500",SLV-002,"00:21:13:05:19:3B",V3.6 2026-09-19 (3.6.2) CAL mascara 0003,P28,P28,484,IX,blanco,0,e,17,"::2151",2151,0,,A5,banco paso 5 (A5-INICIO),0,0,5
S003,"2026-09-19T14:17:11-0500",SLV-002,"00:21:13:05:19:3B",V3.6 2026-09-19 (3.6.2) CAL mascara 0003,P28,P28,484,IX,blanco,0,e,18,"::2153",2153,0,,A5,banco paso 5 (A5-INICIO),0,0,5
S003,"2026-09-19T14:17:12-0500",SLV-002,"00:21:13:05:19:3B",V3.6 2026-09-19 (3.6.2) CAL mascara 0003,P28,P28,484,IX,blanco,0,e,19,"::2160",2160,0,,A5,banco paso 5 (A5-INICIO),0,0,5
S003,"2026-09-19T14:17:14-0500",SLV-002,"00:21:13:05:19:3B",V3.6 2026-09-19 (3.6.2) CAL mascara 0003,P28,P28,484,IX,blanco,0,e,20,"::2167",2167,0,,A5,banco paso 5 (A5-INICIO),0,0,5
S004,"2026-09-19T14:17:53-0500",SLV-002,"00:21:13:05:19:3B",V3.6 2026-09-19 (3.6.2) CAL mascara 0003,P4,P4,828,XI,blanco,0,e,1,"::3292",3292,0,,A5,banco paso 6 (A5-INICIO),0,0,1
S004,"2026-09-19T14:17:54-0500",SLV-002,"00:21:13:05:19:3B",V3.6 2026-09-19 (3.6.2) CAL mascara 0003,P4,P4,828,XI,blanco,0,e,2,"::3288",3288,0,,A5,banco paso 6 (A5-INICIO),0,0,1
S004,"2026-09-19T14:17:56-0500",SLV-002,"00:21:13:05:19:3B",V3.6 2026-09-19 (3.6.2) CAL mascara 0003,P4,P4,828,XI,blanco,0,e,3,"::3282",3282,0,,A5,banco paso 6 (A5-INICIO),0,0,1
S004,"2026-09-19T14:17:58-0500",SLV-002,"00:21:13:05:19:3B",V3.6 2026-09-19 (3.6.2) CAL mascara 0003,P4,P4,828,XI,blanco,0,e,4,"::3296",3296,0,,A5,banco paso 6 (A5-INICIO),0,0,1
S004,"2026-09-19T14:18:03-0500",SLV-002,"00:21:13:05:19:3B",V3.6 2026-09-19 (3.6.2) CAL mascara 0003,P4,P4,828,XI,blanco,0,e,5,"::3289",3289,0,,A5,banco paso 6 (A5-INICIO),0,0,2
S004,"2026-09-19T14:18:05-0500",SLV-002,"00:21:13:05:19:3B",V3.6 2026-09-19 (3.6.2) CAL mascara 0003,P4,P4,828,XI,blanco,0,e,6,"::3301",3301,0,,A5,banco paso 6 (A5-INICIO),0,0,2
S004,"2026-09-19T14:18:06-0500",SLV-002,"00:21:13:05:19:3B",V3.6 2026-09-19 (3.6.2) CAL mascara 0003,P4,P4,828,XI,blanco,0,e,7,"::3285",3285,0,,A5,banco paso 6 (A5-INICIO),0,0,2
S004,"2026-09-19T14:18:08-0500",SLV-002,"00:21:13:05:19:3B",V3.6 2026-09-19 (3.6.2) CAL mascara 0003,P4,P4,828,XI,blanco,0,e,8,"::3295",3295,0,,A5,banco paso 6 (A5-INICIO),0,0,2
S004,"2026-09-19T14:18:17-0500",SLV-002,"00:21:13:05:19:3B",V3.6 2026-09-19 (3.6.2) CAL mascara 0003,P4,P4,828,XI,blanco,0,e,9,"::3319",3319,0,,A5,banco paso 6 (A5-INICIO),0,0,3
S004,"2026-09-19T14:18:18-0500",SLV-002,"00:21:13:05:19:3B",V3.6 2026-09-19 (3.6.2) CAL mascara 0003,P4,P4,828,XI,blanco,0,e,10,"::3309",3309,0,,A5,banco paso 6 (A5-INICIO),0,0,3
S004,"2026-09-19T14:18:20-0500",SLV-002,"00:21:13:05:19:3B",V3.6 2026-09-19 (3.6.2) CAL mascara 0003,P4,P4,828,XI,blanco,0,e,11,"::3318",3318,0,,A5,banco paso 6 (A5-INICIO),0,0,3
S004,"2026-09-19T14:18:22-0500",SLV-002,"00:21:13:05:19:3B",V3.6 2026-09-19 (3.6.2) CAL mascara 0003,P4,P4,828,XI,blanco,0,e,12,"::3323",3323,0,,A5,banco paso 6 (A5-INICIO),0,0,3
S004,"2026-09-19T14:18:30-0500",SLV-002,"00:21:13:05:19:3B",V3.6 2026-09-19 (3.6.2) CAL mascara 0003,P4,P4,828,XI,blanco,0,e,13,"::3317",3317,0,,A5,banco paso 6 (A5-INICIO),0,0,4
S004,"2026-09-19T14:18:32-0500",SLV-002,"00:21:13:05:19:3B",V3.6 2026-09-19 (3.6.2) CAL mascara 0003,P4,P4,828,XI,blanco,0,e,14,"::3317",3317,0,,A5,banco paso 6 (A5-INICIO),0,0,4
S004,"2026-09-19T14:18:33-0500",SLV-002,"00:21:13:05:19:3B",V3.6 2026-09-19 (3.6.2) CAL mascara 0003,P4,P4,828,XI,blanco,0,e,15,"::3323",3323,0,,A5,banco paso 6 (A5-INICIO),0,0,4
S004,"2026-09-19T14:18:35-0500",SLV-002,"00:21:13:05:19:3B",V3.6 2026-09-19 (3.6.2) CAL mascara 0003,P4,P4,828,XI,blanco,0,e,16,"::3332",3332,0,,A5,banco paso 6 (A5-INICIO),0,0,4
S004,"2026-09-19T14:18:42-0500",SLV-002,"00:21:13:05:19:3B",V3.6 2026-09-19 (3.6.2) CAL mascara 0003,P4,P4,828,XI,blanco,0,e,17,"::3299",3299,0,,A5,banco paso 6 (A5-INICIO),0,0,5
S004,"2026-09-19T14:18:44-0500",SLV-002,"00:21:13:05:19:3B",V3.6 2026-09-19 (3.6.2) CAL mascara 0003,P4,P4,828,XI,blanco,0,e,18,"::3304",3304,0,,A5,banco paso 6 (A5-INICIO),0,0,5
S004,"2026-09-19T14:18:46-0500",SLV-002,"00:21:13:05:19:3B",V3.6 2026-09-19 (3.6.2) CAL mascara 0003,P4,P4,828,XI,blanco,0,e,19,"::3312",3312,0,,A5,banco paso 6 (A5-INICIO),0,0,5
S004,"2026-09-19T14:18:47-0500",SLV-002,"00:21:13:05:19:3B",V3.6 2026-09-19 (3.6.2) CAL mascara 0003,P4,P4,828,XI,blanco,0,e,20,"::3294",3294,0,,A5,banco paso 6 (A5-INICIO),0,0,5
S005,"2026-09-19T14:19:44-0500",SLV-002,"00:21:13:05:19:3B",V3.6 2026-09-19 (3.6.2) CAL mascara 0003,P56,P56,347,IV,blanco,0,e,1,"::1648",1648,0,,OK,"banco paso 7, código 1, uso AJUSTE",1,1,1
S005,"2026-09-19T14:19:45-0500",SLV-002,"00:21:13:05:19:3B",V3.6 2026-09-19 (3.6.2) CAL mascara 0003,P56,P56,347,IV,blanco,0,e,2,"::1652",1652,0,,OK,"banco paso 7, código 1, uso AJUSTE",1,1,1
S005,"2026-09-19T14:19:47-0500",SLV-002,"00:21:13:05:19:3B",V3.6 2026-09-19 (3.6.2) CAL mascara 0003,P56,P56,347,IV,blanco,0,e,3,"::1659",1659,0,,OK,"banco paso 7, código 1, uso AJUSTE",1,1,1
S005,"2026-09-19T14:19:49-0500",SLV-002,"00:21:13:05:19:3B",V3.6 2026-09-19 (3.6.2) CAL mascara 0003,P56,P56,347,IV,blanco,0,e,4,"::1660",1660,0,,OK,"banco paso 7, código 1, uso AJUSTE",1,1,1
S005,"2026-09-19T14:19:58-0500",SLV-002,"00:21:13:05:19:3B",V3.6 2026-09-19 (3.6.2) CAL mascara 0003,P56,P56,347,IV,blanco,0,e,5,"::1642",1642,0,,OK,"banco paso 7, código 1, uso AJUSTE",1,1,2
S005,"2026-09-19T14:20:00-0500",SLV-002,"00:21:13:05:19:3B",V3.6 2026-09-19 (3.6.2) CAL mascara 0003,P56,P56,347,IV,blanco,0,e,6,"::1652",1652,0,,OK,"banco paso 7, código 1, uso AJUSTE",1,1,2
S005,"2026-09-19T14:20:01-0500",SLV-002,"00:21:13:05:19:3B",V3.6 2026-09-19 (3.6.2) CAL mascara 0003,P56,P56,347,IV,blanco,0,e,7,"::1645",1645,0,,OK,"banco paso 7, código 1, uso AJUSTE",1,1,2
S005,"2026-09-19T14:20:03-0500",SLV-002,"00:21:13:05:19:3B",V3.6 2026-09-19 (3.6.2) CAL mascara 0003,P56,P56,347,IV,blanco,0,e,8,"::1656",1656,0,,OK,"banco paso 7, código 1, uso AJUSTE",1,1,2
S005,"2026-09-19T14:20:21-0500",SLV-002,"00:21:13:05:19:3B",V3.6 2026-09-19 (3.6.2) CAL mascara 0003,P56,P56,347,IV,blanco,0,e,9,"::1655",1655,0,,OK,"banco paso 7, código 1, uso AJUSTE",1,1,3
S005,"2026-09-19T14:20:22-0500",SLV-002,"00:21:13:05:19:3B",V3.6 2026-09-19 (3.6.2) CAL mascara 0003,P56,P56,347,IV,blanco,0,e,10,"::1660",1660,0,,OK,"banco paso 7, código 1, uso AJUSTE",1,1,3
S005,"2026-09-19T14:20:24-0500",SLV-002,"00:21:13:05:19:3B",V3.6 2026-09-19 (3.6.2) CAL mascara 0003,P56,P56,347,IV,blanco,0,e,11,"::1653",1653,0,,OK,"banco paso 7, código 1, uso AJUSTE",1,1,3
S005,"2026-09-19T14:20:25-0500",SLV-002,"00:21:13:05:19:3B",V3.6 2026-09-19 (3.6.2) CAL mascara 0003,P56,P56,347,IV,blanco,0,e,12,"::1658",1658,0,,OK,"banco paso 7, código 1, uso AJUSTE",1,1,3
S006,"2026-09-19T14:20:55-0500",SLV-002,"00:21:13:05:19:3B",V3.6 2026-09-19 (3.6.2) CAL mascara 0003,P34,P34,86,I,amarillo,0,e,1,"::1664",1664,0,,REPETIR,repetida,0,0,1
S006,"2026-09-19T14:20:57-0500",SLV-002,"00:21:13:05:19:3B",V3.6 2026-09-19 (3.6.2) CAL mascara 0003,P34,P34,86,I,amarillo,0,e,2,"::1661",1661,0,,REPETIR,repetida,0,0,1
S006,"2026-09-19T14:20:58-0500",SLV-002,"00:21:13:05:19:3B",V3.6 2026-09-19 (3.6.2) CAL mascara 0003,P34,P34,86,I,amarillo,0,e,3,"::1657",1657,0,,REPETIR,repetida,0,0,1
S006,"2026-09-19T14:23:24-0500",SLV-002,"00:21:13:05:19:3B",V3.6 2026-09-19 (3.6.2) CAL mascara 0003,P34,P34,86,I,amarillo,0,e,4,"::953",953,0,,REPETIR,repetida,0,0,2
S006,"2026-09-19T14:23:26-0500",SLV-002,"00:21:13:05:19:3B",V3.6 2026-09-19 (3.6.2) CAL mascara 0003,P34,P34,86,I,amarillo,0,e,5,"::952",952,0,,REPETIR,repetida,0,0,2
S006,"2026-09-19T14:23:27-0500",SLV-002,"00:21:13:05:19:3B",V3.6 2026-09-19 (3.6.2) CAL mascara 0003,P34,P34,86,I,amarillo,0,e,6,"::957",957,0,,REPETIR,repetida,0,0,2
S006,"2026-09-19T14:23:34-0500",SLV-002,"00:21:13:05:19:3B",V3.6 2026-09-19 (3.6.2) CAL mascara 0003,P34,P34,86,I,amarillo,0,e,7,"::952",952,0,,REPETIR,repetida,0,0,3
S006,"2026-09-19T14:23:36-0500",SLV-002,"00:21:13:05:19:3B",V3.6 2026-09-19 (3.6.2) CAL mascara 0003,P34,P34,86,I,amarillo,0,e,8,"::952",952,0,,REPETIR,repetida,0,0,3
S006,"2026-09-19T14:23:37-0500",SLV-002,"00:21:13:05:19:3B",V3.6 2026-09-19 (3.6.2) CAL mascara 0003,P34,P34,86,I,amarillo,0,e,9,"::953",953,0,,REPETIR,repetida,0,0,3
S007,"2026-09-19T14:23:50-0500",SLV-002,"00:21:13:05:19:3B",V3.6 2026-09-19 (3.6.2) CAL mascara 0003,P34,P34,86,I,amarillo,0,e,1,"::947",947,0,,OK,,1,1,1
S007,"2026-09-19T14:23:52-0500",SLV-002,"00:21:13:05:19:3B",V3.6 2026-09-19 (3.6.2) CAL mascara 0003,P34,P34,86,I,amarillo,0,e,2,"::948",948,0,,OK,,1,1,1
S007,"2026-09-19T14:23:54-0500",SLV-002,"00:21:13:05:19:3B",V3.6 2026-09-19 (3.6.2) CAL mascara 0003,P34,P34,86,I,amarillo,0,e,3,"::951",951,0,,OK,,1,1,1
S007,"2026-09-19T14:24:02-0500",SLV-002,"00:21:13:05:19:3B",V3.6 2026-09-19 (3.6.2) CAL mascara 0003,P34,P34,86,I,amarillo,0,e,4,"::971",971,0,,OK,,1,1,2
S007,"2026-09-19T14:24:04-0500",SLV-002,"00:21:13:05:19:3B",V3.6 2026-09-19 (3.6.2) CAL mascara 0003,P34,P34,86,I,amarillo,0,e,5,"::976",976,0,,OK,,1,1,2
S007,"2026-09-19T14:24:06-0500",SLV-002,"00:21:13:05:19:3B",V3.6 2026-09-19 (3.6.2) CAL mascara 0003,P34,P34,86,I,amarillo,0,e,6,"::981",981,0,,OK,,1,1,2
S007,"2026-09-19T14:24:13-0500",SLV-002,"00:21:13:05:19:3B",V3.6 2026-09-19 (3.6.2) CAL mascara 0003,P34,P34,86,I,amarillo,0,e,7,"::940",940,0,,OK,,1,1,3
S007,"2026-09-19T14:24:14-0500",SLV-002,"00:21:13:05:19:3B",V3.6 2026-09-19 (3.6.2) CAL mascara 0003,P34,P34,86,I,amarillo,0,e,8,"::941",941,0,,OK,,1,1,3
S007,"2026-09-19T14:24:16-0500",SLV-002,"00:21:13:05:19:3B",V3.6 2026-09-19 (3.6.2) CAL mascara 0003,P34,P34,86,I,amarillo,0,e,9,"::956",956,0,,OK,,1,1,3
S008,"2026-09-19T14:25:57-0500",SLV-002,"00:21:13:05:19:3B",V3.6 2026-09-19 (3.6.2) CAL mascara 0003,P37,P37,82,I,amarillo,0,e,1,"::976",976,0,,OK,,1,1,1
S008,"2026-09-19T14:25:58-0500",SLV-002,"00:21:13:05:19:3B",V3.6 2026-09-19 (3.6.2) CAL mascara 0003,P37,P37,82,I,amarillo,0,e,2,"::978",978,0,,OK,,1,1,1
S008,"2026-09-19T14:26:00-0500",SLV-002,"00:21:13:05:19:3B",V3.6 2026-09-19 (3.6.2) CAL mascara 0003,P37,P37,82,I,amarillo,0,e,3,"::991",991,0,,OK,,1,1,1
S008,"2026-09-19T14:26:09-0500",SLV-002,"00:21:13:05:19:3B",V3.6 2026-09-19 (3.6.2) CAL mascara 0003,P37,P37,82,I,amarillo,0,e,4,"::946",946,0,,OK,,1,1,2
S008,"2026-09-19T14:26:10-0500",SLV-002,"00:21:13:05:19:3B",V3.6 2026-09-19 (3.6.2) CAL mascara 0003,P37,P37,82,I,amarillo,0,e,5,"::955",955,0,,OK,,1,1,2
S008,"2026-09-19T14:26:12-0500",SLV-002,"00:21:13:05:19:3B",V3.6 2026-09-19 (3.6.2) CAL mascara 0003,P37,P37,82,I,amarillo,0,e,6,"::957",957,0,,OK,,1,1,2
S008,"2026-09-19T14:26:21-0500",SLV-002,"00:21:13:05:19:3B",V3.6 2026-09-19 (3.6.2) CAL mascara 0003,P37,P37,82,I,amarillo,0,e,7,"::976",976,0,,OK,,1,1,3
S008,"2026-09-19T14:26:23-0500",SLV-002,"00:21:13:05:19:3B",V3.6 2026-09-19 (3.6.2) CAL mascara 0003,P37,P37,82,I,amarillo,0,e,8,"::992",992,0,,OK,,1,1,3
S008,"2026-09-19T14:26:25-0500",SLV-002,"00:21:13:05:19:3B",V3.6 2026-09-19 (3.6.2) CAL mascara 0003,P37,P37,82,I,amarillo,0,e,9,"::972",972,0,,OK,,1,1,3
S009,"2026-09-19T14:27:07-0500",SLV-002,"00:21:13:05:19:3B",V3.6 2026-09-19 (3.6.2) CAL mascara 0003,P38,P38,52,I,rojo,0,e,1,"::737",737,0,,OK,,1,1,1
S009,"2026-09-19T14:27:08-0500",SLV-002,"00:21:13:05:19:3B",V3.6 2026-09-19 (3.6.2) CAL mascara 0003,P38,P38,52,I,rojo,0,e,2,"::744",744,0,,OK,,1,1,1
S009,"2026-09-19T14:27:10-0500",SLV-002,"00:21:13:05:19:3B",V3.6 2026-09-19 (3.6.2) CAL mascara 0003,P38,P38,52,I,rojo,0,e,3,"::747",747,0,,OK,,1,1,1
S009,"2026-09-19T14:27:17-0500",SLV-002,"00:21:13:05:19:3B",V3.6 2026-09-19 (3.6.2) CAL mascara 0003,P38,P38,52,I,rojo,0,e,4,"::745",745,0,,OK,,1,1,2
S009,"2026-09-19T14:27:19-0500",SLV-002,"00:21:13:05:19:3B",V3.6 2026-09-19 (3.6.2) CAL mascara 0003,P38,P38,52,I,rojo,0,e,5,"::744",744,0,,OK,,1,1,2
S009,"2026-09-19T14:27:21-0500",SLV-002,"00:21:13:05:19:3B",V3.6 2026-09-19 (3.6.2) CAL mascara 0003,P38,P38,52,I,rojo,0,e,6,"::744",744,0,,OK,,1,1,2
S009,"2026-09-19T14:27:27-0500",SLV-002,"00:21:13:05:19:3B",V3.6 2026-09-19 (3.6.2) CAL mascara 0003,P38,P38,52,I,rojo,0,e,7,"::742",742,0,,OK,,1,1,3
S009,"2026-09-19T14:27:29-0500",SLV-002,"00:21:13:05:19:3B",V3.6 2026-09-19 (3.6.2) CAL mascara 0003,P38,P38,52,I,rojo,0,e,8,"::738",738,0,,OK,,1,1,3
S009,"2026-09-19T14:27:31-0500",SLV-002,"00:21:13:05:19:3B",V3.6 2026-09-19 (3.6.2) CAL mascara 0003,P38,P38,52,I,rojo,0,e,9,"::751",751,0,,OK,,1,1,3
S010,"2026-09-19T14:27:54-0500",SLV-002,"00:21:13:05:19:3B",V3.6 2026-09-19 (3.6.2) CAL mascara 0003,P39,P39,46,I,rojo,0,e,1,"::722",722,0,,OK,,1,1,1
S010,"2026-09-19T14:27:56-0500",SLV-002,"00:21:13:05:19:3B",V3.6 2026-09-19 (3.6.2) CAL mascara 0003,P39,P39,46,I,rojo,0,e,2,"::715",715,0,,OK,,1,1,1
S010,"2026-09-19T14:27:58-0500",SLV-002,"00:21:13:05:19:3B",V3.6 2026-09-19 (3.6.2) CAL mascara 0003,P39,P39,46,I,rojo,0,e,3,"::709",709,0,,OK,,1,1,1
S010,"2026-09-19T14:28:05-0500",SLV-002,"00:21:13:05:19:3B",V3.6 2026-09-19 (3.6.2) CAL mascara 0003,P39,P39,46,I,rojo,0,e,4,"::718",718,0,,OK,,1,1,2
S010,"2026-09-19T14:28:06-0500",SLV-002,"00:21:13:05:19:3B",V3.6 2026-09-19 (3.6.2) CAL mascara 0003,P39,P39,46,I,rojo,0,e,5,"::715",715,0,,OK,,1,1,2
S010,"2026-09-19T14:28:08-0500",SLV-002,"00:21:13:05:19:3B",V3.6 2026-09-19 (3.6.2) CAL mascara 0003,P39,P39,46,I,rojo,0,e,6,"::714",714,0,,OK,,1,1,2
S010,"2026-09-19T14:28:15-0500",SLV-002,"00:21:13:05:19:3B",V3.6 2026-09-19 (3.6.2) CAL mascara 0003,P39,P39,46,I,rojo,0,e,7,"::721",721,0,,OK,,1,1,3
S010,"2026-09-19T14:28:17-0500",SLV-002,"00:21:13:05:19:3B",V3.6 2026-09-19 (3.6.2) CAL mascara 0003,P39,P39,46,I,rojo,0,e,8,"::716",716,0,,OK,,1,1,3
S010,"2026-09-19T14:28:18-0500",SLV-002,"00:21:13:05:19:3B",V3.6 2026-09-19 (3.6.2) CAL mascara 0003,P39,P39,46,I,rojo,0,e,9,"::721",721,0,,OK,,1,1,3
S011,"2026-09-19T14:29:19-0500",SLV-002,"00:21:13:05:19:3B",V3.6 2026-09-19 (3.6.2) CAL mascara 0003,P43,P43,122,I,amarillo,0,e,1,"::1136",1136,0,,OK,,1,1,1
S011,"2026-09-19T14:29:20-0500",SLV-002,"00:21:13:05:19:3B",V3.6 2026-09-19 (3.6.2) CAL mascara 0003,P43,P43,122,I,amarillo,0,e,2,"::1139",1139,0,,OK,,1,1,1
S011,"2026-09-19T14:29:22-0500",SLV-002,"00:21:13:05:19:3B",V3.6 2026-09-19 (3.6.2) CAL mascara 0003,P43,P43,122,I,amarillo,0,e,3,"::1155",1155,0,,OK,,1,1,1
S011,"2026-09-19T14:29:29-0500",SLV-002,"00:21:13:05:19:3B",V3.6 2026-09-19 (3.6.2) CAL mascara 0003,P43,P43,122,I,amarillo,0,e,4,"::1154",1154,0,,OK,,1,1,2
S011,"2026-09-19T14:29:31-0500",SLV-002,"00:21:13:05:19:3B",V3.6 2026-09-19 (3.6.2) CAL mascara 0003,P43,P43,122,I,amarillo,0,e,5,"::1146",1146,0,,OK,,1,1,2
S011,"2026-09-19T14:29:32-0500",SLV-002,"00:21:13:05:19:3B",V3.6 2026-09-19 (3.6.2) CAL mascara 0003,P43,P43,122,I,amarillo,0,e,6,"::1147",1147,0,,OK,,1,1,2
S011,"2026-09-19T14:29:41-0500",SLV-002,"00:21:13:05:19:3B",V3.6 2026-09-19 (3.6.2) CAL mascara 0003,P43,P43,122,I,amarillo,0,e,7,"::1143",1143,0,,OK,,1,1,3
S011,"2026-09-19T14:29:43-0500",SLV-002,"00:21:13:05:19:3B",V3.6 2026-09-19 (3.6.2) CAL mascara 0003,P43,P43,122,I,amarillo,0,e,8,"::1144",1144,0,,OK,,1,1,3
S011,"2026-09-19T14:29:45-0500",SLV-002,"00:21:13:05:19:3B",V3.6 2026-09-19 (3.6.2) CAL mascara 0003,P43,P43,122,I,amarillo,0,e,9,"::1141",1141,0,,OK,,1,1,3
S012,"2026-09-19T14:30:09-0500",SLV-002,"00:21:13:05:19:3B",V3.6 2026-09-19 (3.6.2) CAL mascara 0003,P44,P44,64,I,amarillo,0,e,1,"::888",888,0,,OK,,1,1,1
S012,"2026-09-19T14:30:11-0500",SLV-002,"00:21:13:05:19:3B",V3.6 2026-09-19 (3.6.2) CAL mascara 0003,P44,P44,64,I,amarillo,0,e,2,"::893",893,0,,OK,,1,1,1
S012,"2026-09-19T14:30:12-0500",SLV-002,"00:21:13:05:19:3B",V3.6 2026-09-19 (3.6.2) CAL mascara 0003,P44,P44,64,I,amarillo,0,e,3,"::902",902,0,,OK,,1,1,1
S012,"2026-09-19T14:30:20-0500",SLV-002,"00:21:13:05:19:3B",V3.6 2026-09-19 (3.6.2) CAL mascara 0003,P44,P44,64,I,amarillo,0,e,4,"::884",884,0,,OK,,1,1,2
S012,"2026-09-19T14:30:21-0500",SLV-002,"00:21:13:05:19:3B",V3.6 2026-09-19 (3.6.2) CAL mascara 0003,P44,P44,64,I,amarillo,0,e,5,"::879",879,0,,OK,,1,1,2
S012,"2026-09-19T14:30:23-0500",SLV-002,"00:21:13:05:19:3B",V3.6 2026-09-19 (3.6.2) CAL mascara 0003,P44,P44,64,I,amarillo,0,e,6,"::880",880,0,,OK,,1,1,2
S012,"2026-09-19T14:30:30-0500",SLV-002,"00:21:13:05:19:3B",V3.6 2026-09-19 (3.6.2) CAL mascara 0003,P44,P44,64,I,amarillo,0,e,7,"::906",906,0,,OK,,1,1,3
S012,"2026-09-19T14:30:32-0500",SLV-002,"00:21:13:05:19:3B",V3.6 2026-09-19 (3.6.2) CAL mascara 0003,P44,P44,64,I,amarillo,0,e,8,"::894",894,0,,OK,,1,1,3
S012,"2026-09-19T14:30:33-0500",SLV-002,"00:21:13:05:19:3B",V3.6 2026-09-19 (3.6.2) CAL mascara 0003,P44,P44,64,I,amarillo,0,e,9,"::889",889,0,,OK,,1,1,3
S013,"2026-09-19T14:31:05-0500",SLV-002,"00:21:13:05:19:3B",V3.6 2026-09-19 (3.6.2) CAL mascara 0003,P49,P49,81,I,rojo,0,e,1,"::802",802,0,,OK,,1,1,1
S013,"2026-09-19T14:31:06-0500",SLV-002,"00:21:13:05:19:3B",V3.6 2026-09-19 (3.6.2) CAL mascara 0003,P49,P49,81,I,rojo,0,e,2,"::815",815,0,,OK,,1,1,1
S013,"2026-09-19T14:31:08-0500",SLV-002,"00:21:13:05:19:3B",V3.6 2026-09-19 (3.6.2) CAL mascara 0003,P49,P49,81,I,rojo,0,e,3,"::814",814,0,,OK,,1,1,1
S013,"2026-09-19T14:31:15-0500",SLV-002,"00:21:13:05:19:3B",V3.6 2026-09-19 (3.6.2) CAL mascara 0003,P49,P49,81,I,rojo,0,e,4,"::807",807,0,,OK,,1,1,2
S013,"2026-09-19T14:31:17-0500",SLV-002,"00:21:13:05:19:3B",V3.6 2026-09-19 (3.6.2) CAL mascara 0003,P49,P49,81,I,rojo,0,e,5,"::825",825,0,,OK,,1,1,2
S013,"2026-09-19T14:31:19-0500",SLV-002,"00:21:13:05:19:3B",V3.6 2026-09-19 (3.6.2) CAL mascara 0003,P49,P49,81,I,rojo,0,e,6,"::810",810,0,,OK,,1,1,2
S013,"2026-09-19T14:31:26-0500",SLV-002,"00:21:13:05:19:3B",V3.6 2026-09-19 (3.6.2) CAL mascara 0003,P49,P49,81,I,rojo,0,e,7,"::807",807,0,,OK,,1,1,3
S013,"2026-09-19T14:31:28-0500",SLV-002,"00:21:13:05:19:3B",V3.6 2026-09-19 (3.6.2) CAL mascara 0003,P49,P49,81,I,rojo,0,e,8,"::816",816,0,,OK,,1,1,3
S013,"2026-09-19T14:31:30-0500",SLV-002,"00:21:13:05:19:3B",V3.6 2026-09-19 (3.6.2) CAL mascara 0003,P49,P49,81,I,rojo,0,e,9,"::812",812,0,,OK,,1,1,3
S014,"2026-09-19T14:32:01-0500",SLV-002,"00:21:13:05:19:3B",V3.6 2026-09-19 (3.6.2) CAL mascara 0003,P32a,P32a,9,I,azul,0,e,1,"::633",633,0,,OK,,1,1,1
S014,"2026-09-19T14:32:03-0500",SLV-002,"00:21:13:05:19:3B",V3.6 2026-09-19 (3.6.2) CAL mascara 0003,P32a,P32a,9,I,azul,0,e,2,"::638",638,0,,OK,,1,1,1
S014,"2026-09-19T14:32:04-0500",SLV-002,"00:21:13:05:19:3B",V3.6 2026-09-19 (3.6.2) CAL mascara 0003,P32a,P32a,9,I,azul,0,e,3,"::645",645,0,,OK,,1,1,1
S014,"2026-09-19T14:32:13-0500",SLV-002,"00:21:13:05:19:3B",V3.6 2026-09-19 (3.6.2) CAL mascara 0003,P32a,P32a,9,I,azul,0,e,4,"::647",647,0,,OK,,1,1,2
S014,"2026-09-19T14:32:15-0500",SLV-002,"00:21:13:05:19:3B",V3.6 2026-09-19 (3.6.2) CAL mascara 0003,P32a,P32a,9,I,azul,0,e,5,"::643",643,0,,OK,,1,1,2
S014,"2026-09-19T14:32:16-0500",SLV-002,"00:21:13:05:19:3B",V3.6 2026-09-19 (3.6.2) CAL mascara 0003,P32a,P32a,9,I,azul,0,e,6,"::637",637,0,,OK,,1,1,2
S014,"2026-09-19T14:32:24-0500",SLV-002,"00:21:13:05:19:3B",V3.6 2026-09-19 (3.6.2) CAL mascara 0003,P32a,P32a,9,I,azul,0,e,7,"::644",644,0,,OK,,1,1,3
S014,"2026-09-19T14:32:26-0500",SLV-002,"00:21:13:05:19:3B",V3.6 2026-09-19 (3.6.2) CAL mascara 0003,P32a,P32a,9,I,azul,0,e,8,"::631",631,0,,OK,,1,1,3
S014,"2026-09-19T14:32:27-0500",SLV-002,"00:21:13:05:19:3B",V3.6 2026-09-19 (3.6.2) CAL mascara 0003,P32a,P32a,9,I,azul,0,e,9,"::647",647,0,,OK,,1,1,3
S015,"2026-09-19T14:32:53-0500",SLV-002,"00:21:13:05:19:3B",V3.6 2026-09-19 (3.6.2) CAL mascara 0003,P32b,P32b,68,I,naranja,0,e,1,"::793",793,0,,OK,,1,1,1
S015,"2026-09-19T14:32:55-0500",SLV-002,"00:21:13:05:19:3B",V3.6 2026-09-19 (3.6.2) CAL mascara 0003,P32b,P32b,68,I,naranja,0,e,2,"::801",801,0,,OK,,1,1,1
S015,"2026-09-19T14:32:56-0500",SLV-002,"00:21:13:05:19:3B",V3.6 2026-09-19 (3.6.2) CAL mascara 0003,P32b,P32b,68,I,naranja,0,e,3,"::805",805,0,,OK,,1,1,1
S015,"2026-09-19T14:33:04-0500",SLV-002,"00:21:13:05:19:3B",V3.6 2026-09-19 (3.6.2) CAL mascara 0003,P32b,P32b,68,I,naranja,0,e,4,"::791",791,0,,OK,,1,1,2
S015,"2026-09-19T14:33:06-0500",SLV-002,"00:21:13:05:19:3B",V3.6 2026-09-19 (3.6.2) CAL mascara 0003,P32b,P32b,68,I,naranja,0,e,5,"::801",801,0,,OK,,1,1,2
S015,"2026-09-19T14:33:08-0500",SLV-002,"00:21:13:05:19:3B",V3.6 2026-09-19 (3.6.2) CAL mascara 0003,P32b,P32b,68,I,naranja,0,e,6,"::794",794,0,,OK,,1,1,2
S015,"2026-09-19T14:33:14-0500",SLV-002,"00:21:13:05:19:3B",V3.6 2026-09-19 (3.6.2) CAL mascara 0003,P32b,P32b,68,I,naranja,0,e,7,"::796",796,0,,OK,,1,1,3
S015,"2026-09-19T14:33:16-0500",SLV-002,"00:21:13:05:19:3B",V3.6 2026-09-19 (3.6.2) CAL mascara 0003,P32b,P32b,68,I,naranja,0,e,8,"::807",807,0,,OK,,1,1,3
S015,"2026-09-19T14:33:18-0500",SLV-002,"00:21:13:05:19:3B",V3.6 2026-09-19 (3.6.2) CAL mascara 0003,P32b,P32b,68,I,naranja,0,e,9,"::801",801,0,,OK,,1,1,3
S016,"2026-09-19T14:34:17-0500",SLV-002,"00:21:13:05:19:3B",V3.6 2026-09-19 (3.6.2) CAL mascara 0003,P33,P33,72,I,naranja,0,e,1,"::846",846,0,,OK,,1,1,1
S016,"2026-09-19T14:34:19-0500",SLV-002,"00:21:13:05:19:3B",V3.6 2026-09-19 (3.6.2) CAL mascara 0003,P33,P33,72,I,naranja,0,e,2,"::837",837,0,,OK,,1,1,1
S016,"2026-09-19T14:34:21-0500",SLV-002,"00:21:13:05:19:3B",V3.6 2026-09-19 (3.6.2) CAL mascara 0003,P33,P33,72,I,naranja,0,e,3,"::853",853,0,,OK,,1,1,1
S016,"2026-09-19T14:34:26-0500",SLV-002,"00:21:13:05:19:3B",V3.6 2026-09-19 (3.6.2) CAL mascara 0003,P33,P33,72,I,naranja,0,e,4,"::841",841,0,,OK,,1,1,2
S016,"2026-09-19T14:34:28-0500",SLV-002,"00:21:13:05:19:3B",V3.6 2026-09-19 (3.6.2) CAL mascara 0003,P33,P33,72,I,naranja,0,e,5,"::848",848,0,,OK,,1,1,2
S016,"2026-09-19T14:34:29-0500",SLV-002,"00:21:13:05:19:3B",V3.6 2026-09-19 (3.6.2) CAL mascara 0003,P33,P33,72,I,naranja,0,e,6,"::833",833,0,,OK,,1,1,2
S016,"2026-09-19T14:34:35-0500",SLV-002,"00:21:13:05:19:3B",V3.6 2026-09-19 (3.6.2) CAL mascara 0003,P33,P33,72,I,naranja,0,e,7,"::842",842,0,,OK,,1,1,3
S016,"2026-09-19T14:34:37-0500",SLV-002,"00:21:13:05:19:3B",V3.6 2026-09-19 (3.6.2) CAL mascara 0003,P33,P33,72,I,naranja,0,e,8,"::845",845,0,,OK,,1,1,3
S016,"2026-09-19T14:34:38-0500",SLV-002,"00:21:13:05:19:3B",V3.6 2026-09-19 (3.6.2) CAL mascara 0003,P33,P33,72,I,naranja,0,e,9,"::843",843,0,,OK,,1,1,3
S017,"2026-09-19T14:35:53-0500",SLV-002,"00:21:13:05:19:3B",V3.6 2026-09-19 (3.6.2) CAL mascara 0003,P35,P35,96,I,blanco,0,e,1,"::1102",1102,0,,OK,,1,1,1
S017,"2026-09-19T14:35:54-0500",SLV-002,"00:21:13:05:19:3B",V3.6 2026-09-19 (3.6.2) CAL mascara 0003,P35,P35,96,I,blanco,0,e,2,"::1090",1090,0,,OK,,1,1,1
S017,"2026-09-19T14:35:56-0500",SLV-002,"00:21:13:05:19:3B",V3.6 2026-09-19 (3.6.2) CAL mascara 0003,P35,P35,96,I,blanco,0,e,3,"::1090",1090,0,,OK,,1,1,1
S017,"2026-09-19T14:36:04-0500",SLV-002,"00:21:13:05:19:3B",V3.6 2026-09-19 (3.6.2) CAL mascara 0003,P35,P35,96,I,blanco,0,e,4,"::1091",1091,0,,OK,,1,1,2
S017,"2026-09-19T14:36:05-0500",SLV-002,"00:21:13:05:19:3B",V3.6 2026-09-19 (3.6.2) CAL mascara 0003,P35,P35,96,I,blanco,0,e,5,"::1089",1089,0,,OK,,1,1,2
S017,"2026-09-19T14:36:07-0500",SLV-002,"00:21:13:05:19:3B",V3.6 2026-09-19 (3.6.2) CAL mascara 0003,P35,P35,96,I,blanco,0,e,6,"::1096",1096,0,,OK,,1,1,2
S017,"2026-09-19T14:36:14-0500",SLV-002,"00:21:13:05:19:3B",V3.6 2026-09-19 (3.6.2) CAL mascara 0003,P35,P35,96,I,blanco,0,e,7,"::1100",1100,0,,OK,,1,1,3
S017,"2026-09-19T14:36:15-0500",SLV-002,"00:21:13:05:19:3B",V3.6 2026-09-19 (3.6.2) CAL mascara 0003,P35,P35,96,I,blanco,0,e,8,"::1091",1091,0,,OK,,1,1,3
S017,"2026-09-19T14:36:17-0500",SLV-002,"00:21:13:05:19:3B",V3.6 2026-09-19 (3.6.2) CAL mascara 0003,P35,P35,96,I,blanco,0,e,9,"::1087",1087,0,,OK,,1,1,3
S018,"2026-09-19T14:36:36-0500",SLV-002,"00:21:13:05:19:3B",V3.6 2026-09-19 (3.6.2) CAL mascara 0003,P36,P36,10,I,azul,0,e,1,"::645",645,0,,DUDOSO,repetida,0,0,1
S018,"2026-09-19T14:36:38-0500",SLV-002,"00:21:13:05:19:3B",V3.6 2026-09-19 (3.6.2) CAL mascara 0003,P36,P36,10,I,azul,0,e,2,"::642",642,0,,DUDOSO,repetida,0,0,1
S018,"2026-09-19T14:36:39-0500",SLV-002,"00:21:13:05:19:3B",V3.6 2026-09-19 (3.6.2) CAL mascara 0003,P36,P36,10,I,azul,0,e,3,"::630",630,0,,DUDOSO,repetida,0,0,1
S018,"2026-09-19T14:36:46-0500",SLV-002,"00:21:13:05:19:3B",V3.6 2026-09-19 (3.6.2) CAL mascara 0003,P36,P36,10,I,azul,0,e,4,"::637",637,0,,DUDOSO,repetida,0,0,2
S018,"2026-09-19T14:36:47-0500",SLV-002,"00:21:13:05:19:3B",V3.6 2026-09-19 (3.6.2) CAL mascara 0003,P36,P36,10,I,azul,0,e,5,"::629",629,0,,DUDOSO,repetida,0,0,2
S018,"2026-09-19T14:36:49-0500",SLV-002,"00:21:13:05:19:3B",V3.6 2026-09-19 (3.6.2) CAL mascara 0003,P36,P36,10,I,azul,0,e,6,"::641",641,0,,DUDOSO,repetida,0,0,2
S018,"2026-09-19T14:36:55-0500",SLV-002,"00:21:13:05:19:3B",V3.6 2026-09-19 (3.6.2) CAL mascara 0003,P36,P36,10,I,azul,0,e,7,"::629",629,0,,DUDOSO,repetida,0,0,3
S018,"2026-09-19T14:36:57-0500",SLV-002,"00:21:13:05:19:3B",V3.6 2026-09-19 (3.6.2) CAL mascara 0003,P36,P36,10,I,azul,0,e,8,"::636",636,0,,DUDOSO,repetida,0,0,3
S018,"2026-09-19T14:36:58-0500",SLV-002,"00:21:13:05:19:3B",V3.6 2026-09-19 (3.6.2) CAL mascara 0003,P36,P36,10,I,azul,0,e,9,"::641",641,0,,DUDOSO,repetida,0,0,3
S019,"2026-09-19T14:37:10-0500",SLV-002,"00:21:13:05:19:3B",V3.6 2026-09-19 (3.6.2) CAL mascara 0003,P36,P36,10,I,azul,0,e,1,"::634",634,0,,DUDOSO,repetida,0,0,1
S019,"2026-09-19T14:37:11-0500",SLV-002,"00:21:13:05:19:3B",V3.6 2026-09-19 (3.6.2) CAL mascara 0003,P36,P36,10,I,azul,0,e,2,"::641",641,0,,DUDOSO,repetida,0,0,1
S019,"2026-09-19T14:37:13-0500",SLV-002,"00:21:13:05:19:3B",V3.6 2026-09-19 (3.6.2) CAL mascara 0003,P36,P36,10,I,azul,0,e,3,"::639",639,0,,DUDOSO,repetida,0,0,1
S019,"2026-09-19T14:37:21-0500",SLV-002,"00:21:13:05:19:3B",V3.6 2026-09-19 (3.6.2) CAL mascara 0003,P36,P36,10,I,azul,0,e,4,"::633",633,0,,DUDOSO,repetida,0,0,2
S019,"2026-09-19T14:37:22-0500",SLV-002,"00:21:13:05:19:3B",V3.6 2026-09-19 (3.6.2) CAL mascara 0003,P36,P36,10,I,azul,0,e,5,"::625",625,0,,DUDOSO,repetida,0,0,2
S019,"2026-09-19T14:37:24-0500",SLV-002,"00:21:13:05:19:3B",V3.6 2026-09-19 (3.6.2) CAL mascara 0003,P36,P36,10,I,azul,0,e,6,"::641",641,0,,DUDOSO,repetida,0,0,2
S019,"2026-09-19T14:37:31-0500",SLV-002,"00:21:13:05:19:3B",V3.6 2026-09-19 (3.6.2) CAL mascara 0003,P36,P36,10,I,azul,0,e,7,"::636",636,0,,DUDOSO,repetida,0,0,3
S019,"2026-09-19T14:37:33-0500",SLV-002,"00:21:13:05:19:3B",V3.6 2026-09-19 (3.6.2) CAL mascara 0003,P36,P36,10,I,azul,0,e,8,"::642",642,0,,DUDOSO,repetida,0,0,3
S019,"2026-09-19T14:37:34-0500",SLV-002,"00:21:13:05:19:3B",V3.6 2026-09-19 (3.6.2) CAL mascara 0003,P36,P36,10,I,azul,0,e,9,"::641",641,0,,DUDOSO,repetida,0,0,3
S020,"2026-09-19T14:37:44-0500",SLV-002,"00:21:13:05:19:3B",V3.6 2026-09-19 (3.6.2) CAL mascara 0003,P36,P36,10,I,azul,0,e,1,"::635",635,0,,DUDOSO,repetida,0,0,1
S020,"2026-09-19T14:37:46-0500",SLV-002,"00:21:13:05:19:3B",V3.6 2026-09-19 (3.6.2) CAL mascara 0003,P36,P36,10,I,azul,0,e,2,"::633",633,0,,DUDOSO,repetida,0,0,1
S020,"2026-09-19T14:37:47-0500",SLV-002,"00:21:13:05:19:3B",V3.6 2026-09-19 (3.6.2) CAL mascara 0003,P36,P36,10,I,azul,0,e,3,"::634",634,0,,DUDOSO,repetida,0,0,1
S020,"2026-09-19T14:37:52-0500",SLV-002,"00:21:13:05:19:3B",V3.6 2026-09-19 (3.6.2) CAL mascara 0003,P36,P36,10,I,azul,0,e,4,"::649",649,0,,DUDOSO,repetida,0,0,2
S020,"2026-09-19T14:37:54-0500",SLV-002,"00:21:13:05:19:3B",V3.6 2026-09-19 (3.6.2) CAL mascara 0003,P36,P36,10,I,azul,0,e,5,"::646",646,0,,DUDOSO,repetida,0,0,2
S020,"2026-09-19T14:37:56-0500",SLV-002,"00:21:13:05:19:3B",V3.6 2026-09-19 (3.6.2) CAL mascara 0003,P36,P36,10,I,azul,0,e,6,"::633",633,0,,DUDOSO,repetida,0,0,2
S020,"2026-09-19T14:38:04-0500",SLV-002,"00:21:13:05:19:3B",V3.6 2026-09-19 (3.6.2) CAL mascara 0003,P36,P36,10,I,azul,0,e,7,"::619",619,0,,DUDOSO,repetida,0,0,3
S020,"2026-09-19T14:38:06-0500",SLV-002,"00:21:13:05:19:3B",V3.6 2026-09-19 (3.6.2) CAL mascara 0003,P36,P36,10,I,azul,0,e,8,"::632",632,0,,DUDOSO,repetida,0,0,3
S020,"2026-09-19T14:38:08-0500",SLV-002,"00:21:13:05:19:3B",V3.6 2026-09-19 (3.6.2) CAL mascara 0003,P36,P36,10,I,azul,0,e,9,"::627",627,0,,DUDOSO,repetida,0,0,3
S021,"2026-09-19T14:38:30-0500",SLV-002,"00:21:13:05:19:3B",V3.6 2026-09-19 (3.6.2) CAL mascara 0003,P36,P36,10,I,azul,0,e,1,"::638",638,0,,DUDOSO,Ok,1,1,1
S021,"2026-09-19T14:38:32-0500",SLV-002,"00:21:13:05:19:3B",V3.6 2026-09-19 (3.6.2) CAL mascara 0003,P36,P36,10,I,azul,0,e,2,"::642",642,0,,DUDOSO,Ok,1,1,1
S021,"2026-09-19T14:38:33-0500",SLV-002,"00:21:13:05:19:3B",V3.6 2026-09-19 (3.6.2) CAL mascara 0003,P36,P36,10,I,azul,0,e,3,"::641",641,0,,DUDOSO,Ok,1,1,1
S021,"2026-09-19T14:38:38-0500",SLV-002,"00:21:13:05:19:3B",V3.6 2026-09-19 (3.6.2) CAL mascara 0003,P36,P36,10,I,azul,0,e,4,"::636",636,0,,DUDOSO,Ok,1,1,2
S021,"2026-09-19T14:38:39-0500",SLV-002,"00:21:13:05:19:3B",V3.6 2026-09-19 (3.6.2) CAL mascara 0003,P36,P36,10,I,azul,0,e,5,"::637",637,0,,DUDOSO,Ok,1,1,2
S021,"2026-09-19T14:38:41-0500",SLV-002,"00:21:13:05:19:3B",V3.6 2026-09-19 (3.6.2) CAL mascara 0003,P36,P36,10,I,azul,0,e,6,"::644",644,0,,DUDOSO,Ok,1,1,2
S021,"2026-09-19T14:38:45-0500",SLV-002,"00:21:13:05:19:3B",V3.6 2026-09-19 (3.6.2) CAL mascara 0003,P36,P36,10,I,azul,0,e,7,"::642",642,0,,DUDOSO,Ok,1,1,3
S021,"2026-09-19T14:38:47-0500",SLV-002,"00:21:13:05:19:3B",V3.6 2026-09-19 (3.6.2) CAL mascara 0003,P36,P36,10,I,azul,0,e,8,"::639",639,0,,DUDOSO,Ok,1,1,3
S021,"2026-09-19T14:38:49-0500",SLV-002,"00:21:13:05:19:3B",V3.6 2026-09-19 (3.6.2) CAL mascara 0003,P36,P36,10,I,azul,0,e,9,"::646",646,0,,DUDOSO,Ok,1,1,3
S022,"2026-09-19T14:39:34-0500",SLV-002,"00:21:13:05:19:3B",V3.6 2026-09-19 (3.6.2) CAL mascara 0003,P40,P40,6,I,verde,0,e,1,"::630",630,0,,OK,,1,1,1
S022,"2026-09-19T14:39:35-0500",SLV-002,"00:21:13:05:19:3B",V3.6 2026-09-19 (3.6.2) CAL mascara 0003,P40,P40,6,I,verde,0,e,2,"::639",639,0,,OK,,1,1,1
S022,"2026-09-19T14:39:37-0500",SLV-002,"00:21:13:05:19:3B",V3.6 2026-09-19 (3.6.2) CAL mascara 0003,P40,P40,6,I,verde,0,e,3,"::641",641,0,,OK,,1,1,1
S022,"2026-09-19T14:39:43-0500",SLV-002,"00:21:13:05:19:3B",V3.6 2026-09-19 (3.6.2) CAL mascara 0003,P40,P40,6,I,verde,0,e,4,"::631",631,0,,OK,,1,1,2
S022,"2026-09-19T14:39:45-0500",SLV-002,"00:21:13:05:19:3B",V3.6 2026-09-19 (3.6.2) CAL mascara 0003,P40,P40,6,I,verde,0,e,5,"::631",631,0,,OK,,1,1,2
S022,"2026-09-19T14:39:46-0500",SLV-002,"00:21:13:05:19:3B",V3.6 2026-09-19 (3.6.2) CAL mascara 0003,P40,P40,6,I,verde,0,e,6,"::632",632,0,,OK,,1,1,2
S022,"2026-09-19T14:39:52-0500",SLV-002,"00:21:13:05:19:3B",V3.6 2026-09-19 (3.6.2) CAL mascara 0003,P40,P40,6,I,verde,0,e,7,"::634",634,0,,OK,,1,1,3
S022,"2026-09-19T14:39:54-0500",SLV-002,"00:21:13:05:19:3B",V3.6 2026-09-19 (3.6.2) CAL mascara 0003,P40,P40,6,I,verde,0,e,8,"::636",636,0,,OK,,1,1,3
S022,"2026-09-19T14:39:56-0500",SLV-002,"00:21:13:05:19:3B",V3.6 2026-09-19 (3.6.2) CAL mascara 0003,P40,P40,6,I,verde,0,e,9,"::619",619,0,,OK,,1,1,3
S023,"2026-09-19T14:40:12-0500",SLV-002,"00:21:13:05:19:3B",V3.6 2026-09-19 (3.6.2) CAL mascara 0003,P41,P41,73,I,naranja,0,e,1,"::911",911,0,,OK,,1,1,1
S023,"2026-09-19T14:40:14-0500",SLV-002,"00:21:13:05:19:3B",V3.6 2026-09-19 (3.6.2) CAL mascara 0003,P41,P41,73,I,naranja,0,e,2,"::896",896,0,,OK,,1,1,1
S023,"2026-09-19T14:40:16-0500",SLV-002,"00:21:13:05:19:3B",V3.6 2026-09-19 (3.6.2) CAL mascara 0003,P41,P41,73,I,naranja,0,e,3,"::906",906,0,,OK,,1,1,1
S023,"2026-09-19T14:40:25-0500",SLV-002,"00:21:13:05:19:3B",V3.6 2026-09-19 (3.6.2) CAL mascara 0003,P41,P41,73,I,naranja,0,e,4,"::908",908,0,,OK,,1,1,2
S023,"2026-09-19T14:40:26-0500",SLV-002,"00:21:13:05:19:3B",V3.6 2026-09-19 (3.6.2) CAL mascara 0003,P41,P41,73,I,naranja,0,e,5,"::904",904,0,,OK,,1,1,2
S023,"2026-09-19T14:40:28-0500",SLV-002,"00:21:13:05:19:3B",V3.6 2026-09-19 (3.6.2) CAL mascara 0003,P41,P41,73,I,naranja,0,e,6,"::907",907,0,,OK,,1,1,2
S023,"2026-09-19T14:40:34-0500",SLV-002,"00:21:13:05:19:3B",V3.6 2026-09-19 (3.6.2) CAL mascara 0003,P41,P41,73,I,naranja,0,e,7,"::914",914,0,,OK,,1,1,3
S023,"2026-09-19T14:40:36-0500",SLV-002,"00:21:13:05:19:3B",V3.6 2026-09-19 (3.6.2) CAL mascara 0003,P41,P41,73,I,naranja,0,e,8,"::910",910,0,,OK,,1,1,3
S023,"2026-09-19T14:40:37-0500",SLV-002,"00:21:13:05:19:3B",V3.6 2026-09-19 (3.6.2) CAL mascara 0003,P41,P41,73,I,naranja,0,e,9,"::911",911,0,,OK,,1,1,3
S024,"2026-09-19T14:41:36-0500",SLV-002,"00:21:13:05:19:3B",V3.6 2026-09-19 (3.6.2) CAL mascara 0003,P42,P42,7,I,azul,0,e,1,"::614",614,0,,OK,,1,1,1
S024,"2026-09-19T14:41:38-0500",SLV-002,"00:21:13:05:19:3B",V3.6 2026-09-19 (3.6.2) CAL mascara 0003,P42,P42,7,I,azul,0,e,2,"::601",601,0,,OK,,1,1,1
S024,"2026-09-19T14:41:39-0500",SLV-002,"00:21:13:05:19:3B",V3.6 2026-09-19 (3.6.2) CAL mascara 0003,P42,P42,7,I,azul,0,e,3,"::621",621,0,,OK,,1,1,1
S024,"2026-09-19T14:41:44-0500",SLV-002,"00:21:13:05:19:3B",V3.6 2026-09-19 (3.6.2) CAL mascara 0003,P42,P42,7,I,azul,0,e,4,"::610",610,0,,OK,,1,1,2
S024,"2026-09-19T14:41:46-0500",SLV-002,"00:21:13:05:19:3B",V3.6 2026-09-19 (3.6.2) CAL mascara 0003,P42,P42,7,I,azul,0,e,5,"::610",610,0,,OK,,1,1,2
S024,"2026-09-19T14:41:47-0500",SLV-002,"00:21:13:05:19:3B",V3.6 2026-09-19 (3.6.2) CAL mascara 0003,P42,P42,7,I,azul,0,e,6,"::619",619,0,,OK,,1,1,2
S024,"2026-09-19T14:41:52-0500",SLV-002,"00:21:13:05:19:3B",V3.6 2026-09-19 (3.6.2) CAL mascara 0003,P42,P42,7,I,azul,0,e,7,"::621",621,0,,OK,,1,1,3
S024,"2026-09-19T14:41:53-0500",SLV-002,"00:21:13:05:19:3B",V3.6 2026-09-19 (3.6.2) CAL mascara 0003,P42,P42,7,I,azul,0,e,8,"::609",609,0,,OK,,1,1,3
S024,"2026-09-19T14:41:55-0500",SLV-002,"00:21:13:05:19:3B",V3.6 2026-09-19 (3.6.2) CAL mascara 0003,P42,P42,7,I,azul,0,e,9,"::624",624,0,,OK,,1,1,3
S025,"2026-09-19T14:42:49-0500",SLV-002,"00:21:13:05:19:3B",V3.6 2026-09-19 (3.6.2) CAL mascara 0003,P45,P45,7,I,verde,0,e,1,"::624",624,0,,OK,,1,1,1
S025,"2026-09-19T14:42:50-0500",SLV-002,"00:21:13:05:19:3B",V3.6 2026-09-19 (3.6.2) CAL mascara 0003,P45,P45,7,I,verde,0,e,2,"::628",628,0,,OK,,1,1,1
S025,"2026-09-19T14:42:52-0500",SLV-002,"00:21:13:05:19:3B",V3.6 2026-09-19 (3.6.2) CAL mascara 0003,P45,P45,7,I,verde,0,e,3,"::613",613,0,,OK,,1,1,1
S025,"2026-09-19T14:42:57-0500",SLV-002,"00:21:13:05:19:3B",V3.6 2026-09-19 (3.6.2) CAL mascara 0003,P45,P45,7,I,verde,0,e,4,"::622",622,0,,OK,,1,1,2
S025,"2026-09-19T14:42:58-0500",SLV-002,"00:21:13:05:19:3B",V3.6 2026-09-19 (3.6.2) CAL mascara 0003,P45,P45,7,I,verde,0,e,5,"::617",617,0,,OK,,1,1,2
S025,"2026-09-19T14:43:00-0500",SLV-002,"00:21:13:05:19:3B",V3.6 2026-09-19 (3.6.2) CAL mascara 0003,P45,P45,7,I,verde,0,e,6,"::614",614,0,,OK,,1,1,2
S025,"2026-09-19T14:43:05-0500",SLV-002,"00:21:13:05:19:3B",V3.6 2026-09-19 (3.6.2) CAL mascara 0003,P45,P45,7,I,verde,0,e,7,"::618",618,0,,OK,,1,1,3
S025,"2026-09-19T14:43:07-0500",SLV-002,"00:21:13:05:19:3B",V3.6 2026-09-19 (3.6.2) CAL mascara 0003,P45,P45,7,I,verde,0,e,8,"::624",624,0,,OK,,1,1,3
S025,"2026-09-19T14:43:08-0500",SLV-002,"00:21:13:05:19:3B",V3.6 2026-09-19 (3.6.2) CAL mascara 0003,P45,P45,7,I,verde,0,e,9,"::614",614,0,,OK,,1,1,3
S026,"2026-09-19T14:43:47-0500",SLV-002,"00:21:13:05:19:3B",V3.6 2026-09-19 (3.6.2) CAL mascara 0003,P46,P46,9,I,azul,0,e,1,"::640",640,0,,DUDOSO,Ok,1,1,1
S026,"2026-09-19T14:43:48-0500",SLV-002,"00:21:13:05:19:3B",V3.6 2026-09-19 (3.6.2) CAL mascara 0003,P46,P46,9,I,azul,0,e,2,"::648",648,0,,DUDOSO,Ok,1,1,1
S026,"2026-09-19T14:43:50-0500",SLV-002,"00:21:13:05:19:3B",V3.6 2026-09-19 (3.6.2) CAL mascara 0003,P46,P46,9,I,azul,0,e,3,"::645",645,0,,DUDOSO,Ok,1,1,1
S026,"2026-09-19T14:43:55-0500",SLV-002,"00:21:13:05:19:3B",V3.6 2026-09-19 (3.6.2) CAL mascara 0003,P46,P46,9,I,azul,0,e,4,"::651",651,0,,DUDOSO,Ok,1,1,2
S026,"2026-09-19T14:43:57-0500",SLV-002,"00:21:13:05:19:3B",V3.6 2026-09-19 (3.6.2) CAL mascara 0003,P46,P46,9,I,azul,0,e,5,"::644",644,0,,DUDOSO,Ok,1,1,2
S026,"2026-09-19T14:43:59-0500",SLV-002,"00:21:13:05:19:3B",V3.6 2026-09-19 (3.6.2) CAL mascara 0003,P46,P46,9,I,azul,0,e,6,"::647",647,0,,DUDOSO,Ok,1,1,2
S026,"2026-09-19T14:44:03-0500",SLV-002,"00:21:13:05:19:3B",V3.6 2026-09-19 (3.6.2) CAL mascara 0003,P46,P46,9,I,azul,0,e,7,"::646",646,0,,DUDOSO,Ok,1,1,3
S026,"2026-09-19T14:44:05-0500",SLV-002,"00:21:13:05:19:3B",V3.6 2026-09-19 (3.6.2) CAL mascara 0003,P46,P46,9,I,azul,0,e,8,"::646",646,0,,DUDOSO,Ok,1,1,3
S026,"2026-09-19T14:44:06-0500",SLV-002,"00:21:13:05:19:3B",V3.6 2026-09-19 (3.6.2) CAL mascara 0003,P46,P46,9,I,azul,0,e,9,"::651",651,0,,DUDOSO,Ok,1,1,3
S027,"2026-09-19T14:44:39-0500",SLV-002,"00:21:13:05:19:3B",V3.6 2026-09-19 (3.6.2) CAL mascara 0003,P47,P47,9,I,azul,0,e,1,"::624",624,0,,DUDOSO,Ok,1,1,1
S027,"2026-09-19T14:44:41-0500",SLV-002,"00:21:13:05:19:3B",V3.6 2026-09-19 (3.6.2) CAL mascara 0003,P47,P47,9,I,azul,0,e,2,"::619",619,0,,DUDOSO,Ok,1,1,1
S027,"2026-09-19T14:44:43-0500",SLV-002,"00:21:13:05:19:3B",V3.6 2026-09-19 (3.6.2) CAL mascara 0003,P47,P47,9,I,azul,0,e,3,"::619",619,0,,DUDOSO,Ok,1,1,1
S027,"2026-09-19T14:44:47-0500",SLV-002,"00:21:13:05:19:3B",V3.6 2026-09-19 (3.6.2) CAL mascara 0003,P47,P47,9,I,azul,0,e,4,"::614",614,0,,DUDOSO,Ok,1,1,2
S027,"2026-09-19T14:44:49-0500",SLV-002,"00:21:13:05:19:3B",V3.6 2026-09-19 (3.6.2) CAL mascara 0003,P47,P47,9,I,azul,0,e,5,"::614",614,0,,DUDOSO,Ok,1,1,2
S027,"2026-09-19T14:44:51-0500",SLV-002,"00:21:13:05:19:3B",V3.6 2026-09-19 (3.6.2) CAL mascara 0003,P47,P47,9,I,azul,0,e,6,"::621",621,0,,DUDOSO,Ok,1,1,2
S027,"2026-09-19T14:44:55-0500",SLV-002,"00:21:13:05:19:3B",V3.6 2026-09-19 (3.6.2) CAL mascara 0003,P47,P47,9,I,azul,0,e,7,"::598",598,0,,DUDOSO,Ok,1,1,3
S027,"2026-09-19T14:44:57-0500",SLV-002,"00:21:13:05:19:3B",V3.6 2026-09-19 (3.6.2) CAL mascara 0003,P47,P47,9,I,azul,0,e,8,"::612",612,0,,DUDOSO,Ok,1,1,3
S027,"2026-09-19T14:44:58-0500",SLV-002,"00:21:13:05:19:3B",V3.6 2026-09-19 (3.6.2) CAL mascara 0003,P47,P47,9,I,azul,0,e,9,"::611",611,0,,DUDOSO,Ok,1,1,3
S028,"2026-09-19T14:45:19-0500",SLV-002,"00:21:13:05:19:3B",V3.6 2026-09-19 (3.6.2) CAL mascara 0003,OSCURO,OSCURO,0,-,oscuro,0,e,1,"::568",568,0,,OK,,1,0,1
S028,"2026-09-19T14:45:21-0500",SLV-002,"00:21:13:05:19:3B",V3.6 2026-09-19 (3.6.2) CAL mascara 0003,OSCURO,OSCURO,0,-,oscuro,0,e,2,"::566",566,0,,OK,,1,0,1
S028,"2026-09-19T14:45:22-0500",SLV-002,"00:21:13:05:19:3B",V3.6 2026-09-19 (3.6.2) CAL mascara 0003,OSCURO,OSCURO,0,-,oscuro,0,e,3,"::561",561,0,,OK,,1,0,1
S028,"2026-09-19T14:45:24-0500",SLV-002,"00:21:13:05:19:3B",V3.6 2026-09-19 (3.6.2) CAL mascara 0003,OSCURO,OSCURO,0,-,oscuro,0,e,4,"::572",572,0,,OK,,1,0,1
S028,"2026-09-19T14:45:26-0500",SLV-002,"00:21:13:05:19:3B",V3.6 2026-09-19 (3.6.2) CAL mascara 0003,OSCURO,OSCURO,0,-,oscuro,0,e,5,"::567",567,0,,OK,,1,0,1
S028,"2026-09-19T14:45:27-0500",SLV-002,"00:21:13:05:19:3B",V3.6 2026-09-19 (3.6.2) CAL mascara 0003,OSCURO,OSCURO,0,-,oscuro,0,e,6,"::580",580,0,,OK,,1,0,1
S028,"2026-09-19T14:45:29-0500",SLV-002,"00:21:13:05:19:3B",V3.6 2026-09-19 (3.6.2) CAL mascara 0003,OSCURO,OSCURO,0,-,oscuro,0,e,7,"::571",571,0,,OK,,1,0,1
S028,"2026-09-19T14:45:30-0500",SLV-002,"00:21:13:05:19:3B",V3.6 2026-09-19 (3.6.2) CAL mascara 0003,OSCURO,OSCURO,0,-,oscuro,0,e,8,"::572",572,0,,OK,,1,0,1
S028,"2026-09-19T14:45:32-0500",SLV-002,"00:21:13:05:19:3B",V3.6 2026-09-19 (3.6.2) CAL mascara 0003,OSCURO,OSCURO,0,-,oscuro,0,e,9,"::562",562,0,,OK,,1,0,1
S028,"2026-09-19T14:45:38-0500",SLV-002,"00:21:13:05:19:3B",V3.6 2026-09-19 (3.6.2) CAL mascara 0003,OSCURO,OSCURO,0,-,oscuro,0,e,10,"::574",574,0,,OK,,1,0,2
S028,"2026-09-19T14:45:39-0500",SLV-002,"00:21:13:05:19:3B",V3.6 2026-09-19 (3.6.2) CAL mascara 0003,OSCURO,OSCURO,0,-,oscuro,0,e,11,"::578",578,0,,OK,,1,0,2
S028,"2026-09-19T14:45:41-0500",SLV-002,"00:21:13:05:19:3B",V3.6 2026-09-19 (3.6.2) CAL mascara 0003,OSCURO,OSCURO,0,-,oscuro,0,e,12,"::571",571,0,,OK,,1,0,2
S028,"2026-09-19T14:45:42-0500",SLV-002,"00:21:13:05:19:3B",V3.6 2026-09-19 (3.6.2) CAL mascara 0003,OSCURO,OSCURO,0,-,oscuro,0,e,13,"::565",565,0,,OK,,1,0,2
S028,"2026-09-19T14:45:44-0500",SLV-002,"00:21:13:05:19:3B",V3.6 2026-09-19 (3.6.2) CAL mascara 0003,OSCURO,OSCURO,0,-,oscuro,0,e,14,"::575",575,0,,OK,,1,0,2
S028,"2026-09-19T14:45:46-0500",SLV-002,"00:21:13:05:19:3B",V3.6 2026-09-19 (3.6.2) CAL mascara 0003,OSCURO,OSCURO,0,-,oscuro,0,e,15,"::567",567,0,,OK,,1,0,2
S028,"2026-09-19T14:45:47-0500",SLV-002,"00:21:13:05:19:3B",V3.6 2026-09-19 (3.6.2) CAL mascara 0003,OSCURO,OSCURO,0,-,oscuro,0,e,16,"::571",571,0,,OK,,1,0,2
S028,"2026-09-19T14:45:49-0500",SLV-002,"00:21:13:05:19:3B",V3.6 2026-09-19 (3.6.2) CAL mascara 0003,OSCURO,OSCURO,0,-,oscuro,0,e,17,"::566",566,0,,OK,,1,0,2
S028,"2026-09-19T14:45:50-0500",SLV-002,"00:21:13:05:19:3B",V3.6 2026-09-19 (3.6.2) CAL mascara 0003,OSCURO,OSCURO,0,-,oscuro,0,e,18,"::568",568,0,,OK,,1,0,2
S028,"2026-09-19T14:45:58-0500",SLV-002,"00:21:13:05:19:3B",V3.6 2026-09-19 (3.6.2) CAL mascara 0003,OSCURO,OSCURO,0,-,oscuro,0,e,19,"::565",565,0,,OK,,1,0,3
S028,"2026-09-19T14:46:00-0500",SLV-002,"00:21:13:05:19:3B",V3.6 2026-09-19 (3.6.2) CAL mascara 0003,OSCURO,OSCURO,0,-,oscuro,0,e,20,"::570",570,0,,OK,,1,0,3
S028,"2026-09-19T14:46:01-0500",SLV-002,"00:21:13:05:19:3B",V3.6 2026-09-19 (3.6.2) CAL mascara 0003,OSCURO,OSCURO,0,-,oscuro,0,e,21,"::566",566,0,,OK,,1,0,3
S028,"2026-09-19T14:46:03-0500",SLV-002,"00:21:13:05:19:3B",V3.6 2026-09-19 (3.6.2) CAL mascara 0003,OSCURO,OSCURO,0,-,oscuro,0,e,22,"::575",575,0,,OK,,1,0,3
S028,"2026-09-19T14:46:05-0500",SLV-002,"00:21:13:05:19:3B",V3.6 2026-09-19 (3.6.2) CAL mascara 0003,OSCURO,OSCURO,0,-,oscuro,0,e,23,"::568",568,0,,OK,,1,0,3
S028,"2026-09-19T14:46:06-0500",SLV-002,"00:21:13:05:19:3B",V3.6 2026-09-19 (3.6.2) CAL mascara 0003,OSCURO,OSCURO,0,-,oscuro,0,e,24,"::569",569,0,,OK,,1,0,3
S028,"2026-09-19T14:46:08-0500",SLV-002,"00:21:13:05:19:3B",V3.6 2026-09-19 (3.6.2) CAL mascara 0003,OSCURO,OSCURO,0,-,oscuro,0,e,25,"::575",575,0,,OK,,1,0,3
S028,"2026-09-19T14:46:09-0500",SLV-002,"00:21:13:05:19:3B",V3.6 2026-09-19 (3.6.2) CAL mascara 0003,OSCURO,OSCURO,0,-,oscuro,0,e,26,"::578",578,0,,OK,,1,0,3
S028,"2026-09-19T14:46:11-0500",SLV-002,"00:21:13:05:19:3B",V3.6 2026-09-19 (3.6.2) CAL mascara 0003,OSCURO,OSCURO,0,-,oscuro,0,e,27,"::573",573,0,,OK,,1,0,3
S028,"2026-09-19T14:46:21-0500",SLV-002,"00:21:13:05:19:3B",V3.6 2026-09-19 (3.6.2) CAL mascara 0003,OSCURO,OSCURO,0,-,oscuro,0,e,28,"::574",574,0,,OK,,1,0,4
S028,"2026-09-19T14:46:23-0500",SLV-002,"00:21:13:05:19:3B",V3.6 2026-09-19 (3.6.2) CAL mascara 0003,OSCURO,OSCURO,0,-,oscuro,0,e,29,"::577",577,0,,OK,,1,0,4
S028,"2026-09-19T14:46:24-0500",SLV-002,"00:21:13:05:19:3B",V3.6 2026-09-19 (3.6.2) CAL mascara 0003,OSCURO,OSCURO,0,-,oscuro,0,e,30,"::565",565,0,,OK,,1,0,4
S028,"2026-09-19T14:46:26-0500",SLV-002,"00:21:13:05:19:3B",V3.6 2026-09-19 (3.6.2) CAL mascara 0003,OSCURO,OSCURO,0,-,oscuro,0,e,31,"::563",563,0,,OK,,1,0,4
S028,"2026-09-19T14:46:28-0500",SLV-002,"00:21:13:05:19:3B",V3.6 2026-09-19 (3.6.2) CAL mascara 0003,OSCURO,OSCURO,0,-,oscuro,0,e,32,"::563",563,0,,OK,,1,0,4
S028,"2026-09-19T14:46:29-0500",SLV-002,"00:21:13:05:19:3B",V3.6 2026-09-19 (3.6.2) CAL mascara 0003,OSCURO,OSCURO,0,-,oscuro,0,e,33,"::564",564,0,,OK,,1,0,4
S028,"2026-09-19T14:46:31-0500",SLV-002,"00:21:13:05:19:3B",V3.6 2026-09-19 (3.6.2) CAL mascara 0003,OSCURO,OSCURO,0,-,oscuro,0,e,34,"::564",564,0,,OK,,1,0,4
S028,"2026-09-19T14:46:33-0500",SLV-002,"00:21:13:05:19:3B",V3.6 2026-09-19 (3.6.2) CAL mascara 0003,OSCURO,OSCURO,0,-,oscuro,0,e,35,"::564",564,0,,OK,,1,0,4
S028,"2026-09-19T14:46:34-0500",SLV-002,"00:21:13:05:19:3B",V3.6 2026-09-19 (3.6.2) CAL mascara 0003,OSCURO,OSCURO,0,-,oscuro,0,e,36,"::573",573,0,,OK,,1,0,4
S028,"2026-09-19T14:46:46-0500",SLV-002,"00:21:13:05:19:3B",V3.6 2026-09-19 (3.6.2) CAL mascara 0003,OSCURO,OSCURO,0,-,oscuro,0,e,37,"::563",563,0,,OK,,1,0,5
S028,"2026-09-19T14:46:48-0500",SLV-002,"00:21:13:05:19:3B",V3.6 2026-09-19 (3.6.2) CAL mascara 0003,OSCURO,OSCURO,0,-,oscuro,0,e,38,"::564",564,0,,OK,,1,0,5
S028,"2026-09-19T14:46:49-0500",SLV-002,"00:21:13:05:19:3B",V3.6 2026-09-19 (3.6.2) CAL mascara 0003,OSCURO,OSCURO,0,-,oscuro,0,e,39,"::578",578,0,,OK,,1,0,5
S028,"2026-09-19T14:46:51-0500",SLV-002,"00:21:13:05:19:3B",V3.6 2026-09-19 (3.6.2) CAL mascara 0003,OSCURO,OSCURO,0,-,oscuro,0,e,40,"::568",568,0,,OK,,1,0,5
S028,"2026-09-19T14:46:53-0500",SLV-002,"00:21:13:05:19:3B",V3.6 2026-09-19 (3.6.2) CAL mascara 0003,OSCURO,OSCURO,0,-,oscuro,0,e,41,"::567",567,0,,OK,,1,0,5
S028,"2026-09-19T14:46:54-0500",SLV-002,"00:21:13:05:19:3B",V3.6 2026-09-19 (3.6.2) CAL mascara 0003,OSCURO,OSCURO,0,-,oscuro,0,e,42,"::573",573,0,,OK,,1,0,5
S028,"2026-09-19T14:46:56-0500",SLV-002,"00:21:13:05:19:3B",V3.6 2026-09-19 (3.6.2) CAL mascara 0003,OSCURO,OSCURO,0,-,oscuro,0,e,43,"::567",567,0,,OK,,1,0,5
S028,"2026-09-19T14:46:57-0500",SLV-002,"00:21:13:05:19:3B",V3.6 2026-09-19 (3.6.2) CAL mascara 0003,OSCURO,OSCURO,0,-,oscuro,0,e,44,"::571",571,0,,OK,,1,0,5
S028,"2026-09-19T14:46:59-0500",SLV-002,"00:21:13:05:19:3B",V3.6 2026-09-19 (3.6.2) CAL mascara 0003,OSCURO,OSCURO,0,-,oscuro,0,e,45,"::576",576,0,,OK,,1,0,5
S029,"2026-09-19T14:47:36-0500",SLV-002,"00:21:13:05:19:3B",V3.6 2026-09-19 (3.6.2) CAL mascara 0003,P48,P48,9,I,azul,0,e,1,"::612",612,0,,DUDOSO,Ok,1,1,1
S029,"2026-09-19T14:47:38-0500",SLV-002,"00:21:13:05:19:3B",V3.6 2026-09-19 (3.6.2) CAL mascara 0003,P48,P48,9,I,azul,0,e,2,"::617",617,0,,DUDOSO,Ok,1,1,1
S029,"2026-09-19T14:47:39-0500",SLV-002,"00:21:13:05:19:3B",V3.6 2026-09-19 (3.6.2) CAL mascara 0003,P48,P48,9,I,azul,0,e,3,"::618",618,0,,DUDOSO,Ok,1,1,1
S029,"2026-09-19T14:47:41-0500",SLV-002,"00:21:13:05:19:3B",V3.6 2026-09-19 (3.6.2) CAL mascara 0003,P48,P48,9,I,azul,0,e,4,"::620",620,0,,DUDOSO,Ok,1,1,1
S029,"2026-09-19T14:47:43-0500",SLV-002,"00:21:13:05:19:3B",V3.6 2026-09-19 (3.6.2) CAL mascara 0003,P48,P48,9,I,azul,0,e,5,"::624",624,0,,DUDOSO,Ok,1,1,1
S029,"2026-09-19T14:47:44-0500",SLV-002,"00:21:13:05:19:3B",V3.6 2026-09-19 (3.6.2) CAL mascara 0003,P48,P48,9,I,azul,0,e,6,"::621",621,0,,DUDOSO,Ok,1,1,1
S029,"2026-09-19T14:47:46-0500",SLV-002,"00:21:13:05:19:3B",V3.6 2026-09-19 (3.6.2) CAL mascara 0003,P48,P48,9,I,azul,0,e,7,"::617",617,0,,DUDOSO,Ok,1,1,1
S029,"2026-09-19T14:47:47-0500",SLV-002,"00:21:13:05:19:3B",V3.6 2026-09-19 (3.6.2) CAL mascara 0003,P48,P48,9,I,azul,0,e,8,"::623",623,0,,DUDOSO,Ok,1,1,1
S029,"2026-09-19T14:47:49-0500",SLV-002,"00:21:13:05:19:3B",V3.6 2026-09-19 (3.6.2) CAL mascara 0003,P48,P48,9,I,azul,0,e,9,"::616",616,0,,DUDOSO,Ok,1,1,1
S029,"2026-09-19T14:47:54-0500",SLV-002,"00:21:13:05:19:3B",V3.6 2026-09-19 (3.6.2) CAL mascara 0003,P48,P48,9,I,azul,0,e,10,"::617",617,0,,DUDOSO,Ok,1,1,2
S029,"2026-09-19T14:47:56-0500",SLV-002,"00:21:13:05:19:3B",V3.6 2026-09-19 (3.6.2) CAL mascara 0003,P48,P48,9,I,azul,0,e,11,"::616",616,0,,DUDOSO,Ok,1,1,2
S029,"2026-09-19T14:47:58-0500",SLV-002,"00:21:13:05:19:3B",V3.6 2026-09-19 (3.6.2) CAL mascara 0003,P48,P48,9,I,azul,0,e,12,"::618",618,0,,DUDOSO,Ok,1,1,2
S029,"2026-09-19T14:47:59-0500",SLV-002,"00:21:13:05:19:3B",V3.6 2026-09-19 (3.6.2) CAL mascara 0003,P48,P48,9,I,azul,0,e,13,"::622",622,0,,DUDOSO,Ok,1,1,2
S029,"2026-09-19T14:48:01-0500",SLV-002,"00:21:13:05:19:3B",V3.6 2026-09-19 (3.6.2) CAL mascara 0003,P48,P48,9,I,azul,0,e,14,"::622",622,0,,DUDOSO,Ok,1,1,2
S029,"2026-09-19T14:48:02-0500",SLV-002,"00:21:13:05:19:3B",V3.6 2026-09-19 (3.6.2) CAL mascara 0003,P48,P48,9,I,azul,0,e,15,"::620",620,0,,DUDOSO,Ok,1,1,2
S029,"2026-09-19T14:48:04-0500",SLV-002,"00:21:13:05:19:3B",V3.6 2026-09-19 (3.6.2) CAL mascara 0003,P48,P48,9,I,azul,0,e,16,"::620",620,0,,DUDOSO,Ok,1,1,2
S029,"2026-09-19T14:48:06-0500",SLV-002,"00:21:13:05:19:3B",V3.6 2026-09-19 (3.6.2) CAL mascara 0003,P48,P48,9,I,azul,0,e,17,"::618",618,0,,DUDOSO,Ok,1,1,2
S029,"2026-09-19T14:48:07-0500",SLV-002,"00:21:13:05:19:3B",V3.6 2026-09-19 (3.6.2) CAL mascara 0003,P48,P48,9,I,azul,0,e,18,"::613",613,0,,DUDOSO,Ok,1,1,2
S029,"2026-09-19T14:48:12-0500",SLV-002,"00:21:13:05:19:3B",V3.6 2026-09-19 (3.6.2) CAL mascara 0003,P48,P48,9,I,azul,0,e,19,"::608",608,0,,DUDOSO,Ok,1,1,3
S029,"2026-09-19T14:48:13-0500",SLV-002,"00:21:13:05:19:3B",V3.6 2026-09-19 (3.6.2) CAL mascara 0003,P48,P48,9,I,azul,0,e,20,"::614",614,0,,DUDOSO,Ok,1,1,3
S029,"2026-09-19T14:48:15-0500",SLV-002,"00:21:13:05:19:3B",V3.6 2026-09-19 (3.6.2) CAL mascara 0003,P48,P48,9,I,azul,0,e,21,"::631",631,0,,DUDOSO,Ok,1,1,3
S029,"2026-09-19T14:48:17-0500",SLV-002,"00:21:13:05:19:3B",V3.6 2026-09-19 (3.6.2) CAL mascara 0003,P48,P48,9,I,azul,0,e,22,"::618",618,0,,DUDOSO,Ok,1,1,3
S029,"2026-09-19T14:48:18-0500",SLV-002,"00:21:13:05:19:3B",V3.6 2026-09-19 (3.6.2) CAL mascara 0003,P48,P48,9,I,azul,0,e,23,"::624",624,0,,DUDOSO,Ok,1,1,3
S029,"2026-09-19T14:48:20-0500",SLV-002,"00:21:13:05:19:3B",V3.6 2026-09-19 (3.6.2) CAL mascara 0003,P48,P48,9,I,azul,0,e,24,"::610",610,0,,DUDOSO,Ok,1,1,3
S029,"2026-09-19T14:48:22-0500",SLV-002,"00:21:13:05:19:3B",V3.6 2026-09-19 (3.6.2) CAL mascara 0003,P48,P48,9,I,azul,0,e,25,"::619",619,0,,DUDOSO,Ok,1,1,3
S029,"2026-09-19T14:48:23-0500",SLV-002,"00:21:13:05:19:3B",V3.6 2026-09-19 (3.6.2) CAL mascara 0003,P48,P48,9,I,azul,0,e,26,"::621",621,0,,DUDOSO,Ok,1,1,3
S029,"2026-09-19T14:48:25-0500",SLV-002,"00:21:13:05:19:3B",V3.6 2026-09-19 (3.6.2) CAL mascara 0003,P48,P48,9,I,azul,0,e,27,"::629",629,0,,DUDOSO,Ok,1,1,3
S029,"2026-09-19T14:48:30-0500",SLV-002,"00:21:13:05:19:3B",V3.6 2026-09-19 (3.6.2) CAL mascara 0003,P48,P48,9,I,azul,0,e,28,"::623",623,0,,DUDOSO,Ok,1,1,4
S029,"2026-09-19T14:48:32-0500",SLV-002,"00:21:13:05:19:3B",V3.6 2026-09-19 (3.6.2) CAL mascara 0003,P48,P48,9,I,azul,0,e,29,"::616",616,0,,DUDOSO,Ok,1,1,4
S029,"2026-09-19T14:48:33-0500",SLV-002,"00:21:13:05:19:3B",V3.6 2026-09-19 (3.6.2) CAL mascara 0003,P48,P48,9,I,azul,0,e,30,"::614",614,0,,DUDOSO,Ok,1,1,4
S029,"2026-09-19T14:48:35-0500",SLV-002,"00:21:13:05:19:3B",V3.6 2026-09-19 (3.6.2) CAL mascara 0003,P48,P48,9,I,azul,0,e,31,"::613",613,0,,DUDOSO,Ok,1,1,4
S029,"2026-09-19T14:48:37-0500",SLV-002,"00:21:13:05:19:3B",V3.6 2026-09-19 (3.6.2) CAL mascara 0003,P48,P48,9,I,azul,0,e,32,"::613",613,0,,DUDOSO,Ok,1,1,4
S029,"2026-09-19T14:48:38-0500",SLV-002,"00:21:13:05:19:3B",V3.6 2026-09-19 (3.6.2) CAL mascara 0003,P48,P48,9,I,azul,0,e,33,"::616",616,0,,DUDOSO,Ok,1,1,4
S029,"2026-09-19T14:48:40-0500",SLV-002,"00:21:13:05:19:3B",V3.6 2026-09-19 (3.6.2) CAL mascara 0003,P48,P48,9,I,azul,0,e,34,"::622",622,0,,DUDOSO,Ok,1,1,4
S029,"2026-09-19T14:48:41-0500",SLV-002,"00:21:13:05:19:3B",V3.6 2026-09-19 (3.6.2) CAL mascara 0003,P48,P48,9,I,azul,0,e,35,"::625",625,0,,DUDOSO,Ok,1,1,4
S029,"2026-09-19T14:48:43-0500",SLV-002,"00:21:13:05:19:3B",V3.6 2026-09-19 (3.6.2) CAL mascara 0003,P48,P48,9,I,azul,0,e,36,"::622",622,0,,DUDOSO,Ok,1,1,4
S029,"2026-09-19T14:48:48-0500",SLV-002,"00:21:13:05:19:3B",V3.6 2026-09-19 (3.6.2) CAL mascara 0003,P48,P48,9,I,azul,0,e,37,"::618",618,0,,DUDOSO,Ok,1,1,5
S029,"2026-09-19T14:48:50-0500",SLV-002,"00:21:13:05:19:3B",V3.6 2026-09-19 (3.6.2) CAL mascara 0003,P48,P48,9,I,azul,0,e,38,"::624",624,0,,DUDOSO,Ok,1,1,5
S029,"2026-09-19T14:48:51-0500",SLV-002,"00:21:13:05:19:3B",V3.6 2026-09-19 (3.6.2) CAL mascara 0003,P48,P48,9,I,azul,0,e,39,"::615",615,0,,DUDOSO,Ok,1,1,5
S029,"2026-09-19T14:48:53-0500",SLV-002,"00:21:13:05:19:3B",V3.6 2026-09-19 (3.6.2) CAL mascara 0003,P48,P48,9,I,azul,0,e,40,"::612",612,0,,DUDOSO,Ok,1,1,5
S029,"2026-09-19T14:48:55-0500",SLV-002,"00:21:13:05:19:3B",V3.6 2026-09-19 (3.6.2) CAL mascara 0003,P48,P48,9,I,azul,0,e,41,"::613",613,0,,DUDOSO,Ok,1,1,5
S029,"2026-09-19T14:48:56-0500",SLV-002,"00:21:13:05:19:3B",V3.6 2026-09-19 (3.6.2) CAL mascara 0003,P48,P48,9,I,azul,0,e,42,"::618",618,0,,DUDOSO,Ok,1,1,5
S029,"2026-09-19T14:48:58-0500",SLV-002,"00:21:13:05:19:3B",V3.6 2026-09-19 (3.6.2) CAL mascara 0003,P48,P48,9,I,azul,0,e,43,"::623",623,0,,DUDOSO,Ok,1,1,5
S029,"2026-09-19T14:48:59-0500",SLV-002,"00:21:13:05:19:3B",V3.6 2026-09-19 (3.6.2) CAL mascara 0003,P48,P48,9,I,azul,0,e,44,"::619",619,0,,DUDOSO,Ok,1,1,5
S029,"2026-09-19T14:49:01-0500",SLV-002,"00:21:13:05:19:3B",V3.6 2026-09-19 (3.6.2) CAL mascara 0003,P48,P48,9,I,azul,0,e,45,"::617",617,0,,DUDOSO,Ok,1,1,5
S030,"2026-09-19T14:49:34-0500",SLV-002,"00:21:13:05:19:3B",V3.6 2026-09-19 (3.6.2) CAL mascara 0003,P50,P50,71,I,naranja,0,e,1,"::894",894,0,,DUDOSO,repetida,0,0,1
S030,"2026-09-19T14:49:36-0500",SLV-002,"00:21:13:05:19:3B",V3.6 2026-09-19 (3.6.2) CAL mascara 0003,P50,P50,71,I,naranja,0,e,2,"::890",890,0,,DUDOSO,repetida,0,0,1
S030,"2026-09-19T14:49:37-0500",SLV-002,"00:21:13:05:19:3B",V3.6 2026-09-19 (3.6.2) CAL mascara 0003,P50,P50,71,I,naranja,0,e,3,"::903",903,0,,DUDOSO,repetida,0,0,1
S030,"2026-09-19T14:49:39-0500",SLV-002,"00:21:13:05:19:3B",V3.6 2026-09-19 (3.6.2) CAL mascara 0003,P50,P50,71,I,naranja,0,e,4,"::903",903,0,,DUDOSO,repetida,0,0,1
S030,"2026-09-19T14:49:41-0500",SLV-002,"00:21:13:05:19:3B",V3.6 2026-09-19 (3.6.2) CAL mascara 0003,P50,P50,71,I,naranja,0,e,5,"::891",891,0,,DUDOSO,repetida,0,0,1
S030,"2026-09-19T14:49:42-0500",SLV-002,"00:21:13:05:19:3B",V3.6 2026-09-19 (3.6.2) CAL mascara 0003,P50,P50,71,I,naranja,0,e,6,"::896",896,0,,DUDOSO,repetida,0,0,1
S030,"2026-09-19T14:49:44-0500",SLV-002,"00:21:13:05:19:3B",V3.6 2026-09-19 (3.6.2) CAL mascara 0003,P50,P50,71,I,naranja,0,e,7,"::897",897,0,,DUDOSO,repetida,0,0,1
S030,"2026-09-19T14:49:45-0500",SLV-002,"00:21:13:05:19:3B",V3.6 2026-09-19 (3.6.2) CAL mascara 0003,P50,P50,71,I,naranja,0,e,8,"::895",895,0,,DUDOSO,repetida,0,0,1
S030,"2026-09-19T14:49:47-0500",SLV-002,"00:21:13:05:19:3B",V3.6 2026-09-19 (3.6.2) CAL mascara 0003,P50,P50,71,I,naranja,0,e,9,"::898",898,0,,DUDOSO,repetida,0,0,1
S030,"2026-09-19T14:49:52-0500",SLV-002,"00:21:13:05:19:3B",V3.6 2026-09-19 (3.6.2) CAL mascara 0003,P50,P50,71,I,naranja,0,e,10,"::902",902,0,,DUDOSO,repetida,0,0,2
S030,"2026-09-19T14:49:54-0500",SLV-002,"00:21:13:05:19:3B",V3.6 2026-09-19 (3.6.2) CAL mascara 0003,P50,P50,71,I,naranja,0,e,11,"::899",899,0,,DUDOSO,repetida,0,0,2
S030,"2026-09-19T14:49:55-0500",SLV-002,"00:21:13:05:19:3B",V3.6 2026-09-19 (3.6.2) CAL mascara 0003,P50,P50,71,I,naranja,0,e,12,"::895",895,0,,DUDOSO,repetida,0,0,2
S030,"2026-09-19T14:49:57-0500",SLV-002,"00:21:13:05:19:3B",V3.6 2026-09-19 (3.6.2) CAL mascara 0003,P50,P50,71,I,naranja,0,e,13,"::894",894,0,,DUDOSO,repetida,0,0,2
S030,"2026-09-19T14:49:59-0500",SLV-002,"00:21:13:05:19:3B",V3.6 2026-09-19 (3.6.2) CAL mascara 0003,P50,P50,71,I,naranja,0,e,14,"::902",902,0,,DUDOSO,repetida,0,0,2
S030,"2026-09-19T14:50:00-0500",SLV-002,"00:21:13:05:19:3B",V3.6 2026-09-19 (3.6.2) CAL mascara 0003,P50,P50,71,I,naranja,0,e,15,"::907",907,0,,DUDOSO,repetida,0,0,2
S030,"2026-09-19T14:50:02-0500",SLV-002,"00:21:13:05:19:3B",V3.6 2026-09-19 (3.6.2) CAL mascara 0003,P50,P50,71,I,naranja,0,e,16,"::896",896,0,,DUDOSO,repetida,0,0,2
S030,"2026-09-19T14:50:03-0500",SLV-002,"00:21:13:05:19:3B",V3.6 2026-09-19 (3.6.2) CAL mascara 0003,P50,P50,71,I,naranja,0,e,17,"::903",903,0,,DUDOSO,repetida,0,0,2
S030,"2026-09-19T14:50:05-0500",SLV-002,"00:21:13:05:19:3B",V3.6 2026-09-19 (3.6.2) CAL mascara 0003,P50,P50,71,I,naranja,0,e,18,"::905",905,0,,DUDOSO,repetida,0,0,2
S030,"2026-09-19T14:50:11-0500",SLV-002,"00:21:13:05:19:3B",V3.6 2026-09-19 (3.6.2) CAL mascara 0003,P50,P50,71,I,naranja,0,e,19,"::899",899,0,,DUDOSO,repetida,0,0,3
S030,"2026-09-19T14:50:13-0500",SLV-002,"00:21:13:05:19:3B",V3.6 2026-09-19 (3.6.2) CAL mascara 0003,P50,P50,71,I,naranja,0,e,20,"::903",903,0,,DUDOSO,repetida,0,0,3
S030,"2026-09-19T14:50:14-0500",SLV-002,"00:21:13:05:19:3B",V3.6 2026-09-19 (3.6.2) CAL mascara 0003,P50,P50,71,I,naranja,0,e,21,"::906",906,0,,DUDOSO,repetida,0,0,3
S030,"2026-09-19T14:50:16-0500",SLV-002,"00:21:13:05:19:3B",V3.6 2026-09-19 (3.6.2) CAL mascara 0003,P50,P50,71,I,naranja,0,e,22,"::889",889,0,,DUDOSO,repetida,0,0,3
S030,"2026-09-19T14:50:17-0500",SLV-002,"00:21:13:05:19:3B",V3.6 2026-09-19 (3.6.2) CAL mascara 0003,P50,P50,71,I,naranja,0,e,23,"::907",907,0,,DUDOSO,repetida,0,0,3
S030,"2026-09-19T14:50:19-0500",SLV-002,"00:21:13:05:19:3B",V3.6 2026-09-19 (3.6.2) CAL mascara 0003,P50,P50,71,I,naranja,0,e,24,"::902",902,0,,DUDOSO,repetida,0,0,3
S030,"2026-09-19T14:50:21-0500",SLV-002,"00:21:13:05:19:3B",V3.6 2026-09-19 (3.6.2) CAL mascara 0003,P50,P50,71,I,naranja,0,e,25,"::899",899,0,,DUDOSO,repetida,0,0,3
S030,"2026-09-19T14:50:22-0500",SLV-002,"00:21:13:05:19:3B",V3.6 2026-09-19 (3.6.2) CAL mascara 0003,P50,P50,71,I,naranja,0,e,26,"::907",907,0,,DUDOSO,repetida,0,0,3
S030,"2026-09-19T14:50:24-0500",SLV-002,"00:21:13:05:19:3B",V3.6 2026-09-19 (3.6.2) CAL mascara 0003,P50,P50,71,I,naranja,0,e,27,"::894",894,0,,DUDOSO,repetida,0,0,3
S030,"2026-09-19T14:50:30-0500",SLV-002,"00:21:13:05:19:3B",V3.6 2026-09-19 (3.6.2) CAL mascara 0003,P50,P50,71,I,naranja,0,e,28,"::897",897,0,,DUDOSO,repetida,0,0,4
S030,"2026-09-19T14:50:32-0500",SLV-002,"00:21:13:05:19:3B",V3.6 2026-09-19 (3.6.2) CAL mascara 0003,P50,P50,71,I,naranja,0,e,29,"::899",899,0,,DUDOSO,repetida,0,0,4
S030,"2026-09-19T14:50:33-0500",SLV-002,"00:21:13:05:19:3B",V3.6 2026-09-19 (3.6.2) CAL mascara 0003,P50,P50,71,I,naranja,0,e,30,"::894",894,0,,DUDOSO,repetida,0,0,4
S030,"2026-09-19T14:50:35-0500",SLV-002,"00:21:13:05:19:3B",V3.6 2026-09-19 (3.6.2) CAL mascara 0003,P50,P50,71,I,naranja,0,e,31,"::907",907,0,,DUDOSO,repetida,0,0,4
S030,"2026-09-19T14:50:36-0500",SLV-002,"00:21:13:05:19:3B",V3.6 2026-09-19 (3.6.2) CAL mascara 0003,P50,P50,71,I,naranja,0,e,32,"::906",906,0,,DUDOSO,repetida,0,0,4
S030,"2026-09-19T14:50:38-0500",SLV-002,"00:21:13:05:19:3B",V3.6 2026-09-19 (3.6.2) CAL mascara 0003,P50,P50,71,I,naranja,0,e,33,"::897",897,0,,DUDOSO,repetida,0,0,4
S030,"2026-09-19T14:50:40-0500",SLV-002,"00:21:13:05:19:3B",V3.6 2026-09-19 (3.6.2) CAL mascara 0003,P50,P50,71,I,naranja,0,e,34,"::897",897,0,,DUDOSO,repetida,0,0,4
S030,"2026-09-19T14:50:41-0500",SLV-002,"00:21:13:05:19:3B",V3.6 2026-09-19 (3.6.2) CAL mascara 0003,P50,P50,71,I,naranja,0,e,35,"::898",898,0,,DUDOSO,repetida,0,0,4
S030,"2026-09-19T14:50:43-0500",SLV-002,"00:21:13:05:19:3B",V3.6 2026-09-19 (3.6.2) CAL mascara 0003,P50,P50,71,I,naranja,0,e,36,"::902",902,0,,DUDOSO,repetida,0,0,4
S030,"2026-09-19T14:50:55-0500",SLV-002,"00:21:13:05:19:3B",V3.6 2026-09-19 (3.6.2) CAL mascara 0003,P50,P50,71,I,naranja,0,e,37,"::893",893,0,,DUDOSO,repetida,0,0,5
S030,"2026-09-19T14:50:57-0500",SLV-002,"00:21:13:05:19:3B",V3.6 2026-09-19 (3.6.2) CAL mascara 0003,P50,P50,71,I,naranja,0,e,38,"::910",910,0,,DUDOSO,repetida,0,0,5
S030,"2026-09-19T14:50:59-0500",SLV-002,"00:21:13:05:19:3B",V3.6 2026-09-19 (3.6.2) CAL mascara 0003,P50,P50,71,I,naranja,0,e,39,"::899",899,0,,DUDOSO,repetida,0,0,5
S030,"2026-09-19T14:51:00-0500",SLV-002,"00:21:13:05:19:3B",V3.6 2026-09-19 (3.6.2) CAL mascara 0003,P50,P50,71,I,naranja,0,e,40,"::902",902,0,,DUDOSO,repetida,0,0,5
S030,"2026-09-19T14:51:02-0500",SLV-002,"00:21:13:05:19:3B",V3.6 2026-09-19 (3.6.2) CAL mascara 0003,P50,P50,71,I,naranja,0,e,41,"::901",901,0,,DUDOSO,repetida,0,0,5
S030,"2026-09-19T14:51:03-0500",SLV-002,"00:21:13:05:19:3B",V3.6 2026-09-19 (3.6.2) CAL mascara 0003,P50,P50,71,I,naranja,0,e,42,"::899",899,0,,DUDOSO,repetida,0,0,5
S030,"2026-09-19T14:51:05-0500",SLV-002,"00:21:13:05:19:3B",V3.6 2026-09-19 (3.6.2) CAL mascara 0003,P50,P50,71,I,naranja,0,e,43,"::895",895,0,,DUDOSO,repetida,0,0,5
S030,"2026-09-19T14:51:07-0500",SLV-002,"00:21:13:05:19:3B",V3.6 2026-09-19 (3.6.2) CAL mascara 0003,P50,P50,71,I,naranja,0,e,44,"::900",900,0,,DUDOSO,repetida,0,0,5
S030,"2026-09-19T14:51:08-0500",SLV-002,"00:21:13:05:19:3B",V3.6 2026-09-19 (3.6.2) CAL mascara 0003,P50,P50,71,I,naranja,0,e,45,"::907",907,0,,DUDOSO,repetida,0,0,5
S031,"2026-09-19T14:51:21-0500",SLV-002,"00:21:13:05:19:3B",V3.6 2026-09-19 (3.6.2) CAL mascara 0003,P50,P50,71,I,naranja,0,e,1,"::908",908,0,,DUDOSO,"Es papel de mala calidad, ok",1,1,1
S031,"2026-09-19T14:51:22-0500",SLV-002,"00:21:13:05:19:3B",V3.6 2026-09-19 (3.6.2) CAL mascara 0003,P50,P50,71,I,naranja,0,e,2,"::897",897,0,,DUDOSO,"Es papel de mala calidad, ok",1,1,1
S031,"2026-09-19T14:51:24-0500",SLV-002,"00:21:13:05:19:3B",V3.6 2026-09-19 (3.6.2) CAL mascara 0003,P50,P50,71,I,naranja,0,e,3,"::907",907,0,,DUDOSO,"Es papel de mala calidad, ok",1,1,1
S031,"2026-09-19T14:51:26-0500",SLV-002,"00:21:13:05:19:3B",V3.6 2026-09-19 (3.6.2) CAL mascara 0003,P50,P50,71,I,naranja,0,e,4,"::902",902,0,,DUDOSO,"Es papel de mala calidad, ok",1,1,1
S031,"2026-09-19T14:51:27-0500",SLV-002,"00:21:13:05:19:3B",V3.6 2026-09-19 (3.6.2) CAL mascara 0003,P50,P50,71,I,naranja,0,e,5,"::904",904,0,,DUDOSO,"Es papel de mala calidad, ok",1,1,1
S031,"2026-09-19T14:51:29-0500",SLV-002,"00:21:13:05:19:3B",V3.6 2026-09-19 (3.6.2) CAL mascara 0003,P50,P50,71,I,naranja,0,e,6,"::902",902,0,,DUDOSO,"Es papel de mala calidad, ok",1,1,1
S031,"2026-09-19T14:51:30-0500",SLV-002,"00:21:13:05:19:3B",V3.6 2026-09-19 (3.6.2) CAL mascara 0003,P50,P50,71,I,naranja,0,e,7,"::899",899,0,,DUDOSO,"Es papel de mala calidad, ok",1,1,1
S031,"2026-09-19T14:51:32-0500",SLV-002,"00:21:13:05:19:3B",V3.6 2026-09-19 (3.6.2) CAL mascara 0003,P50,P50,71,I,naranja,0,e,8,"::901",901,0,,DUDOSO,"Es papel de mala calidad, ok",1,1,1
S031,"2026-09-19T14:51:34-0500",SLV-002,"00:21:13:05:19:3B",V3.6 2026-09-19 (3.6.2) CAL mascara 0003,P50,P50,71,I,naranja,0,e,9,"::911",911,0,,DUDOSO,"Es papel de mala calidad, ok",1,1,1
S031,"2026-09-19T14:51:39-0500",SLV-002,"00:21:13:05:19:3B",V3.6 2026-09-19 (3.6.2) CAL mascara 0003,P50,P50,71,I,naranja,0,e,10,"::908",908,0,,DUDOSO,"Es papel de mala calidad, ok",1,1,2
S031,"2026-09-19T14:51:40-0500",SLV-002,"00:21:13:05:19:3B",V3.6 2026-09-19 (3.6.2) CAL mascara 0003,P50,P50,71,I,naranja,0,e,11,"::921",921,0,,DUDOSO,"Es papel de mala calidad, ok",1,1,2
S031,"2026-09-19T14:51:42-0500",SLV-002,"00:21:13:05:19:3B",V3.6 2026-09-19 (3.6.2) CAL mascara 0003,P50,P50,71,I,naranja,0,e,12,"::917",917,0,,DUDOSO,"Es papel de mala calidad, ok",1,1,2
S031,"2026-09-19T14:51:44-0500",SLV-002,"00:21:13:05:19:3B",V3.6 2026-09-19 (3.6.2) CAL mascara 0003,P50,P50,71,I,naranja,0,e,13,"::900",900,0,,DUDOSO,"Es papel de mala calidad, ok",1,1,2
S031,"2026-09-19T14:51:45-0500",SLV-002,"00:21:13:05:19:3B",V3.6 2026-09-19 (3.6.2) CAL mascara 0003,P50,P50,71,I,naranja,0,e,14,"::924",924,0,,DUDOSO,"Es papel de mala calidad, ok",1,1,2
S031,"2026-09-19T14:51:47-0500",SLV-002,"00:21:13:05:19:3B",V3.6 2026-09-19 (3.6.2) CAL mascara 0003,P50,P50,71,I,naranja,0,e,15,"::915",915,0,,DUDOSO,"Es papel de mala calidad, ok",1,1,2
S031,"2026-09-19T14:51:48-0500",SLV-002,"00:21:13:05:19:3B",V3.6 2026-09-19 (3.6.2) CAL mascara 0003,P50,P50,71,I,naranja,0,e,16,"::908",908,0,,DUDOSO,"Es papel de mala calidad, ok",1,1,2
S031,"2026-09-19T14:51:50-0500",SLV-002,"00:21:13:05:19:3B",V3.6 2026-09-19 (3.6.2) CAL mascara 0003,P50,P50,71,I,naranja,0,e,17,"::903",903,0,,DUDOSO,"Es papel de mala calidad, ok",1,1,2
S031,"2026-09-19T14:51:52-0500",SLV-002,"00:21:13:05:19:3B",V3.6 2026-09-19 (3.6.2) CAL mascara 0003,P50,P50,71,I,naranja,0,e,18,"::922",922,0,,DUDOSO,"Es papel de mala calidad, ok",1,1,2
S031,"2026-09-19T14:51:57-0500",SLV-002,"00:21:13:05:19:3B",V3.6 2026-09-19 (3.6.2) CAL mascara 0003,P50,P50,71,I,naranja,0,e,19,"::900",900,0,,DUDOSO,"Es papel de mala calidad, ok",1,1,3
S031,"2026-09-19T14:51:58-0500",SLV-002,"00:21:13:05:19:3B",V3.6 2026-09-19 (3.6.2) CAL mascara 0003,P50,P50,71,I,naranja,0,e,20,"::909",909,0,,DUDOSO,"Es papel de mala calidad, ok",1,1,3
S031,"2026-09-19T14:52:00-0500",SLV-002,"00:21:13:05:19:3B",V3.6 2026-09-19 (3.6.2) CAL mascara 0003,P50,P50,71,I,naranja,0,e,21,"::912",912,0,,DUDOSO,"Es papel de mala calidad, ok",1,1,3
S031,"2026-09-19T14:52:02-0500",SLV-002,"00:21:13:05:19:3B",V3.6 2026-09-19 (3.6.2) CAL mascara 0003,P50,P50,71,I,naranja,0,e,22,"::912",912,0,,DUDOSO,"Es papel de mala calidad, ok",1,1,3
S031,"2026-09-19T14:52:03-0500",SLV-002,"00:21:13:05:19:3B",V3.6 2026-09-19 (3.6.2) CAL mascara 0003,P50,P50,71,I,naranja,0,e,23,"::905",905,0,,DUDOSO,"Es papel de mala calidad, ok",1,1,3
S031,"2026-09-19T14:52:05-0500",SLV-002,"00:21:13:05:19:3B",V3.6 2026-09-19 (3.6.2) CAL mascara 0003,P50,P50,71,I,naranja,0,e,24,"::906",906,0,,DUDOSO,"Es papel de mala calidad, ok",1,1,3
S031,"2026-09-19T14:52:06-0500",SLV-002,"00:21:13:05:19:3B",V3.6 2026-09-19 (3.6.2) CAL mascara 0003,P50,P50,71,I,naranja,0,e,25,"::898",898,0,,DUDOSO,"Es papel de mala calidad, ok",1,1,3
S031,"2026-09-19T14:52:08-0500",SLV-002,"00:21:13:05:19:3B",V3.6 2026-09-19 (3.6.2) CAL mascara 0003,P50,P50,71,I,naranja,0,e,26,"::911",911,0,,DUDOSO,"Es papel de mala calidad, ok",1,1,3
S031,"2026-09-19T14:52:10-0500",SLV-002,"00:21:13:05:19:3B",V3.6 2026-09-19 (3.6.2) CAL mascara 0003,P50,P50,71,I,naranja,0,e,27,"::917",917,0,,DUDOSO,"Es papel de mala calidad, ok",1,1,3
S031,"2026-09-19T14:52:38-0500",SLV-002,"00:21:13:05:19:3B",V3.6 2026-09-19 (3.6.2) CAL mascara 0003,P50,P50,71,I,naranja,0,e,28,"::901",901,0,,DUDOSO,"Es papel de mala calidad, ok",1,1,4
S031,"2026-09-19T14:52:40-0500",SLV-002,"00:21:13:05:19:3B",V3.6 2026-09-19 (3.6.2) CAL mascara 0003,P50,P50,71,I,naranja,0,e,29,"::895",895,0,,DUDOSO,"Es papel de mala calidad, ok",1,1,4
S031,"2026-09-19T14:52:42-0500",SLV-002,"00:21:13:05:19:3B",V3.6 2026-09-19 (3.6.2) CAL mascara 0003,P50,P50,71,I,naranja,0,e,30,"::912",912,0,,DUDOSO,"Es papel de mala calidad, ok",1,1,4
S031,"2026-09-19T14:52:43-0500",SLV-002,"00:21:13:05:19:3B",V3.6 2026-09-19 (3.6.2) CAL mascara 0003,P50,P50,71,I,naranja,0,e,31,"::904",904,0,,DUDOSO,"Es papel de mala calidad, ok",1,1,4
S031,"2026-09-19T14:52:45-0500",SLV-002,"00:21:13:05:19:3B",V3.6 2026-09-19 (3.6.2) CAL mascara 0003,P50,P50,71,I,naranja,0,e,32,"::909",909,0,,DUDOSO,"Es papel de mala calidad, ok",1,1,4
S031,"2026-09-19T14:52:46-0500",SLV-002,"00:21:13:05:19:3B",V3.6 2026-09-19 (3.6.2) CAL mascara 0003,P50,P50,71,I,naranja,0,e,33,"::898",898,0,,DUDOSO,"Es papel de mala calidad, ok",1,1,4
S031,"2026-09-19T14:52:48-0500",SLV-002,"00:21:13:05:19:3B",V3.6 2026-09-19 (3.6.2) CAL mascara 0003,P50,P50,71,I,naranja,0,e,34,"::908",908,0,,DUDOSO,"Es papel de mala calidad, ok",1,1,4
S031,"2026-09-19T14:52:50-0500",SLV-002,"00:21:13:05:19:3B",V3.6 2026-09-19 (3.6.2) CAL mascara 0003,P50,P50,71,I,naranja,0,e,35,"::899",899,0,,DUDOSO,"Es papel de mala calidad, ok",1,1,4
S031,"2026-09-19T14:52:51-0500",SLV-002,"00:21:13:05:19:3B",V3.6 2026-09-19 (3.6.2) CAL mascara 0003,P50,P50,71,I,naranja,0,e,36,"::906",906,0,,DUDOSO,"Es papel de mala calidad, ok",1,1,4
S031,"2026-09-19T14:52:58-0500",SLV-002,"00:21:13:05:19:3B",V3.6 2026-09-19 (3.6.2) CAL mascara 0003,P50,P50,71,I,naranja,0,e,37,"::896",896,0,,DUDOSO,"Es papel de mala calidad, ok",1,1,5
S031,"2026-09-19T14:53:00-0500",SLV-002,"00:21:13:05:19:3B",V3.6 2026-09-19 (3.6.2) CAL mascara 0003,P50,P50,71,I,naranja,0,e,38,"::900",900,0,,DUDOSO,"Es papel de mala calidad, ok",1,1,5
S031,"2026-09-19T14:53:01-0500",SLV-002,"00:21:13:05:19:3B",V3.6 2026-09-19 (3.6.2) CAL mascara 0003,P50,P50,71,I,naranja,0,e,39,"::897",897,0,,DUDOSO,"Es papel de mala calidad, ok",1,1,5
S031,"2026-09-19T14:53:03-0500",SLV-002,"00:21:13:05:19:3B",V3.6 2026-09-19 (3.6.2) CAL mascara 0003,P50,P50,71,I,naranja,0,e,40,"::910",910,0,,DUDOSO,"Es papel de mala calidad, ok",1,1,5
S031,"2026-09-19T14:53:04-0500",SLV-002,"00:21:13:05:19:3B",V3.6 2026-09-19 (3.6.2) CAL mascara 0003,P50,P50,71,I,naranja,0,e,41,"::906",906,0,,DUDOSO,"Es papel de mala calidad, ok",1,1,5
S031,"2026-09-19T14:53:06-0500",SLV-002,"00:21:13:05:19:3B",V3.6 2026-09-19 (3.6.2) CAL mascara 0003,P50,P50,71,I,naranja,0,e,42,"::893",893,0,,DUDOSO,"Es papel de mala calidad, ok",1,1,5
S031,"2026-09-19T14:53:08-0500",SLV-002,"00:21:13:05:19:3B",V3.6 2026-09-19 (3.6.2) CAL mascara 0003,P50,P50,71,I,naranja,0,e,43,"::901",901,0,,DUDOSO,"Es papel de mala calidad, ok",1,1,5
S031,"2026-09-19T14:53:09-0500",SLV-002,"00:21:13:05:19:3B",V3.6 2026-09-19 (3.6.2) CAL mascara 0003,P50,P50,71,I,naranja,0,e,44,"::908",908,0,,DUDOSO,"Es papel de mala calidad, ok",1,1,5
S031,"2026-09-19T14:53:11-0500",SLV-002,"00:21:13:05:19:3B",V3.6 2026-09-19 (3.6.2) CAL mascara 0003,P50,P50,71,I,naranja,0,e,45,"::894",894,0,,DUDOSO,"Es papel de mala calidad, ok",1,1,5
S032,"2026-09-19T14:54:04-0500",SLV-002,"00:21:13:05:19:3B",V3.6 2026-09-19 (3.6.2) CAL mascara 0003,P5,P5,740,XI,amarillo,0,e,1,"::2380",2380,0,,OK,,1,0,1
S032,"2026-09-19T14:54:06-0500",SLV-002,"00:21:13:05:19:3B",V3.6 2026-09-19 (3.6.2) CAL mascara 0003,P5,P5,740,XI,amarillo,0,e,2,"::2395",2395,0,,OK,,1,0,1
S032,"2026-09-19T14:54:07-0500",SLV-002,"00:21:13:05:19:3B",V3.6 2026-09-19 (3.6.2) CAL mascara 0003,P5,P5,740,XI,amarillo,0,e,3,"::2403",2403,0,,OK,,1,0,1
S032,"2026-09-19T14:54:09-0500",SLV-002,"00:21:13:05:19:3B",V3.6 2026-09-19 (3.6.2) CAL mascara 0003,P5,P5,740,XI,amarillo,0,e,4,"::2397",2397,0,,OK,,1,0,1
S032,"2026-09-19T14:54:10-0500",SLV-002,"00:21:13:05:19:3B",V3.6 2026-09-19 (3.6.2) CAL mascara 0003,P5,P5,740,XI,amarillo,0,e,5,"::2397",2397,0,,OK,,1,0,1
S032,"2026-09-19T14:54:12-0500",SLV-002,"00:21:13:05:19:3B",V3.6 2026-09-19 (3.6.2) CAL mascara 0003,P5,P5,740,XI,amarillo,0,e,6,"::2411",2411,0,,OK,,1,0,1
S032,"2026-09-19T14:54:14-0500",SLV-002,"00:21:13:05:19:3B",V3.6 2026-09-19 (3.6.2) CAL mascara 0003,P5,P5,740,XI,amarillo,0,e,7,"::2406",2406,0,,OK,,1,0,1
S032,"2026-09-19T14:54:15-0500",SLV-002,"00:21:13:05:19:3B",V3.6 2026-09-19 (3.6.2) CAL mascara 0003,P5,P5,740,XI,amarillo,0,e,8,"::2402",2402,0,,OK,,1,0,1
S032,"2026-09-19T14:54:17-0500",SLV-002,"00:21:13:05:19:3B",V3.6 2026-09-19 (3.6.2) CAL mascara 0003,P5,P5,740,XI,amarillo,0,e,9,"::2401",2401,0,,OK,,1,0,1
S032,"2026-09-19T14:54:22-0500",SLV-002,"00:21:13:05:19:3B",V3.6 2026-09-19 (3.6.2) CAL mascara 0003,P5,P5,740,XI,amarillo,0,e,10,"::2395",2395,0,,OK,,1,0,2
S032,"2026-09-19T14:54:24-0500",SLV-002,"00:21:13:05:19:3B",V3.6 2026-09-19 (3.6.2) CAL mascara 0003,P5,P5,740,XI,amarillo,0,e,11,"::2407",2407,0,,OK,,1,0,2
S032,"2026-09-19T14:54:25-0500",SLV-002,"00:21:13:05:19:3B",V3.6 2026-09-19 (3.6.2) CAL mascara 0003,P5,P5,740,XI,amarillo,0,e,12,"::2398",2398,0,,OK,,1,0,2
S032,"2026-09-19T14:54:27-0500",SLV-002,"00:21:13:05:19:3B",V3.6 2026-09-19 (3.6.2) CAL mascara 0003,P5,P5,740,XI,amarillo,0,e,13,"::2391",2391,0,,OK,,1,0,2
S032,"2026-09-19T14:54:29-0500",SLV-002,"00:21:13:05:19:3B",V3.6 2026-09-19 (3.6.2) CAL mascara 0003,P5,P5,740,XI,amarillo,0,e,14,"::2403",2403,0,,OK,,1,0,2
S032,"2026-09-19T14:54:30-0500",SLV-002,"00:21:13:05:19:3B",V3.6 2026-09-19 (3.6.2) CAL mascara 0003,P5,P5,740,XI,amarillo,0,e,15,"::2400",2400,0,,OK,,1,0,2
S032,"2026-09-19T14:54:32-0500",SLV-002,"00:21:13:05:19:3B",V3.6 2026-09-19 (3.6.2) CAL mascara 0003,P5,P5,740,XI,amarillo,0,e,16,"::2395",2395,0,,OK,,1,0,2
S032,"2026-09-19T14:54:33-0500",SLV-002,"00:21:13:05:19:3B",V3.6 2026-09-19 (3.6.2) CAL mascara 0003,P5,P5,740,XI,amarillo,0,e,17,"::2407",2407,0,,OK,,1,0,2
S032,"2026-09-19T14:54:35-0500",SLV-002,"00:21:13:05:19:3B",V3.6 2026-09-19 (3.6.2) CAL mascara 0003,P5,P5,740,XI,amarillo,0,e,18,"::2397",2397,0,,OK,,1,0,2
S032,"2026-09-19T14:54:42-0500",SLV-002,"00:21:13:05:19:3B",V3.6 2026-09-19 (3.6.2) CAL mascara 0003,P5,P5,740,XI,amarillo,0,e,19,"::2398",2398,0,,OK,,1,0,3
S032,"2026-09-19T14:54:43-0500",SLV-002,"00:21:13:05:19:3B",V3.6 2026-09-19 (3.6.2) CAL mascara 0003,P5,P5,740,XI,amarillo,0,e,20,"::2394",2394,0,,OK,,1,0,3
S032,"2026-09-19T14:54:45-0500",SLV-002,"00:21:13:05:19:3B",V3.6 2026-09-19 (3.6.2) CAL mascara 0003,P5,P5,740,XI,amarillo,0,e,21,"::2402",2402,0,,OK,,1,0,3
S032,"2026-09-19T14:54:47-0500",SLV-002,"00:21:13:05:19:3B",V3.6 2026-09-19 (3.6.2) CAL mascara 0003,P5,P5,740,XI,amarillo,0,e,22,"::2397",2397,0,,OK,,1,0,3
S032,"2026-09-19T14:54:48-0500",SLV-002,"00:21:13:05:19:3B",V3.6 2026-09-19 (3.6.2) CAL mascara 0003,P5,P5,740,XI,amarillo,0,e,23,"::2397",2397,0,,OK,,1,0,3
S032,"2026-09-19T14:54:50-0500",SLV-002,"00:21:13:05:19:3B",V3.6 2026-09-19 (3.6.2) CAL mascara 0003,P5,P5,740,XI,amarillo,0,e,24,"::2403",2403,0,,OK,,1,0,3
S032,"2026-09-19T14:54:51-0500",SLV-002,"00:21:13:05:19:3B",V3.6 2026-09-19 (3.6.2) CAL mascara 0003,P5,P5,740,XI,amarillo,0,e,25,"::2403",2403,0,,OK,,1,0,3
S032,"2026-09-19T14:54:53-0500",SLV-002,"00:21:13:05:19:3B",V3.6 2026-09-19 (3.6.2) CAL mascara 0003,P5,P5,740,XI,amarillo,0,e,26,"::2399",2399,0,,OK,,1,0,3
S032,"2026-09-19T14:54:55-0500",SLV-002,"00:21:13:05:19:3B",V3.6 2026-09-19 (3.6.2) CAL mascara 0003,P5,P5,740,XI,amarillo,0,e,27,"::2403",2403,0,,OK,,1,0,3
S032,"2026-09-19T14:55:02-0500",SLV-002,"00:21:13:05:19:3B",V3.6 2026-09-19 (3.6.2) CAL mascara 0003,P5,P5,740,XI,amarillo,0,e,28,"::2393",2393,0,,OK,,1,0,4
S032,"2026-09-19T14:55:03-0500",SLV-002,"00:21:13:05:19:3B",V3.6 2026-09-19 (3.6.2) CAL mascara 0003,P5,P5,740,XI,amarillo,0,e,29,"::2390",2390,0,,OK,,1,0,4
S032,"2026-09-19T14:55:05-0500",SLV-002,"00:21:13:05:19:3B",V3.6 2026-09-19 (3.6.2) CAL mascara 0003,P5,P5,740,XI,amarillo,0,e,30,"::2393",2393,0,,OK,,1,0,4
S032,"2026-09-19T14:55:07-0500",SLV-002,"00:21:13:05:19:3B",V3.6 2026-09-19 (3.6.2) CAL mascara 0003,P5,P5,740,XI,amarillo,0,e,31,"::2396",2396,0,,OK,,1,0,4
S032,"2026-09-19T14:55:08-0500",SLV-002,"00:21:13:05:19:3B",V3.6 2026-09-19 (3.6.2) CAL mascara 0003,P5,P5,740,XI,amarillo,0,e,32,"::2391",2391,0,,OK,,1,0,4
S032,"2026-09-19T14:55:10-0500",SLV-002,"00:21:13:05:19:3B",V3.6 2026-09-19 (3.6.2) CAL mascara 0003,P5,P5,740,XI,amarillo,0,e,33,"::2396",2396,0,,OK,,1,0,4
S032,"2026-09-19T14:55:11-0500",SLV-002,"00:21:13:05:19:3B",V3.6 2026-09-19 (3.6.2) CAL mascara 0003,P5,P5,740,XI,amarillo,0,e,34,"::2391",2391,0,,OK,,1,0,4
S032,"2026-09-19T14:55:13-0500",SLV-002,"00:21:13:05:19:3B",V3.6 2026-09-19 (3.6.2) CAL mascara 0003,P5,P5,740,XI,amarillo,0,e,35,"::2389",2389,0,,OK,,1,0,4
S032,"2026-09-19T14:55:15-0500",SLV-002,"00:21:13:05:19:3B",V3.6 2026-09-19 (3.6.2) CAL mascara 0003,P5,P5,740,XI,amarillo,0,e,36,"::2391",2391,0,,OK,,1,0,4
S032,"2026-09-19T14:55:21-0500",SLV-002,"00:21:13:05:19:3B",V3.6 2026-09-19 (3.6.2) CAL mascara 0003,P5,P5,740,XI,amarillo,0,e,37,"::2404",2404,0,,OK,,1,0,5
S032,"2026-09-19T14:55:23-0500",SLV-002,"00:21:13:05:19:3B",V3.6 2026-09-19 (3.6.2) CAL mascara 0003,P5,P5,740,XI,amarillo,0,e,38,"::2395",2395,0,,OK,,1,0,5
S032,"2026-09-19T14:55:24-0500",SLV-002,"00:21:13:05:19:3B",V3.6 2026-09-19 (3.6.2) CAL mascara 0003,P5,P5,740,XI,amarillo,0,e,39,"::2400",2400,0,,OK,,1,0,5
S032,"2026-09-19T14:55:26-0500",SLV-002,"00:21:13:05:19:3B",V3.6 2026-09-19 (3.6.2) CAL mascara 0003,P5,P5,740,XI,amarillo,0,e,40,"::2410",2410,0,,OK,,1,0,5
S032,"2026-09-19T14:55:27-0500",SLV-002,"00:21:13:05:19:3B",V3.6 2026-09-19 (3.6.2) CAL mascara 0003,P5,P5,740,XI,amarillo,0,e,41,"::2413",2413,0,,OK,,1,0,5
S032,"2026-09-19T14:55:29-0500",SLV-002,"00:21:13:05:19:3B",V3.6 2026-09-19 (3.6.2) CAL mascara 0003,P5,P5,740,XI,amarillo,0,e,42,"::2403",2403,0,,OK,,1,0,5
S032,"2026-09-19T14:55:31-0500",SLV-002,"00:21:13:05:19:3B",V3.6 2026-09-19 (3.6.2) CAL mascara 0003,P5,P5,740,XI,amarillo,0,e,43,"::2396",2396,0,,OK,,1,0,5
S032,"2026-09-19T14:55:32-0500",SLV-002,"00:21:13:05:19:3B",V3.6 2026-09-19 (3.6.2) CAL mascara 0003,P5,P5,740,XI,amarillo,0,e,44,"::2405",2405,0,,OK,,1,0,5
S032,"2026-09-19T14:55:34-0500",SLV-002,"00:21:13:05:19:3B",V3.6 2026-09-19 (3.6.2) CAL mascara 0003,P5,P5,740,XI,amarillo,0,e,45,"::2407",2407,0,,OK,,1,0,5
S033,"2026-09-19T14:56:00-0500",SLV-002,"00:21:13:05:19:3B",V3.6 2026-09-19 (3.6.2) CAL mascara 0003,P5,P5,740,XI,amarillo,90,e,1,"::2399",2399,0,,OK,,1,1,1
S033,"2026-09-19T14:56:01-0500",SLV-002,"00:21:13:05:19:3B",V3.6 2026-09-19 (3.6.2) CAL mascara 0003,P5,P5,740,XI,amarillo,90,e,2,"::2403",2403,0,,OK,,1,1,1
S033,"2026-09-19T14:56:03-0500",SLV-002,"00:21:13:05:19:3B",V3.6 2026-09-19 (3.6.2) CAL mascara 0003,P5,P5,740,XI,amarillo,90,e,3,"::2408",2408,0,,OK,,1,1,1
S033,"2026-09-19T14:56:05-0500",SLV-002,"00:21:13:05:19:3B",V3.6 2026-09-19 (3.6.2) CAL mascara 0003,P5,P5,740,XI,amarillo,90,e,4,"::2413",2413,0,,OK,,1,1,1
S033,"2026-09-19T14:56:06-0500",SLV-002,"00:21:13:05:19:3B",V3.6 2026-09-19 (3.6.2) CAL mascara 0003,P5,P5,740,XI,amarillo,90,e,5,"::2410",2410,0,,OK,,1,1,1
S033,"2026-09-19T14:56:08-0500",SLV-002,"00:21:13:05:19:3B",V3.6 2026-09-19 (3.6.2) CAL mascara 0003,P5,P5,740,XI,amarillo,90,e,6,"::2422",2422,0,,OK,,1,1,1
S033,"2026-09-19T14:56:10-0500",SLV-002,"00:21:13:05:19:3B",V3.6 2026-09-19 (3.6.2) CAL mascara 0003,P5,P5,740,XI,amarillo,90,e,7,"::2403",2403,0,,OK,,1,1,1
S033,"2026-09-19T14:56:11-0500",SLV-002,"00:21:13:05:19:3B",V3.6 2026-09-19 (3.6.2) CAL mascara 0003,P5,P5,740,XI,amarillo,90,e,8,"::2425",2425,0,,OK,,1,1,1
S033,"2026-09-19T14:56:13-0500",SLV-002,"00:21:13:05:19:3B",V3.6 2026-09-19 (3.6.2) CAL mascara 0003,P5,P5,740,XI,amarillo,90,e,9,"::2408",2408,0,,OK,,1,1,1
S033,"2026-09-19T14:56:19-0500",SLV-002,"00:21:13:05:19:3B",V3.6 2026-09-19 (3.6.2) CAL mascara 0003,P5,P5,740,XI,amarillo,90,e,10,"::2419",2419,0,,OK,,1,1,2
S033,"2026-09-19T14:56:21-0500",SLV-002,"00:21:13:05:19:3B",V3.6 2026-09-19 (3.6.2) CAL mascara 0003,P5,P5,740,XI,amarillo,90,e,11,"::2411",2411,0,,OK,,1,1,2
S033,"2026-09-19T14:56:23-0500",SLV-002,"00:21:13:05:19:3B",V3.6 2026-09-19 (3.6.2) CAL mascara 0003,P5,P5,740,XI,amarillo,90,e,12,"::2421",2421,0,,OK,,1,1,2
S033,"2026-09-19T14:56:24-0500",SLV-002,"00:21:13:05:19:3B",V3.6 2026-09-19 (3.6.2) CAL mascara 0003,P5,P5,740,XI,amarillo,90,e,13,"::2417",2417,0,,OK,,1,1,2
S033,"2026-09-19T14:56:26-0500",SLV-002,"00:21:13:05:19:3B",V3.6 2026-09-19 (3.6.2) CAL mascara 0003,P5,P5,740,XI,amarillo,90,e,14,"::2412",2412,0,,OK,,1,1,2
S033,"2026-09-19T14:56:27-0500",SLV-002,"00:21:13:05:19:3B",V3.6 2026-09-19 (3.6.2) CAL mascara 0003,P5,P5,740,XI,amarillo,90,e,15,"::2419",2419,0,,OK,,1,1,2
S033,"2026-09-19T14:56:29-0500",SLV-002,"00:21:13:05:19:3B",V3.6 2026-09-19 (3.6.2) CAL mascara 0003,P5,P5,740,XI,amarillo,90,e,16,"::2412",2412,0,,OK,,1,1,2
S033,"2026-09-19T14:56:31-0500",SLV-002,"00:21:13:05:19:3B",V3.6 2026-09-19 (3.6.2) CAL mascara 0003,P5,P5,740,XI,amarillo,90,e,17,"::2417",2417,0,,OK,,1,1,2
S033,"2026-09-19T14:56:32-0500",SLV-002,"00:21:13:05:19:3B",V3.6 2026-09-19 (3.6.2) CAL mascara 0003,P5,P5,740,XI,amarillo,90,e,18,"::2412",2412,0,,OK,,1,1,2
S033,"2026-09-19T14:56:40-0500",SLV-002,"00:21:13:05:19:3B",V3.6 2026-09-19 (3.6.2) CAL mascara 0003,P5,P5,740,XI,amarillo,90,e,19,"::2408",2408,0,,OK,,1,1,3
S033,"2026-09-19T14:56:42-0500",SLV-002,"00:21:13:05:19:3B",V3.6 2026-09-19 (3.6.2) CAL mascara 0003,P5,P5,740,XI,amarillo,90,e,20,"::2416",2416,0,,OK,,1,1,3
S033,"2026-09-19T14:56:43-0500",SLV-002,"00:21:13:05:19:3B",V3.6 2026-09-19 (3.6.2) CAL mascara 0003,P5,P5,740,XI,amarillo,90,e,21,"::2408",2408,0,,OK,,1,1,3
S033,"2026-09-19T14:56:45-0500",SLV-002,"00:21:13:05:19:3B",V3.6 2026-09-19 (3.6.2) CAL mascara 0003,P5,P5,740,XI,amarillo,90,e,22,"::2408",2408,0,,OK,,1,1,3
S033,"2026-09-19T14:56:46-0500",SLV-002,"00:21:13:05:19:3B",V3.6 2026-09-19 (3.6.2) CAL mascara 0003,P5,P5,740,XI,amarillo,90,e,23,"::2407",2407,0,,OK,,1,1,3
S033,"2026-09-19T14:56:48-0500",SLV-002,"00:21:13:05:19:3B",V3.6 2026-09-19 (3.6.2) CAL mascara 0003,P5,P5,740,XI,amarillo,90,e,24,"::2407",2407,0,,OK,,1,1,3
S033,"2026-09-19T14:56:50-0500",SLV-002,"00:21:13:05:19:3B",V3.6 2026-09-19 (3.6.2) CAL mascara 0003,P5,P5,740,XI,amarillo,90,e,25,"::2407",2407,0,,OK,,1,1,3
S033,"2026-09-19T14:56:51-0500",SLV-002,"00:21:13:05:19:3B",V3.6 2026-09-19 (3.6.2) CAL mascara 0003,P5,P5,740,XI,amarillo,90,e,26,"::2412",2412,0,,OK,,1,1,3
S033,"2026-09-19T14:56:53-0500",SLV-002,"00:21:13:05:19:3B",V3.6 2026-09-19 (3.6.2) CAL mascara 0003,P5,P5,740,XI,amarillo,90,e,27,"::2409",2409,0,,OK,,1,1,3
S033,"2026-09-19T14:57:01-0500",SLV-002,"00:21:13:05:19:3B",V3.6 2026-09-19 (3.6.2) CAL mascara 0003,P5,P5,740,XI,amarillo,90,e,28,"::2396",2396,0,,OK,,1,1,4
S033,"2026-09-19T14:57:02-0500",SLV-002,"00:21:13:05:19:3B",V3.6 2026-09-19 (3.6.2) CAL mascara 0003,P5,P5,740,XI,amarillo,90,e,29,"::2400",2400,0,,OK,,1,1,4
S033,"2026-09-19T14:57:04-0500",SLV-002,"00:21:13:05:19:3B",V3.6 2026-09-19 (3.6.2) CAL mascara 0003,P5,P5,740,XI,amarillo,90,e,30,"::2389",2389,0,,OK,,1,1,4
S033,"2026-09-19T14:57:05-0500",SLV-002,"00:21:13:05:19:3B",V3.6 2026-09-19 (3.6.2) CAL mascara 0003,P5,P5,740,XI,amarillo,90,e,31,"::2402",2402,0,,OK,,1,1,4
S033,"2026-09-19T14:57:07-0500",SLV-002,"00:21:13:05:19:3B",V3.6 2026-09-19 (3.6.2) CAL mascara 0003,P5,P5,740,XI,amarillo,90,e,32,"::2392",2392,0,,OK,,1,1,4
S033,"2026-09-19T14:57:09-0500",SLV-002,"00:21:13:05:19:3B",V3.6 2026-09-19 (3.6.2) CAL mascara 0003,P5,P5,740,XI,amarillo,90,e,33,"::2403",2403,0,,OK,,1,1,4
S033,"2026-09-19T14:57:10-0500",SLV-002,"00:21:13:05:19:3B",V3.6 2026-09-19 (3.6.2) CAL mascara 0003,P5,P5,740,XI,amarillo,90,e,34,"::2408",2408,0,,OK,,1,1,4
S033,"2026-09-19T14:57:12-0500",SLV-002,"00:21:13:05:19:3B",V3.6 2026-09-19 (3.6.2) CAL mascara 0003,P5,P5,740,XI,amarillo,90,e,35,"::2409",2409,0,,OK,,1,1,4
S033,"2026-09-19T14:57:13-0500",SLV-002,"00:21:13:05:19:3B",V3.6 2026-09-19 (3.6.2) CAL mascara 0003,P5,P5,740,XI,amarillo,90,e,36,"::2403",2403,0,,OK,,1,1,4
S033,"2026-09-19T14:57:19-0500",SLV-002,"00:21:13:05:19:3B",V3.6 2026-09-19 (3.6.2) CAL mascara 0003,P5,P5,740,XI,amarillo,90,e,37,"::2397",2397,0,,OK,,1,1,5
S033,"2026-09-19T14:57:20-0500",SLV-002,"00:21:13:05:19:3B",V3.6 2026-09-19 (3.6.2) CAL mascara 0003,P5,P5,740,XI,amarillo,90,e,38,"::2400",2400,0,,OK,,1,1,5
S033,"2026-09-19T14:57:22-0500",SLV-002,"00:21:13:05:19:3B",V3.6 2026-09-19 (3.6.2) CAL mascara 0003,P5,P5,740,XI,amarillo,90,e,39,"::2402",2402,0,,OK,,1,1,5
S033,"2026-09-19T14:57:24-0500",SLV-002,"00:21:13:05:19:3B",V3.6 2026-09-19 (3.6.2) CAL mascara 0003,P5,P5,740,XI,amarillo,90,e,40,"::2404",2404,0,,OK,,1,1,5
S033,"2026-09-19T14:57:25-0500",SLV-002,"00:21:13:05:19:3B",V3.6 2026-09-19 (3.6.2) CAL mascara 0003,P5,P5,740,XI,amarillo,90,e,41,"::2408",2408,0,,OK,,1,1,5
S033,"2026-09-19T14:57:27-0500",SLV-002,"00:21:13:05:19:3B",V3.6 2026-09-19 (3.6.2) CAL mascara 0003,P5,P5,740,XI,amarillo,90,e,42,"::2398",2398,0,,OK,,1,1,5
S033,"2026-09-19T14:57:28-0500",SLV-002,"00:21:13:05:19:3B",V3.6 2026-09-19 (3.6.2) CAL mascara 0003,P5,P5,740,XI,amarillo,90,e,43,"::2402",2402,0,,OK,,1,1,5
S033,"2026-09-19T14:57:30-0500",SLV-002,"00:21:13:05:19:3B",V3.6 2026-09-19 (3.6.2) CAL mascara 0003,P5,P5,740,XI,amarillo,90,e,44,"::2407",2407,0,,OK,,1,1,5
S033,"2026-09-19T14:57:32-0500",SLV-002,"00:21:13:05:19:3B",V3.6 2026-09-19 (3.6.2) CAL mascara 0003,P5,P5,740,XI,amarillo,90,e,45,"::2396",2396,0,,OK,,1,1,5
S034,"2026-09-19T14:58:20-0500",SLV-002,"00:21:13:05:19:3B",V3.6 2026-09-19 (3.6.2) CAL mascara 0003,P1,P1,762,XI,blanco,0,e,1,"::2957",2957,0,,OK,,1,1,1
S034,"2026-09-19T14:58:22-0500",SLV-002,"00:21:13:05:19:3B",V3.6 2026-09-19 (3.6.2) CAL mascara 0003,P1,P1,762,XI,blanco,0,e,2,"::2980",2980,0,,OK,,1,1,1
S034,"2026-09-19T14:58:24-0500",SLV-002,"00:21:13:05:19:3B",V3.6 2026-09-19 (3.6.2) CAL mascara 0003,P1,P1,762,XI,blanco,0,e,3,"::2967",2967,0,,OK,,1,1,1
S034,"2026-09-19T14:58:25-0500",SLV-002,"00:21:13:05:19:3B",V3.6 2026-09-19 (3.6.2) CAL mascara 0003,P1,P1,762,XI,blanco,0,e,4,"::2980",2980,0,,OK,,1,1,1
S034,"2026-09-19T14:58:27-0500",SLV-002,"00:21:13:05:19:3B",V3.6 2026-09-19 (3.6.2) CAL mascara 0003,P1,P1,762,XI,blanco,0,e,5,"::2977",2977,0,,OK,,1,1,1
S034,"2026-09-19T14:58:28-0500",SLV-002,"00:21:13:05:19:3B",V3.6 2026-09-19 (3.6.2) CAL mascara 0003,P1,P1,762,XI,blanco,0,e,6,"::2968",2968,0,,OK,,1,1,1
S034,"2026-09-19T14:58:30-0500",SLV-002,"00:21:13:05:19:3B",V3.6 2026-09-19 (3.6.2) CAL mascara 0003,P1,P1,762,XI,blanco,0,e,7,"::2979",2979,0,,OK,,1,1,1
S034,"2026-09-19T14:58:32-0500",SLV-002,"00:21:13:05:19:3B",V3.6 2026-09-19 (3.6.2) CAL mascara 0003,P1,P1,762,XI,blanco,0,e,8,"::2973",2973,0,,OK,,1,1,1
S034,"2026-09-19T14:58:33-0500",SLV-002,"00:21:13:05:19:3B",V3.6 2026-09-19 (3.6.2) CAL mascara 0003,P1,P1,762,XI,blanco,0,e,9,"::2976",2976,0,,OK,,1,1,1
S034,"2026-09-19T14:58:42-0500",SLV-002,"00:21:13:05:19:3B",V3.6 2026-09-19 (3.6.2) CAL mascara 0003,P1,P1,762,XI,blanco,0,e,10,"::2955",2955,0,,OK,,1,1,2
S034,"2026-09-19T14:58:44-0500",SLV-002,"00:21:13:05:19:3B",V3.6 2026-09-19 (3.6.2) CAL mascara 0003,P1,P1,762,XI,blanco,0,e,11,"::2963",2963,0,,OK,,1,1,2
S034,"2026-09-19T14:58:46-0500",SLV-002,"00:21:13:05:19:3B",V3.6 2026-09-19 (3.6.2) CAL mascara 0003,P1,P1,762,XI,blanco,0,e,12,"::2961",2961,0,,OK,,1,1,2
S034,"2026-09-19T14:58:47-0500",SLV-002,"00:21:13:05:19:3B",V3.6 2026-09-19 (3.6.2) CAL mascara 0003,P1,P1,762,XI,blanco,0,e,13,"::2964",2964,0,,OK,,1,1,2
S034,"2026-09-19T14:58:49-0500",SLV-002,"00:21:13:05:19:3B",V3.6 2026-09-19 (3.6.2) CAL mascara 0003,P1,P1,762,XI,blanco,0,e,14,"::2966",2966,0,,OK,,1,1,2
S034,"2026-09-19T14:58:50-0500",SLV-002,"00:21:13:05:19:3B",V3.6 2026-09-19 (3.6.2) CAL mascara 0003,P1,P1,762,XI,blanco,0,e,15,"::2963",2963,0,,OK,,1,1,2
S034,"2026-09-19T14:58:52-0500",SLV-002,"00:21:13:05:19:3B",V3.6 2026-09-19 (3.6.2) CAL mascara 0003,P1,P1,762,XI,blanco,0,e,16,"::2975",2975,0,,OK,,1,1,2
S034,"2026-09-19T14:58:54-0500",SLV-002,"00:21:13:05:19:3B",V3.6 2026-09-19 (3.6.2) CAL mascara 0003,P1,P1,762,XI,blanco,0,e,17,"::2963",2963,0,,OK,,1,1,2
S034,"2026-09-19T14:58:55-0500",SLV-002,"00:21:13:05:19:3B",V3.6 2026-09-19 (3.6.2) CAL mascara 0003,P1,P1,762,XI,blanco,0,e,18,"::2972",2972,0,,OK,,1,1,2
S034,"2026-09-19T14:59:01-0500",SLV-002,"00:21:13:05:19:3B",V3.6 2026-09-19 (3.6.2) CAL mascara 0003,P1,P1,762,XI,blanco,0,e,19,"::2938",2938,0,,OK,,1,1,3
S034,"2026-09-19T14:59:03-0500",SLV-002,"00:21:13:05:19:3B",V3.6 2026-09-19 (3.6.2) CAL mascara 0003,P1,P1,762,XI,blanco,0,e,20,"::2952",2952,0,,OK,,1,1,3
S034,"2026-09-19T14:59:04-0500",SLV-002,"00:21:13:05:19:3B",V3.6 2026-09-19 (3.6.2) CAL mascara 0003,P1,P1,762,XI,blanco,0,e,21,"::2957",2957,0,,OK,,1,1,3
S034,"2026-09-19T14:59:06-0500",SLV-002,"00:21:13:05:19:3B",V3.6 2026-09-19 (3.6.2) CAL mascara 0003,P1,P1,762,XI,blanco,0,e,22,"::2963",2963,0,,OK,,1,1,3
S034,"2026-09-19T14:59:08-0500",SLV-002,"00:21:13:05:19:3B",V3.6 2026-09-19 (3.6.2) CAL mascara 0003,P1,P1,762,XI,blanco,0,e,23,"::2954",2954,0,,OK,,1,1,3
S034,"2026-09-19T14:59:09-0500",SLV-002,"00:21:13:05:19:3B",V3.6 2026-09-19 (3.6.2) CAL mascara 0003,P1,P1,762,XI,blanco,0,e,24,"::2956",2956,0,,OK,,1,1,3
S034,"2026-09-19T14:59:11-0500",SLV-002,"00:21:13:05:19:3B",V3.6 2026-09-19 (3.6.2) CAL mascara 0003,P1,P1,762,XI,blanco,0,e,25,"::2954",2954,0,,OK,,1,1,3
S034,"2026-09-19T14:59:12-0500",SLV-002,"00:21:13:05:19:3B",V3.6 2026-09-19 (3.6.2) CAL mascara 0003,P1,P1,762,XI,blanco,0,e,26,"::2961",2961,0,,OK,,1,1,3
S034,"2026-09-19T14:59:14-0500",SLV-002,"00:21:13:05:19:3B",V3.6 2026-09-19 (3.6.2) CAL mascara 0003,P1,P1,762,XI,blanco,0,e,27,"::2971",2971,0,,OK,,1,1,3
S034,"2026-09-19T14:59:18-0500",SLV-002,"00:21:13:05:19:3B",V3.6 2026-09-19 (3.6.2) CAL mascara 0003,P1,P1,762,XI,blanco,0,e,28,"::2959",2959,0,,OK,,1,1,4
S034,"2026-09-19T14:59:20-0500",SLV-002,"00:21:13:05:19:3B",V3.6 2026-09-19 (3.6.2) CAL mascara 0003,P1,P1,762,XI,blanco,0,e,29,"::2955",2955,0,,OK,,1,1,4
S034,"2026-09-19T14:59:21-0500",SLV-002,"00:21:13:05:19:3B",V3.6 2026-09-19 (3.6.2) CAL mascara 0003,P1,P1,762,XI,blanco,0,e,30,"::2966",2966,0,,OK,,1,1,4
S034,"2026-09-19T14:59:23-0500",SLV-002,"00:21:13:05:19:3B",V3.6 2026-09-19 (3.6.2) CAL mascara 0003,P1,P1,762,XI,blanco,0,e,31,"::2955",2955,0,,OK,,1,1,4
S034,"2026-09-19T14:59:25-0500",SLV-002,"00:21:13:05:19:3B",V3.6 2026-09-19 (3.6.2) CAL mascara 0003,P1,P1,762,XI,blanco,0,e,32,"::2946",2946,0,,OK,,1,1,4
S034,"2026-09-19T14:59:26-0500",SLV-002,"00:21:13:05:19:3B",V3.6 2026-09-19 (3.6.2) CAL mascara 0003,P1,P1,762,XI,blanco,0,e,33,"::2963",2963,0,,OK,,1,1,4
S034,"2026-09-19T14:59:28-0500",SLV-002,"00:21:13:05:19:3B",V3.6 2026-09-19 (3.6.2) CAL mascara 0003,P1,P1,762,XI,blanco,0,e,34,"::2965",2965,0,,OK,,1,1,4
S034,"2026-09-19T14:59:29-0500",SLV-002,"00:21:13:05:19:3B",V3.6 2026-09-19 (3.6.2) CAL mascara 0003,P1,P1,762,XI,blanco,0,e,35,"::2964",2964,0,,OK,,1,1,4
S034,"2026-09-19T14:59:31-0500",SLV-002,"00:21:13:05:19:3B",V3.6 2026-09-19 (3.6.2) CAL mascara 0003,P1,P1,762,XI,blanco,0,e,36,"::2958",2958,0,,OK,,1,1,4
S034,"2026-09-19T14:59:37-0500",SLV-002,"00:21:13:05:19:3B",V3.6 2026-09-19 (3.6.2) CAL mascara 0003,P1,P1,762,XI,blanco,0,e,37,"::2962",2962,0,,OK,,1,1,5
S034,"2026-09-19T14:59:38-0500",SLV-002,"00:21:13:05:19:3B",V3.6 2026-09-19 (3.6.2) CAL mascara 0003,P1,P1,762,XI,blanco,0,e,38,"::2956",2956,0,,OK,,1,1,5
S034,"2026-09-19T14:59:40-0500",SLV-002,"00:21:13:05:19:3B",V3.6 2026-09-19 (3.6.2) CAL mascara 0003,P1,P1,762,XI,blanco,0,e,39,"::2956",2956,0,,OK,,1,1,5
S034,"2026-09-19T14:59:41-0500",SLV-002,"00:21:13:05:19:3B",V3.6 2026-09-19 (3.6.2) CAL mascara 0003,P1,P1,762,XI,blanco,0,e,40,"::2968",2968,0,,OK,,1,1,5
S034,"2026-09-19T14:59:43-0500",SLV-002,"00:21:13:05:19:3B",V3.6 2026-09-19 (3.6.2) CAL mascara 0003,P1,P1,762,XI,blanco,0,e,41,"::2956",2956,0,,OK,,1,1,5
S034,"2026-09-19T14:59:45-0500",SLV-002,"00:21:13:05:19:3B",V3.6 2026-09-19 (3.6.2) CAL mascara 0003,P1,P1,762,XI,blanco,0,e,42,"::2958",2958,0,,OK,,1,1,5
S034,"2026-09-19T14:59:46-0500",SLV-002,"00:21:13:05:19:3B",V3.6 2026-09-19 (3.6.2) CAL mascara 0003,P1,P1,762,XI,blanco,0,e,43,"::2948",2948,0,,OK,,1,1,5
S034,"2026-09-19T14:59:48-0500",SLV-002,"00:21:13:05:19:3B",V3.6 2026-09-19 (3.6.2) CAL mascara 0003,P1,P1,762,XI,blanco,0,e,44,"::2953",2953,0,,OK,,1,1,5
S034,"2026-09-19T14:59:49-0500",SLV-002,"00:21:13:05:19:3B",V3.6 2026-09-19 (3.6.2) CAL mascara 0003,P1,P1,762,XI,blanco,0,e,45,"::2954",2954,0,,OK,,1,1,5
S035,"2026-09-19T15:00:55-0500",SLV-002,"00:21:13:05:19:3B",V3.6 2026-09-19 (3.6.2) CAL mascara 0003,P2,P2,414,IV,blanco,0,e,1,"::2052",2052,0,,OK,,1,1,1
S035,"2026-09-19T15:00:57-0500",SLV-002,"00:21:13:05:19:3B",V3.6 2026-09-19 (3.6.2) CAL mascara 0003,P2,P2,414,IV,blanco,0,e,2,"::2059",2059,0,,OK,,1,1,1
S035,"2026-09-19T15:00:58-0500",SLV-002,"00:21:13:05:19:3B",V3.6 2026-09-19 (3.6.2) CAL mascara 0003,P2,P2,414,IV,blanco,0,e,3,"::2050",2050,0,,OK,,1,1,1
S035,"2026-09-19T15:01:00-0500",SLV-002,"00:21:13:05:19:3B",V3.6 2026-09-19 (3.6.2) CAL mascara 0003,P2,P2,414,IV,blanco,0,e,4,"::2057",2057,0,,OK,,1,1,1
S035,"2026-09-19T15:01:02-0500",SLV-002,"00:21:13:05:19:3B",V3.6 2026-09-19 (3.6.2) CAL mascara 0003,P2,P2,414,IV,blanco,0,e,5,"::2055",2055,0,,OK,,1,1,1
S035,"2026-09-19T15:01:04-0500",SLV-002,"00:21:13:05:19:3B",V3.6 2026-09-19 (3.6.2) CAL mascara 0003,P2,P2,414,IV,blanco,0,e,6,"::2063",2063,0,,OK,,1,1,1
S035,"2026-09-19T15:01:05-0500",SLV-002,"00:21:13:05:19:3B",V3.6 2026-09-19 (3.6.2) CAL mascara 0003,P2,P2,414,IV,blanco,0,e,7,"::2052",2052,0,,OK,,1,1,1
S035,"2026-09-19T15:01:07-0500",SLV-002,"00:21:13:05:19:3B",V3.6 2026-09-19 (3.6.2) CAL mascara 0003,P2,P2,414,IV,blanco,0,e,8,"::2052",2052,0,,OK,,1,1,1
S035,"2026-09-19T15:01:08-0500",SLV-002,"00:21:13:05:19:3B",V3.6 2026-09-19 (3.6.2) CAL mascara 0003,P2,P2,414,IV,blanco,0,e,9,"::2063",2063,0,,OK,,1,1,1
S035,"2026-09-19T15:01:13-0500",SLV-002,"00:21:13:05:19:3B",V3.6 2026-09-19 (3.6.2) CAL mascara 0003,P2,P2,414,IV,blanco,0,e,10,"::2054",2054,0,,OK,,1,1,2
S035,"2026-09-19T15:01:15-0500",SLV-002,"00:21:13:05:19:3B",V3.6 2026-09-19 (3.6.2) CAL mascara 0003,P2,P2,414,IV,blanco,0,e,11,"::2066",2066,0,,OK,,1,1,2
S035,"2026-09-19T15:01:16-0500",SLV-002,"00:21:13:05:19:3B",V3.6 2026-09-19 (3.6.2) CAL mascara 0003,P2,P2,414,IV,blanco,0,e,12,"::2062",2062,0,,OK,,1,1,2
S035,"2026-09-19T15:01:18-0500",SLV-002,"00:21:13:05:19:3B",V3.6 2026-09-19 (3.6.2) CAL mascara 0003,P2,P2,414,IV,blanco,0,e,13,"::2060",2060,0,,OK,,1,1,2
S035,"2026-09-19T15:01:20-0500",SLV-002,"00:21:13:05:19:3B",V3.6 2026-09-19 (3.6.2) CAL mascara 0003,P2,P2,414,IV,blanco,0,e,14,"::2061",2061,0,,OK,,1,1,2
S035,"2026-09-19T15:01:21-0500",SLV-002,"00:21:13:05:19:3B",V3.6 2026-09-19 (3.6.2) CAL mascara 0003,P2,P2,414,IV,blanco,0,e,15,"::2059",2059,0,,OK,,1,1,2
S035,"2026-09-19T15:01:23-0500",SLV-002,"00:21:13:05:19:3B",V3.6 2026-09-19 (3.6.2) CAL mascara 0003,P2,P2,414,IV,blanco,0,e,16,"::2065",2065,0,,OK,,1,1,2
S035,"2026-09-19T15:01:24-0500",SLV-002,"00:21:13:05:19:3B",V3.6 2026-09-19 (3.6.2) CAL mascara 0003,P2,P2,414,IV,blanco,0,e,17,"::2057",2057,0,,OK,,1,1,2
S035,"2026-09-19T15:01:26-0500",SLV-002,"00:21:13:05:19:3B",V3.6 2026-09-19 (3.6.2) CAL mascara 0003,P2,P2,414,IV,blanco,0,e,18,"::2065",2065,0,,OK,,1,1,2
S035,"2026-09-19T15:01:32-0500",SLV-002,"00:21:13:05:19:3B",V3.6 2026-09-19 (3.6.2) CAL mascara 0003,P2,P2,414,IV,blanco,0,e,19,"::2056",2056,0,,OK,,1,1,3
S035,"2026-09-19T15:01:34-0500",SLV-002,"00:21:13:05:19:3B",V3.6 2026-09-19 (3.6.2) CAL mascara 0003,P2,P2,414,IV,blanco,0,e,20,"::2051",2051,0,,OK,,1,1,3
S035,"2026-09-19T15:01:35-0500",SLV-002,"00:21:13:05:19:3B",V3.6 2026-09-19 (3.6.2) CAL mascara 0003,P2,P2,414,IV,blanco,0,e,21,"::2049",2049,0,,OK,,1,1,3
S035,"2026-09-19T15:01:37-0500",SLV-002,"00:21:13:05:19:3B",V3.6 2026-09-19 (3.6.2) CAL mascara 0003,P2,P2,414,IV,blanco,0,e,22,"::2060",2060,0,,OK,,1,1,3
S035,"2026-09-19T15:01:39-0500",SLV-002,"00:21:13:05:19:3B",V3.6 2026-09-19 (3.6.2) CAL mascara 0003,P2,P2,414,IV,blanco,0,e,23,"::2058",2058,0,,OK,,1,1,3
S035,"2026-09-19T15:01:40-0500",SLV-002,"00:21:13:05:19:3B",V3.6 2026-09-19 (3.6.2) CAL mascara 0003,P2,P2,414,IV,blanco,0,e,24,"::2058",2058,0,,OK,,1,1,3
S035,"2026-09-19T15:01:42-0500",SLV-002,"00:21:13:05:19:3B",V3.6 2026-09-19 (3.6.2) CAL mascara 0003,P2,P2,414,IV,blanco,0,e,25,"::2059",2059,0,,OK,,1,1,3
S035,"2026-09-19T15:01:43-0500",SLV-002,"00:21:13:05:19:3B",V3.6 2026-09-19 (3.6.2) CAL mascara 0003,P2,P2,414,IV,blanco,0,e,26,"::2053",2053,0,,OK,,1,1,3
S035,"2026-09-19T15:01:45-0500",SLV-002,"00:21:13:05:19:3B",V3.6 2026-09-19 (3.6.2) CAL mascara 0003,P2,P2,414,IV,blanco,0,e,27,"::2070",2070,0,,OK,,1,1,3
S035,"2026-09-19T15:01:50-0500",SLV-002,"00:21:13:05:19:3B",V3.6 2026-09-19 (3.6.2) CAL mascara 0003,P2,P2,414,IV,blanco,0,e,28,"::2048",2048,0,,OK,,1,1,4
S035,"2026-09-19T15:01:52-0500",SLV-002,"00:21:13:05:19:3B",V3.6 2026-09-19 (3.6.2) CAL mascara 0003,P2,P2,414,IV,blanco,0,e,29,"::2050",2050,0,,OK,,1,1,4
S035,"2026-09-19T15:01:54-0500",SLV-002,"00:21:13:05:19:3B",V3.6 2026-09-19 (3.6.2) CAL mascara 0003,P2,P2,414,IV,blanco,0,e,30,"::2051",2051,0,,OK,,1,1,4
S035,"2026-09-19T15:01:55-0500",SLV-002,"00:21:13:05:19:3B",V3.6 2026-09-19 (3.6.2) CAL mascara 0003,P2,P2,414,IV,blanco,0,e,31,"::2048",2048,0,,OK,,1,1,4
S035,"2026-09-19T15:01:57-0500",SLV-002,"00:21:13:05:19:3B",V3.6 2026-09-19 (3.6.2) CAL mascara 0003,P2,P2,414,IV,blanco,0,e,32,"::2060",2060,0,,OK,,1,1,4
S035,"2026-09-19T15:01:59-0500",SLV-002,"00:21:13:05:19:3B",V3.6 2026-09-19 (3.6.2) CAL mascara 0003,P2,P2,414,IV,blanco,0,e,33,"::2054",2054,0,,OK,,1,1,4
S035,"2026-09-19T15:02:00-0500",SLV-002,"00:21:13:05:19:3B",V3.6 2026-09-19 (3.6.2) CAL mascara 0003,P2,P2,414,IV,blanco,0,e,34,"::2057",2057,0,,OK,,1,1,4
S035,"2026-09-19T15:02:02-0500",SLV-002,"00:21:13:05:19:3B",V3.6 2026-09-19 (3.6.2) CAL mascara 0003,P2,P2,414,IV,blanco,0,e,35,"::2061",2061,0,,OK,,1,1,4
S035,"2026-09-19T15:02:03-0500",SLV-002,"00:21:13:05:19:3B",V3.6 2026-09-19 (3.6.2) CAL mascara 0003,P2,P2,414,IV,blanco,0,e,36,"::2056",2056,0,,OK,,1,1,4
S035,"2026-09-19T15:02:09-0500",SLV-002,"00:21:13:05:19:3B",V3.6 2026-09-19 (3.6.2) CAL mascara 0003,P2,P2,414,IV,blanco,0,e,37,"::2055",2055,0,,OK,,1,1,5
S035,"2026-09-19T15:02:11-0500",SLV-002,"00:21:13:05:19:3B",V3.6 2026-09-19 (3.6.2) CAL mascara 0003,P2,P2,414,IV,blanco,0,e,38,"::2057",2057,0,,OK,,1,1,5
S035,"2026-09-19T15:02:12-0500",SLV-002,"00:21:13:05:19:3B",V3.6 2026-09-19 (3.6.2) CAL mascara 0003,P2,P2,414,IV,blanco,0,e,39,"::2050",2050,0,,OK,,1,1,5
S035,"2026-09-19T15:02:14-0500",SLV-002,"00:21:13:05:19:3B",V3.6 2026-09-19 (3.6.2) CAL mascara 0003,P2,P2,414,IV,blanco,0,e,40,"::2051",2051,0,,OK,,1,1,5
S035,"2026-09-19T15:02:16-0500",SLV-002,"00:21:13:05:19:3B",V3.6 2026-09-19 (3.6.2) CAL mascara 0003,P2,P2,414,IV,blanco,0,e,41,"::2048",2048,0,,OK,,1,1,5
S035,"2026-09-19T15:02:17-0500",SLV-002,"00:21:13:05:19:3B",V3.6 2026-09-19 (3.6.2) CAL mascara 0003,P2,P2,414,IV,blanco,0,e,42,"::2044",2044,0,,OK,,1,1,5
S035,"2026-09-19T15:02:19-0500",SLV-002,"00:21:13:05:19:3B",V3.6 2026-09-19 (3.6.2) CAL mascara 0003,P2,P2,414,IV,blanco,0,e,43,"::2057",2057,0,,OK,,1,1,5
S035,"2026-09-19T15:02:20-0500",SLV-002,"00:21:13:05:19:3B",V3.6 2026-09-19 (3.6.2) CAL mascara 0003,P2,P2,414,IV,blanco,0,e,44,"::2062",2062,0,,OK,,1,1,5
S035,"2026-09-19T15:02:22-0500",SLV-002,"00:21:13:05:19:3B",V3.6 2026-09-19 (3.6.2) CAL mascara 0003,P2,P2,414,IV,blanco,0,e,45,"::2054",2054,0,,OK,,1,1,5
S036,"2026-09-19T15:02:32-0500",SLV-002,"00:21:13:05:19:3B",V3.6 2026-09-19 (3.6.2) CAL mascara 0003,P27,P27,471,IX,blanco,0,e,1,"::2058",2058,0,,OK,,1,1,1
S036,"2026-09-19T15:02:34-0500",SLV-002,"00:21:13:05:19:3B",V3.6 2026-09-19 (3.6.2) CAL mascara 0003,P27,P27,471,IX,blanco,0,e,2,"::2053",2053,0,,OK,,1,1,1
S036,"2026-09-19T15:02:35-0500",SLV-002,"00:21:13:05:19:3B",V3.6 2026-09-19 (3.6.2) CAL mascara 0003,P27,P27,471,IX,blanco,0,e,3,"::2054",2054,0,,OK,,1,1,1
S036,"2026-09-19T15:02:37-0500",SLV-002,"00:21:13:05:19:3B",V3.6 2026-09-19 (3.6.2) CAL mascara 0003,P27,P27,471,IX,blanco,0,e,4,"::2057",2057,0,,OK,,1,1,1
S036,"2026-09-19T15:02:38-0500",SLV-002,"00:21:13:05:19:3B",V3.6 2026-09-19 (3.6.2) CAL mascara 0003,P27,P27,471,IX,blanco,0,e,5,"::2055",2055,0,,OK,,1,1,1
S036,"2026-09-19T15:02:40-0500",SLV-002,"00:21:13:05:19:3B",V3.6 2026-09-19 (3.6.2) CAL mascara 0003,P27,P27,471,IX,blanco,0,e,6,"::2053",2053,0,,OK,,1,1,1
S036,"2026-09-19T15:02:41-0500",SLV-002,"00:21:13:05:19:3B",V3.6 2026-09-19 (3.6.2) CAL mascara 0003,P27,P27,471,IX,blanco,0,e,7,"::2048",2048,0,,OK,,1,1,1
S036,"2026-09-19T15:02:43-0500",SLV-002,"00:21:13:05:19:3B",V3.6 2026-09-19 (3.6.2) CAL mascara 0003,P27,P27,471,IX,blanco,0,e,8,"::2052",2052,0,,OK,,1,1,1
S036,"2026-09-19T15:02:45-0500",SLV-002,"00:21:13:05:19:3B",V3.6 2026-09-19 (3.6.2) CAL mascara 0003,P27,P27,471,IX,blanco,0,e,9,"::2054",2054,0,,OK,,1,1,1
S036,"2026-09-19T15:03:25-0500",SLV-002,"00:21:13:05:19:3B",V3.6 2026-09-19 (3.6.2) CAL mascara 0003,P27,P27,471,IX,blanco,0,e,10,"::1958",1958,0,,OK,,1,1,2
S036,"2026-09-19T15:03:26-0500",SLV-002,"00:21:13:05:19:3B",V3.6 2026-09-19 (3.6.2) CAL mascara 0003,P27,P27,471,IX,blanco,0,e,11,"::1954",1954,0,,OK,,1,1,2
S036,"2026-09-19T15:03:28-0500",SLV-002,"00:21:13:05:19:3B",V3.6 2026-09-19 (3.6.2) CAL mascara 0003,P27,P27,471,IX,blanco,0,e,12,"::1949",1949,0,,OK,,1,1,2
S036,"2026-09-19T15:03:30-0500",SLV-002,"00:21:13:05:19:3B",V3.6 2026-09-19 (3.6.2) CAL mascara 0003,P27,P27,471,IX,blanco,0,e,13,"::1957",1957,0,,OK,,1,1,2
S036,"2026-09-19T15:03:31-0500",SLV-002,"00:21:13:05:19:3B",V3.6 2026-09-19 (3.6.2) CAL mascara 0003,P27,P27,471,IX,blanco,0,e,14,"::1968",1968,0,,OK,,1,1,2
S036,"2026-09-19T15:03:33-0500",SLV-002,"00:21:13:05:19:3B",V3.6 2026-09-19 (3.6.2) CAL mascara 0003,P27,P27,471,IX,blanco,0,e,15,"::1955",1955,0,,OK,,1,1,2
S036,"2026-09-19T15:03:34-0500",SLV-002,"00:21:13:05:19:3B",V3.6 2026-09-19 (3.6.2) CAL mascara 0003,P27,P27,471,IX,blanco,0,e,16,"::1959",1959,0,,OK,,1,1,2
S036,"2026-09-19T15:03:36-0500",SLV-002,"00:21:13:05:19:3B",V3.6 2026-09-19 (3.6.2) CAL mascara 0003,P27,P27,471,IX,blanco,0,e,17,"::1957",1957,0,,OK,,1,1,2
S036,"2026-09-19T15:03:38-0500",SLV-002,"00:21:13:05:19:3B",V3.6 2026-09-19 (3.6.2) CAL mascara 0003,P27,P27,471,IX,blanco,0,e,18,"::1957",1957,0,,OK,,1,1,2
S036,"2026-09-19T15:03:43-0500",SLV-002,"00:21:13:05:19:3B",V3.6 2026-09-19 (3.6.2) CAL mascara 0003,P27,P27,471,IX,blanco,0,e,19,"::1953",1953,0,,OK,,1,1,3
S036,"2026-09-19T15:03:45-0500",SLV-002,"00:21:13:05:19:3B",V3.6 2026-09-19 (3.6.2) CAL mascara 0003,P27,P27,471,IX,blanco,0,e,20,"::1964",1964,0,,OK,,1,1,3
S036,"2026-09-19T15:03:46-0500",SLV-002,"00:21:13:05:19:3B",V3.6 2026-09-19 (3.6.2) CAL mascara 0003,P27,P27,471,IX,blanco,0,e,21,"::1957",1957,0,,OK,,1,1,3
S036,"2026-09-19T15:03:48-0500",SLV-002,"00:21:13:05:19:3B",V3.6 2026-09-19 (3.6.2) CAL mascara 0003,P27,P27,471,IX,blanco,0,e,22,"::1957",1957,0,,OK,,1,1,3
S036,"2026-09-19T15:03:49-0500",SLV-002,"00:21:13:05:19:3B",V3.6 2026-09-19 (3.6.2) CAL mascara 0003,P27,P27,471,IX,blanco,0,e,23,"::1961",1961,0,,OK,,1,1,3
S036,"2026-09-19T15:03:51-0500",SLV-002,"00:21:13:05:19:3B",V3.6 2026-09-19 (3.6.2) CAL mascara 0003,P27,P27,471,IX,blanco,0,e,24,"::1959",1959,0,,OK,,1,1,3
S036,"2026-09-19T15:03:53-0500",SLV-002,"00:21:13:05:19:3B",V3.6 2026-09-19 (3.6.2) CAL mascara 0003,P27,P27,471,IX,blanco,0,e,25,"::1963",1963,0,,OK,,1,1,3
S036,"2026-09-19T15:03:54-0500",SLV-002,"00:21:13:05:19:3B",V3.6 2026-09-19 (3.6.2) CAL mascara 0003,P27,P27,471,IX,blanco,0,e,26,"::1955",1955,0,,OK,,1,1,3
S036,"2026-09-19T15:03:56-0500",SLV-002,"00:21:13:05:19:3B",V3.6 2026-09-19 (3.6.2) CAL mascara 0003,P27,P27,471,IX,blanco,0,e,27,"::1952",1952,0,,OK,,1,1,3
S036,"2026-09-19T15:04:01-0500",SLV-002,"00:21:13:05:19:3B",V3.6 2026-09-19 (3.6.2) CAL mascara 0003,P27,P27,471,IX,blanco,0,e,28,"::1952",1952,0,,OK,,1,1,4
S036,"2026-09-19T15:04:03-0500",SLV-002,"00:21:13:05:19:3B",V3.6 2026-09-19 (3.6.2) CAL mascara 0003,P27,P27,471,IX,blanco,0,e,29,"::1959",1959,0,,OK,,1,1,4
S036,"2026-09-19T15:04:04-0500",SLV-002,"00:21:13:05:19:3B",V3.6 2026-09-19 (3.6.2) CAL mascara 0003,P27,P27,471,IX,blanco,0,e,30,"::1961",1961,0,,OK,,1,1,4
S036,"2026-09-19T15:04:06-0500",SLV-002,"00:21:13:05:19:3B",V3.6 2026-09-19 (3.6.2) CAL mascara 0003,P27,P27,471,IX,blanco,0,e,31,"::1960",1960,0,,OK,,1,1,4
S036,"2026-09-19T15:04:08-0500",SLV-002,"00:21:13:05:19:3B",V3.6 2026-09-19 (3.6.2) CAL mascara 0003,P27,P27,471,IX,blanco,0,e,32,"::1954",1954,0,,OK,,1,1,4
S036,"2026-09-19T15:04:09-0500",SLV-002,"00:21:13:05:19:3B",V3.6 2026-09-19 (3.6.2) CAL mascara 0003,P27,P27,471,IX,blanco,0,e,33,"::1952",1952,0,,OK,,1,1,4
S036,"2026-09-19T15:04:11-0500",SLV-002,"00:21:13:05:19:3B",V3.6 2026-09-19 (3.6.2) CAL mascara 0003,P27,P27,471,IX,blanco,0,e,34,"::1952",1952,0,,OK,,1,1,4
S036,"2026-09-19T15:04:12-0500",SLV-002,"00:21:13:05:19:3B",V3.6 2026-09-19 (3.6.2) CAL mascara 0003,P27,P27,471,IX,blanco,0,e,35,"::1964",1964,0,,OK,,1,1,4
S036,"2026-09-19T15:04:14-0500",SLV-002,"00:21:13:05:19:3B",V3.6 2026-09-19 (3.6.2) CAL mascara 0003,P27,P27,471,IX,blanco,0,e,36,"::1961",1961,0,,OK,,1,1,4
S036,"2026-09-19T15:04:19-0500",SLV-002,"00:21:13:05:19:3B",V3.6 2026-09-19 (3.6.2) CAL mascara 0003,P27,P27,471,IX,blanco,0,e,37,"::1953",1953,0,,OK,,1,1,5
S036,"2026-09-19T15:04:21-0500",SLV-002,"00:21:13:05:19:3B",V3.6 2026-09-19 (3.6.2) CAL mascara 0003,P27,P27,471,IX,blanco,0,e,38,"::1942",1942,0,,OK,,1,1,5
S036,"2026-09-19T15:04:22-0500",SLV-002,"00:21:13:05:19:3B",V3.6 2026-09-19 (3.6.2) CAL mascara 0003,P27,P27,471,IX,blanco,0,e,39,"::1963",1963,0,,OK,,1,1,5
S036,"2026-09-19T15:04:24-0500",SLV-002,"00:21:13:05:19:3B",V3.6 2026-09-19 (3.6.2) CAL mascara 0003,P27,P27,471,IX,blanco,0,e,40,"::1953",1953,0,,OK,,1,1,5
S036,"2026-09-19T15:04:25-0500",SLV-002,"00:21:13:05:19:3B",V3.6 2026-09-19 (3.6.2) CAL mascara 0003,P27,P27,471,IX,blanco,0,e,41,"::1950",1950,0,,OK,,1,1,5
S036,"2026-09-19T15:04:27-0500",SLV-002,"00:21:13:05:19:3B",V3.6 2026-09-19 (3.6.2) CAL mascara 0003,P27,P27,471,IX,blanco,0,e,42,"::1961",1961,0,,OK,,1,1,5
S036,"2026-09-19T15:04:28-0500",SLV-002,"00:21:13:05:19:3B",V3.6 2026-09-19 (3.6.2) CAL mascara 0003,P27,P27,471,IX,blanco,0,e,43,"::1956",1956,0,,OK,,1,1,5
S036,"2026-09-19T15:04:30-0500",SLV-002,"00:21:13:05:19:3B",V3.6 2026-09-19 (3.6.2) CAL mascara 0003,P27,P27,471,IX,blanco,0,e,44,"::1965",1965,0,,OK,,1,1,5
S036,"2026-09-19T15:04:32-0500",SLV-002,"00:21:13:05:19:3B",V3.6 2026-09-19 (3.6.2) CAL mascara 0003,P27,P27,471,IX,blanco,0,e,45,"::1958",1958,0,,OK,,1,1,5
S037,"2026-09-19T15:05:19-0500",SLV-002,"00:21:13:05:19:3B",V3.6 2026-09-19 (3.6.2) CAL mascara 0003,P28,P28,484,IX,blanco,0,e,1,"::2070",2070,0,,DUDOSO,repetida,0,0,1
S037,"2026-09-19T15:05:20-0500",SLV-002,"00:21:13:05:19:3B",V3.6 2026-09-19 (3.6.2) CAL mascara 0003,P28,P28,484,IX,blanco,0,e,2,"::2065",2065,0,,DUDOSO,repetida,0,0,1
S037,"2026-09-19T15:05:22-0500",SLV-002,"00:21:13:05:19:3B",V3.6 2026-09-19 (3.6.2) CAL mascara 0003,P28,P28,484,IX,blanco,0,e,3,"::2075",2075,0,,DUDOSO,repetida,0,0,1
S037,"2026-09-19T15:05:24-0500",SLV-002,"00:21:13:05:19:3B",V3.6 2026-09-19 (3.6.2) CAL mascara 0003,P28,P28,484,IX,blanco,0,e,4,"::2078",2078,0,,DUDOSO,repetida,0,0,1
S037,"2026-09-19T15:05:25-0500",SLV-002,"00:21:13:05:19:3B",V3.6 2026-09-19 (3.6.2) CAL mascara 0003,P28,P28,484,IX,blanco,0,e,5,"::2061",2061,0,,DUDOSO,repetida,0,0,1
S037,"2026-09-19T15:05:27-0500",SLV-002,"00:21:13:05:19:3B",V3.6 2026-09-19 (3.6.2) CAL mascara 0003,P28,P28,484,IX,blanco,0,e,6,"::2065",2065,0,,DUDOSO,repetida,0,0,1
S037,"2026-09-19T15:05:29-0500",SLV-002,"00:21:13:05:19:3B",V3.6 2026-09-19 (3.6.2) CAL mascara 0003,P28,P28,484,IX,blanco,0,e,7,"::2069",2069,0,,DUDOSO,repetida,0,0,1
S037,"2026-09-19T15:05:30-0500",SLV-002,"00:21:13:05:19:3B",V3.6 2026-09-19 (3.6.2) CAL mascara 0003,P28,P28,484,IX,blanco,0,e,8,"::2073",2073,0,,DUDOSO,repetida,0,0,1
S037,"2026-09-19T15:05:32-0500",SLV-002,"00:21:13:05:19:3B",V3.6 2026-09-19 (3.6.2) CAL mascara 0003,P28,P28,484,IX,blanco,0,e,9,"::2064",2064,0,,DUDOSO,repetida,0,0,1
S037,"2026-09-19T15:05:38-0500",SLV-002,"00:21:13:05:19:3B",V3.6 2026-09-19 (3.6.2) CAL mascara 0003,P28,P28,484,IX,blanco,0,e,10,"::2057",2057,0,,DUDOSO,repetida,0,0,2
S037,"2026-09-19T15:05:39-0500",SLV-002,"00:21:13:05:19:3B",V3.6 2026-09-19 (3.6.2) CAL mascara 0003,P28,P28,484,IX,blanco,0,e,11,"::2053",2053,0,,DUDOSO,repetida,0,0,2
S037,"2026-09-19T15:05:41-0500",SLV-002,"00:21:13:05:19:3B",V3.6 2026-09-19 (3.6.2) CAL mascara 0003,P28,P28,484,IX,blanco,0,e,12,"::2057",2057,0,,DUDOSO,repetida,0,0,2
S037,"2026-09-19T15:05:42-0500",SLV-002,"00:21:13:05:19:3B",V3.6 2026-09-19 (3.6.2) CAL mascara 0003,P28,P28,484,IX,blanco,0,e,13,"::2070",2070,0,,DUDOSO,repetida,0,0,2
S037,"2026-09-19T15:05:44-0500",SLV-002,"00:21:13:05:19:3B",V3.6 2026-09-19 (3.6.2) CAL mascara 0003,P28,P28,484,IX,blanco,0,e,14,"::2055",2055,0,,DUDOSO,repetida,0,0,2
S037,"2026-09-19T15:05:46-0500",SLV-002,"00:21:13:05:19:3B",V3.6 2026-09-19 (3.6.2) CAL mascara 0003,P28,P28,484,IX,blanco,0,e,15,"::2062",2062,0,,DUDOSO,repetida,0,0,2
S037,"2026-09-19T15:05:47-0500",SLV-002,"00:21:13:05:19:3B",V3.6 2026-09-19 (3.6.2) CAL mascara 0003,P28,P28,484,IX,blanco,0,e,16,"::2070",2070,0,,DUDOSO,repetida,0,0,2
S037,"2026-09-19T15:05:49-0500",SLV-002,"00:21:13:05:19:3B",V3.6 2026-09-19 (3.6.2) CAL mascara 0003,P28,P28,484,IX,blanco,0,e,17,"::2066",2066,0,,DUDOSO,repetida,0,0,2
S037,"2026-09-19T15:05:50-0500",SLV-002,"00:21:13:05:19:3B",V3.6 2026-09-19 (3.6.2) CAL mascara 0003,P28,P28,484,IX,blanco,0,e,18,"::2069",2069,0,,DUDOSO,repetida,0,0,2
S037,"2026-09-19T15:05:56-0500",SLV-002,"00:21:13:05:19:3B",V3.6 2026-09-19 (3.6.2) CAL mascara 0003,P28,P28,484,IX,blanco,0,e,19,"::2066",2066,0,,DUDOSO,repetida,0,0,3
S037,"2026-09-19T15:05:58-0500",SLV-002,"00:21:13:05:19:3B",V3.6 2026-09-19 (3.6.2) CAL mascara 0003,P28,P28,484,IX,blanco,0,e,20,"::2066",2066,0,,DUDOSO,repetida,0,0,3
S037,"2026-09-19T15:05:59-0500",SLV-002,"00:21:13:05:19:3B",V3.6 2026-09-19 (3.6.2) CAL mascara 0003,P28,P28,484,IX,blanco,0,e,21,"::2060",2060,0,,DUDOSO,repetida,0,0,3
S037,"2026-09-19T15:06:01-0500",SLV-002,"00:21:13:05:19:3B",V3.6 2026-09-19 (3.6.2) CAL mascara 0003,P28,P28,484,IX,blanco,0,e,22,"::2060",2060,0,,DUDOSO,repetida,0,0,3
S037,"2026-09-19T15:06:03-0500",SLV-002,"00:21:13:05:19:3B",V3.6 2026-09-19 (3.6.2) CAL mascara 0003,P28,P28,484,IX,blanco,0,e,23,"::2073",2073,0,,DUDOSO,repetida,0,0,3
S037,"2026-09-19T15:06:04-0500",SLV-002,"00:21:13:05:19:3B",V3.6 2026-09-19 (3.6.2) CAL mascara 0003,P28,P28,484,IX,blanco,0,e,24,"::2067",2067,0,,DUDOSO,repetida,0,0,3
S037,"2026-09-19T15:06:06-0500",SLV-002,"00:21:13:05:19:3B",V3.6 2026-09-19 (3.6.2) CAL mascara 0003,P28,P28,484,IX,blanco,0,e,25,"::2061",2061,0,,DUDOSO,repetida,0,0,3
S037,"2026-09-19T15:06:07-0500",SLV-002,"00:21:13:05:19:3B",V3.6 2026-09-19 (3.6.2) CAL mascara 0003,P28,P28,484,IX,blanco,0,e,26,"::2068",2068,0,,DUDOSO,repetida,0,0,3
S037,"2026-09-19T15:06:09-0500",SLV-002,"00:21:13:05:19:3B",V3.6 2026-09-19 (3.6.2) CAL mascara 0003,P28,P28,484,IX,blanco,0,e,27,"::2067",2067,0,,DUDOSO,repetida,0,0,3
S037,"2026-09-19T15:06:14-0500",SLV-002,"00:21:13:05:19:3B",V3.6 2026-09-19 (3.6.2) CAL mascara 0003,P28,P28,484,IX,blanco,0,e,28,"::2069",2069,0,,DUDOSO,repetida,0,0,4
S037,"2026-09-19T15:06:16-0500",SLV-002,"00:21:13:05:19:3B",V3.6 2026-09-19 (3.6.2) CAL mascara 0003,P28,P28,484,IX,blanco,0,e,29,"::2065",2065,0,,DUDOSO,repetida,0,0,4
S037,"2026-09-19T15:06:18-0500",SLV-002,"00:21:13:05:19:3B",V3.6 2026-09-19 (3.6.2) CAL mascara 0003,P28,P28,484,IX,blanco,0,e,30,"::2066",2066,0,,DUDOSO,repetida,0,0,4
S037,"2026-09-19T15:06:19-0500",SLV-002,"00:21:13:05:19:3B",V3.6 2026-09-19 (3.6.2) CAL mascara 0003,P28,P28,484,IX,blanco,0,e,31,"::2074",2074,0,,DUDOSO,repetida,0,0,4
S037,"2026-09-19T15:06:21-0500",SLV-002,"00:21:13:05:19:3B",V3.6 2026-09-19 (3.6.2) CAL mascara 0003,P28,P28,484,IX,blanco,0,e,32,"::2065",2065,0,,DUDOSO,repetida,0,0,4
S037,"2026-09-19T15:06:22-0500",SLV-002,"00:21:13:05:19:3B",V3.6 2026-09-19 (3.6.2) CAL mascara 0003,P28,P28,484,IX,blanco,0,e,33,"::2071",2071,0,,DUDOSO,repetida,0,0,4
S037,"2026-09-19T15:06:24-0500",SLV-002,"00:21:13:05:19:3B",V3.6 2026-09-19 (3.6.2) CAL mascara 0003,P28,P28,484,IX,blanco,0,e,34,"::2066",2066,0,,DUDOSO,repetida,0,0,4
S037,"2026-09-19T15:06:26-0500",SLV-002,"00:21:13:05:19:3B",V3.6 2026-09-19 (3.6.2) CAL mascara 0003,P28,P28,484,IX,blanco,0,e,35,"::2059",2059,0,,DUDOSO,repetida,0,0,4
S037,"2026-09-19T15:06:27-0500",SLV-002,"00:21:13:05:19:3B",V3.6 2026-09-19 (3.6.2) CAL mascara 0003,P28,P28,484,IX,blanco,0,e,36,"::2063",2063,0,,DUDOSO,repetida,0,0,4
S037,"2026-09-19T15:06:33-0500",SLV-002,"00:21:13:05:19:3B",V3.6 2026-09-19 (3.6.2) CAL mascara 0003,P28,P28,484,IX,blanco,0,e,37,"::2059",2059,0,,DUDOSO,repetida,0,0,5
S037,"2026-09-19T15:06:34-0500",SLV-002,"00:21:13:05:19:3B",V3.6 2026-09-19 (3.6.2) CAL mascara 0003,P28,P28,484,IX,blanco,0,e,38,"::2071",2071,0,,DUDOSO,repetida,0,0,5
S037,"2026-09-19T15:06:36-0500",SLV-002,"00:21:13:05:19:3B",V3.6 2026-09-19 (3.6.2) CAL mascara 0003,P28,P28,484,IX,blanco,0,e,39,"::2063",2063,0,,DUDOSO,repetida,0,0,5
S037,"2026-09-19T15:06:38-0500",SLV-002,"00:21:13:05:19:3B",V3.6 2026-09-19 (3.6.2) CAL mascara 0003,P28,P28,484,IX,blanco,0,e,40,"::2069",2069,0,,DUDOSO,repetida,0,0,5
S037,"2026-09-19T15:06:39-0500",SLV-002,"00:21:13:05:19:3B",V3.6 2026-09-19 (3.6.2) CAL mascara 0003,P28,P28,484,IX,blanco,0,e,41,"::2069",2069,0,,DUDOSO,repetida,0,0,5
S037,"2026-09-19T15:06:41-0500",SLV-002,"00:21:13:05:19:3B",V3.6 2026-09-19 (3.6.2) CAL mascara 0003,P28,P28,484,IX,blanco,0,e,42,"::2064",2064,0,,DUDOSO,repetida,0,0,5
S037,"2026-09-19T15:06:42-0500",SLV-002,"00:21:13:05:19:3B",V3.6 2026-09-19 (3.6.2) CAL mascara 0003,P28,P28,484,IX,blanco,0,e,43,"::2064",2064,0,,DUDOSO,repetida,0,0,5
S037,"2026-09-19T15:06:44-0500",SLV-002,"00:21:13:05:19:3B",V3.6 2026-09-19 (3.6.2) CAL mascara 0003,P28,P28,484,IX,blanco,0,e,44,"::2066",2066,0,,DUDOSO,repetida,0,0,5
S037,"2026-09-19T15:06:45-0500",SLV-002,"00:21:13:05:19:3B",V3.6 2026-09-19 (3.6.2) CAL mascara 0003,P28,P28,484,IX,blanco,0,e,45,"::2066",2066,0,,DUDOSO,repetida,0,0,5
S038,"2026-09-19T15:06:53-0500",SLV-002,"00:21:13:05:19:3B",V3.6 2026-09-19 (3.6.2) CAL mascara 0003,P28,P28,484,IX,blanco,0,e,1,"::2059",2059,0,,REPETIR,Ok,1,1,1
S038,"2026-09-19T15:06:55-0500",SLV-002,"00:21:13:05:19:3B",V3.6 2026-09-19 (3.6.2) CAL mascara 0003,P28,P28,484,IX,blanco,0,e,2,"::2065",2065,0,,REPETIR,Ok,1,1,1
S038,"2026-09-19T15:06:56-0500",SLV-002,"00:21:13:05:19:3B",V3.6 2026-09-19 (3.6.2) CAL mascara 0003,P28,P28,484,IX,blanco,0,e,3,"::2073",2073,0,,REPETIR,Ok,1,1,1
S038,"2026-09-19T15:06:58-0500",SLV-002,"00:21:13:05:19:3B",V3.6 2026-09-19 (3.6.2) CAL mascara 0003,P28,P28,484,IX,blanco,0,e,4,"::2061",2061,0,,REPETIR,Ok,1,1,1
S038,"2026-09-19T15:06:59-0500",SLV-002,"00:21:13:05:19:3B",V3.6 2026-09-19 (3.6.2) CAL mascara 0003,P28,P28,484,IX,blanco,0,e,5,"::2067",2067,0,,REPETIR,Ok,1,1,1
S038,"2026-09-19T15:07:01-0500",SLV-002,"00:21:13:05:19:3B",V3.6 2026-09-19 (3.6.2) CAL mascara 0003,P28,P28,484,IX,blanco,0,e,6,"::2065",2065,0,,REPETIR,Ok,1,1,1
S038,"2026-09-19T15:07:03-0500",SLV-002,"00:21:13:05:19:3B",V3.6 2026-09-19 (3.6.2) CAL mascara 0003,P28,P28,484,IX,blanco,0,e,7,"::2061",2061,0,,REPETIR,Ok,1,1,1
S038,"2026-09-19T15:07:04-0500",SLV-002,"00:21:13:05:19:3B",V3.6 2026-09-19 (3.6.2) CAL mascara 0003,P28,P28,484,IX,blanco,0,e,8,"::2064",2064,0,,REPETIR,Ok,1,1,1
S038,"2026-09-19T15:07:06-0500",SLV-002,"00:21:13:05:19:3B",V3.6 2026-09-19 (3.6.2) CAL mascara 0003,P28,P28,484,IX,blanco,0,e,9,"::2066",2066,0,,REPETIR,Ok,1,1,1
S038,"2026-09-19T15:07:11-0500",SLV-002,"00:21:13:05:19:3B",V3.6 2026-09-19 (3.6.2) CAL mascara 0003,P28,P28,484,IX,blanco,0,e,10,"::2060",2060,0,,REPETIR,Ok,1,1,2
S038,"2026-09-19T15:07:13-0500",SLV-002,"00:21:13:05:19:3B",V3.6 2026-09-19 (3.6.2) CAL mascara 0003,P28,P28,484,IX,blanco,0,e,11,"::2065",2065,0,,REPETIR,Ok,1,1,2
S038,"2026-09-19T15:07:15-0500",SLV-002,"00:21:13:05:19:3B",V3.6 2026-09-19 (3.6.2) CAL mascara 0003,P28,P28,484,IX,blanco,0,e,12,"::2063",2063,0,,REPETIR,Ok,1,1,2
S038,"2026-09-19T15:07:16-0500",SLV-002,"00:21:13:05:19:3B",V3.6 2026-09-19 (3.6.2) CAL mascara 0003,P28,P28,484,IX,blanco,0,e,13,"::2062",2062,0,,REPETIR,Ok,1,1,2
S038,"2026-09-19T15:07:18-0500",SLV-002,"00:21:13:05:19:3B",V3.6 2026-09-19 (3.6.2) CAL mascara 0003,P28,P28,484,IX,blanco,0,e,14,"::2070",2070,0,,REPETIR,Ok,1,1,2
S038,"2026-09-19T15:07:19-0500",SLV-002,"00:21:13:05:19:3B",V3.6 2026-09-19 (3.6.2) CAL mascara 0003,P28,P28,484,IX,blanco,0,e,15,"::2062",2062,0,,REPETIR,Ok,1,1,2
S038,"2026-09-19T15:07:21-0500",SLV-002,"00:21:13:05:19:3B",V3.6 2026-09-19 (3.6.2) CAL mascara 0003,P28,P28,484,IX,blanco,0,e,16,"::2070",2070,0,,REPETIR,Ok,1,1,2
S038,"2026-09-19T15:07:23-0500",SLV-002,"00:21:13:05:19:3B",V3.6 2026-09-19 (3.6.2) CAL mascara 0003,P28,P28,484,IX,blanco,0,e,17,"::2060",2060,0,,REPETIR,Ok,1,1,2
S038,"2026-09-19T15:07:24-0500",SLV-002,"00:21:13:05:19:3B",V3.6 2026-09-19 (3.6.2) CAL mascara 0003,P28,P28,484,IX,blanco,0,e,18,"::2073",2073,0,,REPETIR,Ok,1,1,2
S038,"2026-09-19T15:07:32-0500",SLV-002,"00:21:13:05:19:3B",V3.6 2026-09-19 (3.6.2) CAL mascara 0003,P28,P28,484,IX,blanco,0,e,19,"::2195",2195,0,,REPETIR,Ok,1,1,3
S038,"2026-09-19T15:07:34-0500",SLV-002,"00:21:13:05:19:3B",V3.6 2026-09-19 (3.6.2) CAL mascara 0003,P28,P28,484,IX,blanco,0,e,20,"::2186",2186,0,,REPETIR,Ok,1,1,3
S038,"2026-09-19T15:07:35-0500",SLV-002,"00:21:13:05:19:3B",V3.6 2026-09-19 (3.6.2) CAL mascara 0003,P28,P28,484,IX,blanco,0,e,21,"::2194",2194,0,,REPETIR,Ok,1,1,3
S038,"2026-09-19T15:07:37-0500",SLV-002,"00:21:13:05:19:3B",V3.6 2026-09-19 (3.6.2) CAL mascara 0003,P28,P28,484,IX,blanco,0,e,22,"::2197",2197,0,,REPETIR,Ok,1,1,3
S038,"2026-09-19T15:07:39-0500",SLV-002,"00:21:13:05:19:3B",V3.6 2026-09-19 (3.6.2) CAL mascara 0003,P28,P28,484,IX,blanco,0,e,23,"::2192",2192,0,,REPETIR,Ok,1,1,3
S038,"2026-09-19T15:07:40-0500",SLV-002,"00:21:13:05:19:3B",V3.6 2026-09-19 (3.6.2) CAL mascara 0003,P28,P28,484,IX,blanco,0,e,24,"::2202",2202,0,,REPETIR,Ok,1,1,3
S038,"2026-09-19T15:07:42-0500",SLV-002,"00:21:13:05:19:3B",V3.6 2026-09-19 (3.6.2) CAL mascara 0003,P28,P28,484,IX,blanco,0,e,25,"::2192",2192,0,,REPETIR,Ok,1,1,3
S038,"2026-09-19T15:07:43-0500",SLV-002,"00:21:13:05:19:3B",V3.6 2026-09-19 (3.6.2) CAL mascara 0003,P28,P28,484,IX,blanco,0,e,26,"::2191",2191,0,,REPETIR,Ok,1,1,3
S038,"2026-09-19T15:07:45-0500",SLV-002,"00:21:13:05:19:3B",V3.6 2026-09-19 (3.6.2) CAL mascara 0003,P28,P28,484,IX,blanco,0,e,27,"::2199",2199,0,,REPETIR,Ok,1,1,3
S038,"2026-09-19T15:07:50-0500",SLV-002,"00:21:13:05:19:3B",V3.6 2026-09-19 (3.6.2) CAL mascara 0003,P28,P28,484,IX,blanco,0,e,28,"::2193",2193,0,,REPETIR,Ok,1,1,4
S038,"2026-09-19T15:07:52-0500",SLV-002,"00:21:13:05:19:3B",V3.6 2026-09-19 (3.6.2) CAL mascara 0003,P28,P28,484,IX,blanco,0,e,29,"::2187",2187,0,,REPETIR,Ok,1,1,4
S038,"2026-09-19T15:07:54-0500",SLV-002,"00:21:13:05:19:3B",V3.6 2026-09-19 (3.6.2) CAL mascara 0003,P28,P28,484,IX,blanco,0,e,30,"::2189",2189,0,,REPETIR,Ok,1,1,4
S038,"2026-09-19T15:07:55-0500",SLV-002,"00:21:13:05:19:3B",V3.6 2026-09-19 (3.6.2) CAL mascara 0003,P28,P28,484,IX,blanco,0,e,31,"::2187",2187,0,,REPETIR,Ok,1,1,4
S038,"2026-09-19T15:07:57-0500",SLV-002,"00:21:13:05:19:3B",V3.6 2026-09-19 (3.6.2) CAL mascara 0003,P28,P28,484,IX,blanco,0,e,32,"::2194",2194,0,,REPETIR,Ok,1,1,4
S038,"2026-09-19T15:07:58-0500",SLV-002,"00:21:13:05:19:3B",V3.6 2026-09-19 (3.6.2) CAL mascara 0003,P28,P28,484,IX,blanco,0,e,33,"::2184",2184,0,,REPETIR,Ok,1,1,4
S038,"2026-09-19T15:08:00-0500",SLV-002,"00:21:13:05:19:3B",V3.6 2026-09-19 (3.6.2) CAL mascara 0003,P28,P28,484,IX,blanco,0,e,34,"::2184",2184,0,,REPETIR,Ok,1,1,4
S038,"2026-09-19T15:08:02-0500",SLV-002,"00:21:13:05:19:3B",V3.6 2026-09-19 (3.6.2) CAL mascara 0003,P28,P28,484,IX,blanco,0,e,35,"::2182",2182,0,,REPETIR,Ok,1,1,4
S038,"2026-09-19T15:08:03-0500",SLV-002,"00:21:13:05:19:3B",V3.6 2026-09-19 (3.6.2) CAL mascara 0003,P28,P28,484,IX,blanco,0,e,36,"::2178",2178,0,,REPETIR,Ok,1,1,4
S038,"2026-09-19T15:08:08-0500",SLV-002,"00:21:13:05:19:3B",V3.6 2026-09-19 (3.6.2) CAL mascara 0003,P28,P28,484,IX,blanco,0,e,37,"::2181",2181,0,,REPETIR,Ok,1,1,5
S038,"2026-09-19T15:08:10-0500",SLV-002,"00:21:13:05:19:3B",V3.6 2026-09-19 (3.6.2) CAL mascara 0003,P28,P28,484,IX,blanco,0,e,38,"::2181",2181,0,,REPETIR,Ok,1,1,5
S038,"2026-09-19T15:08:11-0500",SLV-002,"00:21:13:05:19:3B",V3.6 2026-09-19 (3.6.2) CAL mascara 0003,P28,P28,484,IX,blanco,0,e,39,"::2179",2179,0,,REPETIR,Ok,1,1,5
S038,"2026-09-19T15:08:13-0500",SLV-002,"00:21:13:05:19:3B",V3.6 2026-09-19 (3.6.2) CAL mascara 0003,P28,P28,484,IX,blanco,0,e,40,"::2182",2182,0,,REPETIR,Ok,1,1,5
S038,"2026-09-19T15:08:15-0500",SLV-002,"00:21:13:05:19:3B",V3.6 2026-09-19 (3.6.2) CAL mascara 0003,P28,P28,484,IX,blanco,0,e,41,"::2191",2191,0,,REPETIR,Ok,1,1,5
S038,"2026-09-19T15:08:16-0500",SLV-002,"00:21:13:05:19:3B",V3.6 2026-09-19 (3.6.2) CAL mascara 0003,P28,P28,484,IX,blanco,0,e,42,"::2185",2185,0,,REPETIR,Ok,1,1,5
S038,"2026-09-19T15:08:18-0500",SLV-002,"00:21:13:05:19:3B",V3.6 2026-09-19 (3.6.2) CAL mascara 0003,P28,P28,484,IX,blanco,0,e,43,"::2189",2189,0,,REPETIR,Ok,1,1,5
S038,"2026-09-19T15:08:19-0500",SLV-002,"00:21:13:05:19:3B",V3.6 2026-09-19 (3.6.2) CAL mascara 0003,P28,P28,484,IX,blanco,0,e,44,"::2177",2177,0,,REPETIR,Ok,1,1,5
S038,"2026-09-19T15:08:21-0500",SLV-002,"00:21:13:05:19:3B",V3.6 2026-09-19 (3.6.2) CAL mascara 0003,P28,P28,484,IX,blanco,0,e,45,"::2187",2187,0,,REPETIR,Ok,1,1,5
