:020000040000FA
:040000000DEF00F010
:0400080015EFD4F02C
:06001800FF00B0EFD6F07E
:10FCDE00004A616E4665624D61724170724D617986
:10FCEE004A756E4A756C4175675365704F63744EF5
:10FCFE006F764465630030313233343536373839F8
:10FD0E00414243444546001F1C1F1E1F1E1F1F1E3F
:10FD1E001F1E1F31323334353637386162636460EB
:10FD2E0042A20D5633360100000000587DB5B89240
:10FD3E00A21E3F008097C32DC49CB3951D943938E5
:10FD4E001BFE3D000002C319052F34F15C46BA4379
:10FD5E00489B3F0000DDC30DD71D3499462FBAE3F3
:10FD6E008B8A3F0080C4C39B56DF32FE5D9AB76B11
:10FD7E0035D13D000044C200000000D646BE38F426
:10FD8E00808B3A0000A8C100000000AA4CB738B31F
:10FD9E001C5F3C0000D8C100AFB83397C69CB92198
:10FDAE00A5E43E000021C319052F34F15C46BA4389
:10FDBE00489B3F0000DDC300000000072FED3844D4
:10FDCE00EA9BBD000020419B56DF32FE5D9AB76B69
:10FDDE0035D13D000044C200000000D646BE38F4C6
:10FDEE00808B3A0000A8C120202020202020202037
:10FDFE002020202020202000234552522C424C4F00
:10FE0E0051554541444F2300484F52495A4F4E5485
:10FE1E00414C2056332E33002043414D42494F2052
:10FE2E005445524D49434F0020205245464C4543C0
:10FE3E00544F4D4554524F00253034752D253032D8
:10FE4E00752D2530327500202052452D43414C49E9
:10FE5E004252415221004E4956454C204241544592
:10FE6E005249413A002050524F5049454441442096
:10FE7E0044453A00234552522C464F524D41544F61
:10FE8E0023004D696469656E646F202E2E2E2E0040
:10FE9E00234552522C454550524F4D23004341525B
:10FEAE0047414E444F202E2E2E004D696469656EDB
:10FEBE00646F202E2E2E0047454F4D45545249411A
:10FECE002033300047454F4D45545249412031357E
:10FEDE00002020202020534C482D30343600202086
:10FEEE0020202053455249414C3A004D494441206F
:10FEFE00424C414E434F3A00536570203139203207
:10FF0E003032360053454C454343494F4E453A0037
:10FF1E004D494441204E4547524F3A002020202063
:10FF2E0020202041494D00234552522C50494E234A
:10FF3E0000494E46494E49545900696E66696E69CC
:10FF4E0074790023562C332E362C004E4F4E4523FB
:10FF5E00002C4445462C002C43414C2C00234F4B87
:10FF6E0023002347432C0023474E2C002347542CB9
:10FF7E0000252E3845004E4F4E4500253034580092
:10FF8E00494E46004E414E00696E66006E616E002F
:10FF9E0023452C0023472C00234B2C00256C750089
:10FFAE006C58006C65006C66006C78004743004B23
:10FFBE004300534300474E00534E004654004754EF
:10FFCE00005354003A3A002575002A0047004B00B2
:10FFDE004C005000510053005600310032003400E6
:10FFEE0037003800610062006300640025003900AC
:01FFFE000002
:020000040001F9
:100000005D505E10D8B407EF80F009EF80F019EF73
:1000100080F0600077F1D9FF60007BF1DAFF6000CB
:100020006FF1DEFF600073F1DDFF19EF80F05B4AD6
:100030005C2A010E0001766F60006FF1D9FF60004D
:1000400073F1DAFF200EDE18D8B429EF80F02CEF20
:1000500080F0010E2DEF80F0000E7B6F7C6B7B51EA
:100060007C11D8A436EF80F038EF80F05EEF80F09E
:10007000F70E606FFF0E616F60006FF1D9FF6000D7
:1000800073F1DAFFDF50626F62517B6F7C6B60004F
:10009000ECF163F06000F0F164F0605163276151AE
:1000A0006423645109E1050E635DD8A05AEF80F026
:1000B0005CEF80F05EEF80F0000E766F6000D8F1AC
:1000C00066F0676B66516711D8A469EF80F06BEF3B
:1000D00080F017EF80F0000E786F2D0E7B197C11E9
:1000E000D8A475EF80F077EF80F07DEF80F0010EFF
:1000F000786F5B4A5C2A89EF80F02B0E7B197C11AC
:10010000D8A485EF80F087EF80F089EF80F079EF59
:1001100080F0000E816F8EEF80F0812B81515B2487
:10012000D96E000E5C20DA6EDF50D8B49AEF80F002
:100130009CEF80F0D2EF80F081515B24D96E000EED
:100140005C20DA6EDF50606F480E8125F66EF76A2C
:10015000FF0EF722F86A000EF8220800F550601929
:10016000D8B4B5EF80F0B7EF80F08DEF80F081511B
:100170005B24D96E000E5C20DA6EDF50606F3F0E9C
:100180008125F66EF76AFF0EF722F86A000EF82254
:100190000800F5506019D8B4D0EF80F0D2EF80F0AD
:1001A0008DEF80F0020E8165D8EF80F0DAEF80F0FD
:1001B0000AEF81F0000E7D6F000E7E6F800E7F6F64
:1001C0007F0E806F5D505E10D8B4E9EF80F0EBEFEA
:1001D00080F02BEF89F0080E8119D8B4F2EF80F08F
:1001E000F4EF80F0F6EF80F0030E816F81515B2415
:1001F000606F000E5C20616F600077F1D9FF6000D6
:100200007BF1DAFF600083F1DEFF600087F1DDFF44
:100210002BEF89F0000E816F0FEF81F0812B815160
:100220005B24D96E000E5C20DA6EDF50D8B41BEF71
:1002300081F01DEF81F053EF81F081515B24D96E85
:10024000000E5C20DA6EDF50606F9A0E8125F66E2C
:10025000F76AFF0EF722F86A000EF8220800F55040
:100260006019D8B436EF81F038EF81F00EEF81F0ED
:1002700081515B24D96E000E5C20DA6EDF50606F16
:10028000920E8125F66EF76AFF0EF722F86A000ECD
:10029000F8220800F5506019D8B451EF81F053EFFF
:1002A00081F00EEF81F0030E8119D8A45AEF81F08E
:1002B0005CEF81F0D5EF81F0050E016EFE0E026E4F
:1002C000A3ECEBF0600004F07DF0600008F07EF03D
:1002D00060000CF07FF0600010F080F05D505E1068
:1002E000D8B475EF81F077EF81F02BEF89F0000142
:1002F00081515B26000E5C2260006FF1D9FF600027
:1003000073F1DAFF280EDE18D8A489EF81F08BEFA5
:1003100081F0C7EF81F0000E816F90EF81F0812BAB
:1003200081515B24D96E000E5C20DA6EDF50D8B4A8
:100330009CEF81F09EEF81F0ADEF81F081515B2465
:10034000D96E000E5C20DA6E290EDE18D8A4ABEF51
:1003500081F0ADEF81F08FEF81F081515B24D96E98
:10036000000E5C20DA6E290EDE18D8A4BAEF81F0F8
:10037000BCEF81F0C7EF81F08151606F616B010EBE
:100380006027000E612360515B2661515C22600092
:1003900077F1D9FF60007BF1DAFF60006FF1DEFFDB
:1003A000600073F1DDFF2BEF89F0000E7C6F000E13
:1003B0007B6F000E7D6F000E7E6F000E7F6F000E54
:1003C000806F000E7A6F000E796F000E816FEAEF7A
:1003D00081F0812B81515B24D96E000E5C20DA6E96
:1003E000300EDE18D8B4F7EF81F0F9EF81F0E9EFC5
:1003F00081F08151D8B4FFEF81F001EF82F0A8EFD6
:1004000085F081515B24D96E000E5C20DA6E780E87
:10041000DE18D8B40EEF82F010EF82F01FEF82F0FA
:1004200081515B24D96E000E5C20DA6E580EDE1806
:10043000D8A41DEF82F01FEF82F0A8EF85F0815164
:10044000606F616B010E6027000E612360515B26B7
:1004500061515C22000E816F2FEF82F0812B815160
:100460005B24D96E000E5C20DA6E300EDE18D8B434
:100470003CEF82F03EEF82F02EEF82F0000E816FB3
:1004800081515B24D96E000E5C20DA6E700EDE188E
:10049000D8B44DEF82F04FEF82F0E2EF83F081515C
:1004A0005B24D96E000E5C20DA6E500EDE18D8A4E4
:1004B0005CEF82F05EEF82F060EF82F0E2EF83F0BB
:1004C00081515B24D96E000E5C20DA6E2E0EDE1890
:1004D000D8A46DEF82F06FEF82F073EF82F078892D
:1004E000812BE2EF83F081515B24D96E000E5C20FA
:1004F000DA6EDF50606F6051016E026AF5ECE3F076
:1005000001500210D8B487EF82F089EF82F007EF34
:1005100083F0000E0001776FD00E606FFF0E616FE9
:1005200081515B24D96E000E5C20DA6EDF50626F61
:10053000636B605162276151632363510AE10A0EC4
:10054000625DD8A0A6EF82F0A9EF82F0010EAAEFBB
:1005500082F0000E686F696B68516911D8B4B3EF0F
:1005600082F0B5EF82F0C0EF82F081515B24D96E4A
:10057000000E5C20DA6EDF50D00F776FD1EF82F083
:1005800081515B24D96E000E5C20DA6EDF50606F03
:100590006051076E086A77ECE5F00750C90F00015B
:1005A000776F7CBFDFEF82F07C5107E1080E7B5D47
:1005B000D8B0DDEF82F0DFEF82F0FFEF82F07B5109
:1005C0000708606FD8906037D89060376000DCF122
:1005D00061F0626B636B646B602BF4EF82F0D89018
:1005E0006137623763376437602FEFEF82F0615114
:1005F0007D1362517E1363517F13645180137B4BD3
:100600007C2B040E7927000E7A2311EF83F0000E65
:100610005B6E000E5C6E000E5D6E000E5E6E59EF3E
:1006200089F0812B40EF82F081515B24D96E000E5E
:100630005C20DA6E700EDE18D8B421EF83F023EF61
:1006400083F0E9EF83F081515B24D96E000E5C20CA
:10065000DA6E500EDE18D8A430EF83F032EF83F05C
:1006600034EF83F0E9EF83F081515B24D96E000E03
:100670005C20DA6E300EDE18D8A441EF83F043EF31
:1006800083F052EF83F07B517C11D8A44AEF83F0C2
:100690004CEF83F052EF83F0FC0E7927FF0E7A23A4
:1006A000E0EF83F081515B24D96E000E5C20DA6E9E
:1006B000DF50606F6051016E026AF5ECE3F00150AB
:1006C0000210D8B466EF83F068EF83F0E0EF83F0B8
:1006D000000E0001776FD00E606FFF0E616F8151C9
:1006E0005B24D96E000E5C20DA6EDF50626F636BA4
:1006F000605162276151632363510AE10A0E625D12
:10070000D8A085EF83F088EF83F0010E89EF83F0A6
:10071000000E6A6F6B6B6A516B11D8B492EF83F065
:1007200094EF83F09FEF83F081515B24D96E000E2C
:100730005C20DA6EDF50D00F776FB0EF83F081511D
:100740005B24D96E000E5C20DA6EDF50606F605162
:10075000076E086A77ECE5F00750C90F0001776F64
:100760007CBFBEEF83F07C5107E1080E7B5DD8B003
:10077000BCEF83F0BEEF83F0DEEF83F07B51070820
:10078000606FD8906037D89060376000DCF161F01E
:10079000626B636B646B602BD3EF83F0D89061372F
:1007A000623763376437602FCEEF83F061517D137A
:1007B00062517E1363517F13645180137B4B7C2BFA
:1007C0000001812B78B9E7EF83F0E9EF83F014EFB4
:1007D00083F081515B24D96E000E5C20DA6E700EBE
:1007E000DE18D8B4F6EF83F0F8EF83F011EF84F061
:1007F00081515B24D96E000E5C20DA6E500EDE183B
:10080000D8B405EF84F007EF84F011EF84F0000E08
:100810005B6E000E5C6E000E5D6E000E5E6E59EF3C
:1008200089F0812B81515B24D96E000E5C20DA6E39
:100830002B0EDE18D8A41FEF84F021EF84F024EFF4
:1008400084F0812B35EF84F081515B24D96E000E4A
:100850005C20DA6E2D0EDE18D8A431EF84F033EF71
:1008600084F035EF84F07887812B81515B26000E70
:100870005C22000E816F3EEF84F0812B81515B245E
:10088000D96E000E5C20DA6E300EDE18D8B44BEF55
:1008900084F04DEF84F03DEF84F0000E7C6F000E8D
:1008A0007B6F84EF84F08151D8B459EF84F05BEF13
:1008B00084F06DEF84F06000ECF101F06000F0F185
:1008C00002F0000E046E0A0E036E47ECEBF06000BF
:1008D00004F07BF0600008F07CF0D00E0001606F47
:1008E000FF0E616F81515B24D96E000E5C20DA6EC1
:1008F000DF50626F636B6051622761516323625105
:100900007B2763517C23812BD00E606FFF0E616FBC
:1009100081515B24D96E000E5C20DA6EDF50626F6D
:10092000636B605162276151632363510AE10A0ED0
:10093000625DD8A09EEF84F0A1EF84F0010EA2EFDB
:1009400084F0000E6C6F6D6B6C516D11D8A4ABEF21
:1009500084F0ADEF84F053EF84F08151D8A4B3EF6D
:1009600084F0B5EF84F0BFEF84F0000E5B6E000EF4
:100970005C6E000E5D6E000E5E6E59EF89F078A71A
:10098000C4EF84F0C6EF84F0CAEF84F07B6D7C1F67
:10099000D8B07C2B7B5179277C517A235D505E1037
:1009A000D8B4D5EF84F0D7EF84F0E9EF84F081512B
:1009B0005B24606F000E5C20616F600077F1D9FFEF
:1009C00060007BF1DAFF600083F1DEFF600087F1F9
:1009D000DDFF7D517E117F118011D8A4F2EF84F0EC
:1009E000F4EF84F0FEEF84F0000E5B6E000E5C6EA0
:1009F000000E5D6E000E5E6E59EF89F0FF0E7D15E4
:100A0000606F000E7E15616F000E7F15626F000E25
:100A10008015636F63516211611109E1810E605DA0
:100A2000D8A015EF85F017EF85F029EF85F0000EBF
:100A30007D27010E7E23000E7F23000E802329EFE9
:100A400085F0D8907D377E377F3780377907D8A0FB
:100A50007A0780AF2EEF85F030EF85F021EF85F03B
:100A60007AAF3CEF85F0830E795DFF0E7A59D8B0EE
:100A70003CEF85F03EEF85F04AEF85F0FF0E7A6F90
:100A8000810E796F000E7D6F000E7E6F000E7F6FFE
:100A9000000E806F810E791908E17A29D8B453EFDE
:100AA00085F055EF85F05DEF85F0D8907D377E3786
:100AB0007F3780377907D8A07A077ABF69EF85F04A
:100AC0007A5109E1800E795DD8A069EF85F06BEF6E
:100AD00085F077EF85F0000E7D6F000E7E6F000EC3
:100AE0007F6F000E806F000E7A6F800E796F090E97
:100AF000606FD89080337F337E337D33602F79EF02
:100B000085F0FF0E7D17FF0E7E177F0E7F17000EFC
:100B100080177F0E7925606F000E7A21616FFF0EBE
:100B20006015626F636B646B656B170ED8906237EC
:100B3000633764376537E82E96EF85F062517D1391
:100B400063517E1364517F13655180132BEF89F03D
:100B500078B9ADEF85F0AFEF85F0C3EF85F06000B9
:100B60006FF1D9FF600073F1DAFF2E0EDE18D8A402
:100B7000BCEF85F0BEEF85F0C3EF85F078895B4A66
:100B80005C2AA8EF85F0D00E606FFF0E616F6000E9
:100B90006FF1D9FF600073F1DAFFDF50626F636BB2
:100BA000605162276151632363510AE10A0E625D5D
:100BB000D8A0DDEF85F0E0EF85F0010EE1EF85F0E4
:100BC000000E6E6F6F6B6E516F11D8A4EAEF85F057
:100BD000ECEF85F0EEEF85F047EF86F07883090EB5
:100BE0007B197C11D8B4F7EF85F0F9EF85F03AEF77
:100BF00086F078A9FEEF85F000EF86F003EF86F02F
:100C00007907D8A07A077B4B7C2B6000F4F101F0C8
:100C10006000F8F102F06000FCF103F0600000F207
:100C200004F00A0E056E000E066E000E076E000E32
:100C3000086E30ECE4F0600004F07DF0600008F035
:100C40007EF060000CF07FF0600010F080F060003B
:100C50006FF1D9FF600073F1DAFFDF500001606FC0
:100C6000D00E602760517D27000E7E237F238023D6
:100C700043EF86F078B93FEF86F041EF86F043EF1F
:100C800086F0794B7A2B5B4A5C2AA8EF85F0000E40
:100C90007C6F000E7B6F60006FF1D9FF600073F115
:100CA000DAFF650EDE18D8B458EF86F05AEF86F0FA
:100CB00069EF86F060006FF1D9FF600073F1DAFF31
:100CC000450EDE18D8A467EF86F069EF86F071EF65
:100CD00087F05B4A5C2A60006FF1D9FF600073F116
:100CE000DAFF2D0EDE18D8A478EF86F07AEF86F0C2
:100CF0007FEF86F078875B4A5C2A90EF86F0600091
:100D00006FF1D9FF600073F1DAFF2B0EDE18D8A463
:100D10008CEF86F08EEF86F090EF86F05B4A5C2ACF
:100D200060006FF1D9FF600073F1DAFF300EDE185A
:100D3000D8B49DEF86F09FEF86F08EEF86F0D00E50
:100D40000001606FFF0E616F60006FF1D9FF6000FE
:100D500073F1DAFFDF50626F636B6051622761519C
:100D6000632363510AE10A0E625DD8A0BAEF86F0F0
:100D7000BDEF86F0010EBEEF86F0000E706F716B56
:100D800070517111D8B4C7EF86F0C9EF86F066EFE5
:100D900087F060006FF1D9FF600073F1DAFFDF5078
:100DA000606FD00E602760517B6F7C6B5B4A5C2A62
:100DB000D00E606FFF0E616F60006FF1D9FF6000B1
:100DC00073F1DAFFDF50626F636B6051622761512C
:100DD000632363510AE10A0E625DD8A0F2EF86F048
:100DE000F5EF86F0010EF6EF86F0000E726F736B72
:100DF00072517311D8B4FFEF86F001EF87F066EF00
:100E000087F060006FF1D9FF600073F1DAFFDF5007
:100E1000606FD00E60276000ECF101F06000F0F12F
:100E200002F0000E046E0A0E036E47ECEBF00001B8
:100E3000605101247B6F000E02207C6F5B4A5C2AAC
:100E4000D00E606FFF0E616F60006FF1D9FF600020
:100E500073F1DAFFDF50626F636B6051622761519B
:100E6000632363510AE10A0E625DD8A03AEF87F06E
:100E70003DEF87F0010E3EEF87F0000E746F756B4B
:100E800074517511D8B447EF87F049EF87F066EFDA
:100E900087F060006FF1D9FF600073F1DAFFDF5077
:100EA000606FD00E60276000ECF101F06000F0F19F
:100EB00002F0000E046E0A0E036E47ECEBF0000128
:100EC000605101247B6F000E02207C6F78A76BEFCE
:100ED00087F06DEF87F071EF87F07B6D7C1FD8B0E6
:100EE0007C2B7B5179277C517A235D505E10D8B4DE
:100EF0007CEF87F07EEF87F091EF87F078A383EFA8
:100F000087F085EF87F091EF87F0600077F1D9FFE8
:100F100060007BF1DAFF60006FF1DEFF600073F1CB
:100F2000DDFF6000F4F107F06000F8F108F0600008
:100F3000FCF109F0600000F20AF0000ECEECCBF0FC
:100F400060001CF07DF0600020F07EF0600024F076
:100F50007FF0600028F080F06000F4F101F06000A4
:100F6000F8F102F06000FCF103F0600000F204F020
:100F7000000E056E000E066E000E076E000E086E67
:100F8000FCECDFF0D8A0C7EF87F0C9EF87F0D3EF14
:100F900087F0000E5B6E000E5C6E000E5D6E000E44
:100FA0005E6E59EF89F000017ABFDBEF87F0D9EF71
:100FB00087F080EF88F0796D7A1FD8B07A2B08EF30
:100FC00088F06000F4F142F06000F8F143F0600056
:100FD000FCF144F0600000F245F0F90E466E020E9E
:100FE000476E150E486E500E496EA3ECB3F06000CC
:100FF00008F17DF060000CF17EF0600010F17FF0F0
:10100000600014F180F00001F60E7927FF0E7A23BC
:101010007ABF16EF88F07A5107E10A0E795DD8B0F1
:1010200014EF88F016EF88F0E1EF87F03EEF88F0DC
:101030006000F4F142F06000F8F143F06000FCF170
:1010400044F0600000F245F0000E466E000E476E60
:10105000200E486E410E496EA3ECB3F0600008F11B
:101060007DF060000CF17EF0600010F17FF0600018
:1010700014F180F000017907D8A07A0779517A112C
:10108000D8A445EF88F047EF88F018EF88F06000AB
:10109000F4F12EF06000F8F12FF06000FCF130F078
:1010A000600000F231F0000E326E000E336E800EE2
:1010B000346E000E356EAEECD5F0D8B062EF88F02D
:1010C00064EF88F02BEF89F0000178A16AEF88F0D7
:1010D0006CEF88F076EF88F0000E5B6E000E5C6EB1
:1010E000800E5D6E800E5E6E59EF89F0000E5B6EB5
:1010F000000E5C6E800E5D6E000E5E6E59EF89F024
:101100007ABF8BEF88F07A5108E17905D8A08BEF90
:1011100088F08DEF88F02BEF89F0B6EF88F0600053
:10112000F4F115F06000F8F116F06000FCF117F032
:10113000600000F218F0F90E196E020E1A6E150E0C
:101140001B6E500E1C6E5EECB1F0600054F07DF032
:10115000600058F07EF060005CF07FF0600060F0AE
:1011600080F00001F60E7927FF0E7A237A5107E10D
:101170000A0E795DD8B0BFEF88F0C1EF88F08FEF2D
:1011800088F0E9EF88F06000F4F115F06000F8F104
:1011900016F06000FCF117F0600000F218F0000E8D
:1011A000196E000E1A6E200E1B6E410E1C6E5EEC48
:1011B000B1F0600054F07DF0600058F07EF0600007
:1011C0005CF07FF0600060F080F000017907D8A04B
:1011D0007A0779517A11D8A4F0EF88F0F2EF88F00D
:1011E000C3EF88F0FF0E2E6EFF0E2F6E7F0E306E57
:1011F0007F0E316E6000F4F132F06000F8F133F0F0
:101200006000FCF134F0600000F235F0AEECD5F097
:10121000D8B00DEF89F00FEF89F02BEF89F00001C6
:1012200078A115EF89F017EF89F021EF89F0000E12
:101230005B6E000E5C6E800E5D6E800E5E6E59EF12
:1012400089F0000E5B6E000E5C6E800E5D6E000E0F
:101250005E6E59EF89F0000178A131EF89F033EF2C
:1012600089F04DEF89F06000F4F13EF06000F8F194
:101270003FF06000FCF140F0600000F241F0B7EC9C
:10128000E9F06000F8F07DF06000FCF07EF06000B6
:1012900000F17FF0600004F180F06000F4F15BF099
:1012A0006000F8F15CF06000FCF15DF0600000F2BD
:1012B0005EF01200000E01017D6FE0ECEAF06000CC
:1012C00004F024F2600008F025F260000CF026F231
:1012D000600010F027F20001FA51F82501011E6F9D
:1012E000000E0001F92101011F6FFF0E1E25D96EAE
:1012F000FF0E1F21DA6E000EDF6E010E0001F825D1
:1013000001016C6F000E0001F92101016D6F600099
:10131000B0F570F16000B4F571F17D2BCAEF89F082
:101320006000B3F5D9FF6000B7F5DAFF2C0EDE18C8
:10133000D8A49DEF89F09FEF89F0C8EF89F0600095
:10134000B3F5D9FF6000B7F5DAFF000EDF6E050ECA
:101350007D65ADEF89F0AFEF89F0B3EF89F043EC35
:10136000EDF05DEF91F0010E6C251E6F000E6D210A
:101370001F6F7D51020D700EF324D96E010EF42003
:10138000DA6E60007BF4DEFF60007FF4DDFF7D2B12
:101390006C4B6D2B6000B3F5D9FF6000B7F5DAFF39
:1013A000DF50D8A4D6EF89F0D8EF89F090EF89F01C
:1013B0006000C0F501F06000C4F502F0E60E036EB7
:1013C000FF0E046E74ECE2F001500210D8A4EBEFB3
:1013D00089F0EDEF89F03EEF8AF001017D05D8A498
:1013E000F4EF89F0F6EF89F03EEF8AF0DDECC1F022
:1013F000600004F06EF1600008F06FF1510E0C6EA9
:10140000FF0E0D6E22ECEDF06CECBFF001016E51A1
:101410006F11D8A40EEF8AF010EF8AF016EF8AF061
:101420005F0E526FFF0E536F1AEF8AF0650E526F08
:10143000FF0E536F600048F50CF060004CF50DF0A6
:1014400022ECEDF0480E0001E06F010EE16F890E15
:10145000E26FFF0EE36F6000B8F5E4F06000BCF5EA
:10146000E5F0F6ECE6F0480E056E010E066E3BEC7C
:10147000E3F0230E0CECE6F05DEF91F06000C0F5B8
:1014800001F06000C4F502F0DE0E036EFF0E046E84
:1014900074ECE2F001500210D8A451EF8AF053EF3F
:1014A0008AF098EF8AF0020E01017D19D8A45BEF53
:1014B0008AF05DEF8AF098EF8AF0040EB46563EF6E
:1014C0008AF065EF8AF06FEF8AF0000EB56F060EB6
:1014D0000C6EFE0E0D6E22ECEDF05DEF91F06000F3
:1014E000C8F50DF06000CCF50EF0AAECE5F00009AF
:1014F000D8B47DEF8AF07FEF8AF08CEF8AF0000E8F
:101500000101B46F010EB56F6B0E0C6EFF0E0D6E08
:1015100022ECEDF05DEF91F00101B42B000EB56F00
:10152000350E0C6EFF0E0D6E22ECEDF05DEF91F0BE
:101530006000C0F501F06000C4F502F0E20E036E39
:10154000FF0E046E74ECE2F001500210D8A4ABEF71
:101550008AF0ADEF8AF0C0EF8AF001017D05D8A4D2
:10156000B4EF8AF0B6EF8AF0C0EF8AF0000EB56FE4
:101570006B0E0C6EFF0E0D6E22ECEDF05DEF91F038
:101580006000C0F501F06000C4F502F0DA0E036EF1
:10159000FF0E046E74ECE2F001500210D8A4D3EFF9
:1015A0008AF0D5EF8AF047EF8BF0020E01017D192A
:1015B000D8A4DDEF8AF0DFEF8AF047EF8BF0600010
:1015C000C8F501F06000CCF502F0E4ECE1F00101B7
:1015D0007C6F7C29D8A4EFEF8AF0F1EF8AF0F3EF6B
:1015E0008AF0AFEF89F0A20E0C6EFF0E0D6E22ECAA
:1015F000EDF0210E01017C25F66EF76AFD0EF72253
:10160000F86A000EF8220800F5500CECE6F0000E27
:1016100001017E6F030E7E6510EF8BF012EF8BF0F1
:1016200014EF8BF042EF8BF02C0E0CECE6F0010186
:101630007E51040D6F00CCFF1EF16F00D0FF1FF133
:101640007C51100D400E206F050E216FF3502027A6
:10165000F45021231E512025D96E1F512121DA6E0D
:101660006F0078FFF4F06F0078FFF5F06F0078FFFF
:10167000F6F06F0078FFF7F0D7ECE9F001017E2B70
:101680000AEF8BF0230E0CECE6F05DEF91F06000BA
:10169000C0F501F06000C4F502F0820E036EFF0E8B
:1016A000046E74ECE2F001500210D8A45AEF8BF0F3
:1016B0005CEF8BF0DFEF8BF0030E01017D19D8A4F6
:1016C00064EF8BF066EF8BF0DFEF8BF06000C8F516
:1016D00001F06000CCF502F0E4ECE1F001017C6F78
:1016E0007C29D8B476EF8BF078EF8BF0AFEF89F0F0
:1016F0006000D0F50DF06000D4F50EF06E0E0F6EA8
:10170000010E106ED5ECD1F00009D8A48AEF8BF051
:101710008CEF8BF08EEF8BF0AFEF89F06000B0F6BE
:1017200050F16000B4F651F16000B8F5ACF1600022
:10173000BCF5ADF101017C51AFECBAF003ECECF07B
:101740006000B0F66EF16000B4F66FF1600040F535
:10175000ACF1600044F5ADF19E0E0C6EFF0E0D6E07
:1017600022ECEDF0210E01017C25F66EF76AFD0EEC
:10177000F722F86A000EF8220800F5500CECE6F0AB
:101780002C0E0CECE6F0480E0001E06F010EE16F4C
:10179000D50EE26FFF0EE36F6000B8F5E4F0600075
:1017A000BCF5E5F0F6ECE6F0480E056E010E066EAF
:1017B0003BECE3F0230E0CECE6F05DEF91F0600003
:1017C000C0F501F06000C4F502F0E40E036EFF0EF8
:1017D000046E74ECE2F001500210D8A4F2EF8BF02A
:1017E000F4EF8BF0AFEF8CF0060E01017D19D8A459
:1017F000FCEF8BF0FEEF8BF0AFEF8CF0B551D8A47F
:1018000004EF8CF006EF8CF00EEF8CF0060E0C6EF1
:10181000FE0E0D6E22ECEDF05DEF91F06000C8F56C
:1018200001F06000CCF502F0E4ECE1F001017C6F26
:101830007C29D8A41EEF8CF020EF8CF022EF8CF0E6
:10184000AFEF89F0000E7E6F030E7E652AEF8CF0FD
:101850002CEF8CF02EEF8CF05DEF8CF07E511E6F34
:101860001F6BD8901E371F37040E1E27000E1F2334
:10187000700E1E25D96E010E1F21DA6E6F0078FFE3
:1018800082F06F0074FF83F07E51040D5A0EF32432
:101890000001846F010EF420856FD7ECD9F00009A8
:1018A000D8A455EF8CF057EF8CF059EF8CF0AFEFD8
:1018B00089F001017E2B24EF8CF05A0E5D6E010E33
:1018C0005E6E41ECA9F00009D8A469EF8CF06BEFD3
:1018D0008CF06DEF8CF0AFEF89F00EECE5F0000EC0
:1018E00001017E6F030E7E6578EF8CF07AEF8CF04D
:1018F0007CEF8CF0ABEF8CF07E51040D5A0EF3248C
:10190000D96E010EF420DA6E7E51040D6F00CCFF0B
:101910001EF16F00D0FF1FF17C51100D400E206FA3
:10192000050E216FF3502027F45021231E5120254E
:10193000E16E1F512121E26E6F007BFFE6FF6F0019
:101940007BFFE6FF6F007BFFE6FF6F007BFFE6FF9C
:101950007E2B72EF8CF0F7ECE0F05DEF91F0600021
:10196000C0F501F06000C4F502F0900E036EFF0EAA
:10197000046E74ECE2F001500210D8A4C2EF8CF0B7
:10198000C4EF8CF077EF8DF0020E01017D19D8A421
:10199000CCEF8CF0CEEF8CF077EF8DF0B551D8A472
:1019A000D4EF8CF0D6EF8CF0DEEF8CF0060E0C6EE0
:1019B000FE0E0D6E22ECEDF05DEF91F06000C8F5CB
:1019C00001F06000CCF502F0D80E036EFF0E046E3D
:1019D00074ECE2F001500210D8A4F1EF8CF0F3EFB8
:1019E0008CF005EF8DF00EECE5F0400E016E050E6B
:1019F000026E350E036EFD0E046E000E066EC00EF6
:101A0000056E7AECE3F0ABEF8CF06000C8F501F006
:101A10006000CCF502F0E4ECE1F001017C6F7C2980
:101A2000D8A415EF8DF017EF8DF019EF8DF0AFEF13
:101A300089F00EECE5F0000E01017E6F030E7E656D
:101A400024EF8DF026EF8DF028EF8DF0ABEF8CF0CA
:101A50007C51100D350E1E6FFD0E1F6FF3501E27AB
:101A6000F4501F237E51040DF3501E27F4501F2302
:101A700060007BF4F6FF60007FF4F7FF000EF86E65
:101A800009006F00D4FF20F109006F00D4FF21F19D
:101A900009006F00D4FF22F109006F00D4FF23F189
:101AA0007E51040D6F00CCFF24F16F00D0FF25F1B3
:101AB0007C51100D400E266F050E276FF350262720
:101AC000F450272324512625D96E25512721DA6E7B
:101AD000600083F4DEFF600087F4DEFF60008BF4BB
:101AE000DEFF60008FF4DEFF7E2B1EEF8DF06000C6
:101AF000C0F501F06000C4F502F0C90E036EFF0EE0
:101B0000046E74ECE2F001500210D8A48AEF8DF05C
:101B10008CEF8DF0C1EF8DF001017D05D8A493EF1E
:101B20008DF095EF8DF0C1EF8DF0B551D8A49BEFFE
:101B30008DF09DEF8DF0A5EF8DF0060E0C6EFE0E74
:101B40000D6E22ECEDF05DEF91F00EECE5F00CC2C5
:101B500090F10DC291F10EC292F10FC293F110C239
:101B6000F9F111C2FAF112C2FBF113C2FCF114C275
:101B7000F5F115C2F6F116C2F7F117C2F8F1ABEFA5
:101B80008CF06000C0F501F06000C4F502F0BA0E00
:101B9000036EFF0E046E74ECE2F001500210D8A444
:101BA000D4EF8DF0D6EF8DF0E3EF8DF001017D05E0
:101BB000D8A4DDEF8DF0DFEF8DF0E3EF8DF027ECB3
:101BC000DDF05DEF91F06000C0F501F06000C4F55C
:101BD00002F0C30E036EFF0E046E74ECE2F00150CF
:101BE0000210D8A4F6EF8DF0F8EF8DF005EF8EF02F
:101BF00001017D05D8A4FFEF8DF001EF8EF005EF18
:101C00008EF02CECD7F05DEF91F06000C0F501F0A4
:101C10006000C4F502F0C00E036EFF0E046E74EC9B
:101C2000E2F001500210D8A418EF8EF01AEF8EF0F7
:101C3000AFEF8EF0020E01017D19D8A422EF8EF0D5
:101C400024EF8EF0AFEF8EF0B551D8A42AEF8EF0CE
:101C50002CEF8EF034EF8EF0060E0C6EFE0E0D6E35
:101C600022ECEDF05DEF91F06000C8F501F060004E
:101C7000CCF502F0840E036EFF0E046E74ECE2F0FD
:101C800001500210D8A447EF8EF049EF8EF071EFAB
:101C90008EF0020E186E000E176E000E196E000EFA
:101CA0001A6E6BECCEF00009D8A459EF8EF05BEF02
:101CB0008EF062EF8EF09E0E0101546FFE0E556F96
:101CC00067EF8EF06B0E0101546FFF0E556F6000D1
:101CD00050F50CF0600054F50DF022ECEDF05DEFE6
:101CE00091F06000C8F50DF06000CCF50EF0380EF4
:101CF0000F6E010E106E62ECC5F00009D8A483EFE0
:101D00008EF085EF8EF087EF8EF0AFEF89F0020E48
:101D1000186E000E176E380E196E010E1A6E6BECEF
:101D2000CEF00009D8A497EF8EF099EF8EF0A0EFD7
:101D30008EF09E0E0101566FFE0E576FA5EF8EF0CE
:101D40006B0E0101566FFF0E576F600058F50CF0D7
:101D500060005CF50DF022ECEDF05DEF91F06000BD
:101D6000C0F501F06000C4F502F0C60E036EFF0E70
:101D7000046E74ECE2F001500210D8A4C2EF8EF0B1
:101D8000C4EF8EF08AEF8FF0020E01017D19D8A406
:101D9000CCEF8EF0CEEF8EF08AEF8FF06000C8F5BA
:101DA00001F06000CCF502F09AECE6F0600004F07F
:101DB0006AF1600008F06BF10101B551D8A4E3EFBE
:101DC0008EF0E5EF8EF0EDEF8EF0060E0C6EFE0E4F
:101DD0000D6E22ECEDF05DEF91F06A516B11D8B40D
:101DE000F4EF8EF0F6EF8EF0AFEF89F06B5107E174
:101DF0000D0E6A5DD8B0FFEF8EF001EF8FF0AFEF00
:101E000089F06000C8F501F06000CCF502F0840EA6
:101E1000036EFF0E046E74ECE2F001500210D8A4C1
:101E200014EF8FF016EF8FF018EF8FF0AFEF89F00F
:101E3000280E016E010E026E000E046E000E036E7F
:101E4000000E066E100E056E9FECCDF06000A8F53A
:101E500028F1000E01017E6F59EF8FF07E5172253F
:101E6000D96E000E7321DA6EDF50FCECE7F000094A
:101E7000D8A43DEF8FF03FEF8FF041EF8FF0AFEF41
:101E800089F001017E517225D96E000E7321DA6E40
:101E90007E511E6F1F6B010E1E27000E1F23280E82
:101EA0001E25E16E010E1F21E26E6F007FFFE7FF2E
:101EB0007E2B6A517E5DD8A060EF8FF062EF8FF0CD
:101EC0002EEF8FF0010E186EEE0E176E280E196EA3
:101ED000010E1A6E6BECCEF00009D8A472EF8FF0F1
:101EE00074EF8FF07BEF8FF09E0E0101586FFE0EA6
:101EF000596F80EF8FF06B0E0101586FFF0E596F15
:101F0000600060F50CF0600064F50DF022ECEDF07F
:101F10005DEF91F06000C0F501F06000C4F502F0E3
:101F2000CC0E036EFF0E046E74ECE2F00150021052
:101F3000D8A49DEF8FF09FEF8FF0E3EF8FF00101BA
:101F40007D05D8A4A6EF8FF0A8EF8FF0E3EF8FF018
:101F50007A0E0C6EFF0E0D6E22ECEDF0600040F676
:101F6000F4F0600044F6F5F0600048F6F6F060002A
:101F70004CF6F7F0D7ECE9F02C0E0CECE6F0600034
:101F8000E4F7F4F06000E8F7F5F06000ECF7F6F045
:101F90006000F0F7F7F0D7ECE9F02C0E0CECE6F06F
:101FA0006000D4F7F4F06000D8F7F5F06000DCF7DB
:101FB000F6F06000E0F7F7F0D7ECE9F0230E0CEC58
:101FC000E6F05DEF91F06000C0F501F06000C4F54F
:101FD00002F0CF0E036EFF0E046E74ECE2F00150BF
:101FE0000210D8A4F6EF8FF0F8EF8FF085EF90F0A5
:101FF000040E01017D19D8A400EF90F002EF90F0DB
:1020000085EF90F0B551D8A408EF90F00AEF90F06A
:1020100012EF90F0060E0C6EFE0E0D6E22ECEDF03F
:102020005DEF91F0000E7E6F020E7E651AEF90F06C
:102030001CEF90F01EEF90F04DEF90F07E511E6F70
:102040001F6BD8901E371F37020E1E27000E1F234E
:10205000700E1E25D96E010E1F21DA6E6F0078FFFB
:1020600082F06F0074FF83F07E51040D5A0EF3244A
:102070000001846F010EF420856FD7ECD9F00009C0
:10208000D8A445EF90F047EF90F049EF90F0AFEF14
:1020900089F001017E2B14EF90F05A0E5B6E010E59
:1020A0005C6EC8ECCAF00009D8A459EF90F05BEF61
:1020B00090F05DEF90F0AFEF89F00EECE5F060008E
:1020C00068F590F160006CF591F1600070F592F1A7
:1020D000600074F593F1600078F5F9F160007CF52B
:1020E000FAF1600080F5FBF1600084F5FCF160001E
:1020F00088F5F5F160008CF5F6F1600090F5F7F1E8
:10210000600094F5F8F1ABEF8CF06000C0F501F0E1
:102110006000C4F502F0E00E036EFF0E046E74EC76
:10212000E2F001500210D8A498EF90F09AEF90F0EE
:1021300013EF91F0030E01017D19D8A4A2EF90F0E6
:10214000A4EF90F013EF91F0B551D8A4AAEF90F05E
:10215000ACEF90F0B4EF90F0060E0C6EFE0E0D6E2C
:1021600022ECEDF05DEF91F0040EB465BAEF90F063
:10217000BCEF90F0C6EF90F0000EB56F060E0C6E3F
:10218000FE0E0D6E22ECEDF05DEF91F06000C8F5F3
:102190000DF06000CCF50EF0AAECE5F00009D8A433
:1021A000D4EF90F0D6EF90F0EAEF90F00101B42B6D
:1021B000040EB465DEEF90F0E0EF90F0E2EF90F007
:1021C000000EB56F350E0C6EFF0E0D6E22ECEDF0AD
:1021D0005DEF91F0000E0101B46F6000D0F505F0E5
:1021E0006000D4F506F0FBECE2F00009D8A4FBEFA8
:1021F00090F0FDEF90F0FFEF90F0AFEF89F00EEC74
:10220000E5F0DE0E016E020E026E6000D0F503F006
:102210006000D4F504F0000E066E040E056E7AEC34
:10222000E3F0ABEF8CF06000C0F501F06000C4F5A6
:1022300002F0DC0E036EFF0E046E74ECE2F001504F
:102240000210D8A426EF91F028EF91F035EF91F02D
:1022500001017D05D8A42FEF91F031EF91F035EF1A
:1022600091F02CECD5F05DEF91F06000C0F501F03D
:102270006000C4F502F0BD0E036EFF0E046E74EC38
:10228000E2F001500210D8A448EF91F04AEF91F02B
:10229000AFEF89F001017D05D8A451EF91F053EF24
:1022A00091F0AFEF89F0000EB26F000EB36F6B0EBE
:1022B0000C6EFF0E0D6E22ECEDF01200000E000110
:1022C000976F000E966F6000C8F1A8F06000CCF127
:1022D000A9F06000D0F1AAF06000D4F1ABF0ABBF80
:1022E00076EF91F074EF91F094EF91F0000E976F0C
:1022F000010E966F6000A0F23EF06000A4F23FF085
:102300006000A8F240F06000ACF241F0B7ECE9F0F8
:102310006000F8F0A8F06000FCF0A9F0600000F1A7
:10232000AAF0600004F1ABF0000E0001AF6F000EE8
:10233000AE6F600050F69BF0600054F69CF0965132
:102340009711D8A4A6EF91F0A8EF91F0B0EF91F01B
:10235000010198A5AEEF91F0B0EF91F0CCEF91F0C4
:10236000000196519711D8A4B8EF91F0BAEF91F00F
:10237000C0EF91F0000E816F2B0E806FC4EF91F0D3
:10238000000E816F2D0E806F600000F23CF4AE4BAA
:10239000AF2B9B07D8A09C076000A0F201F0600063
:1023A000A4F202F06000A8F203F06000ACF204F0C6
:1023B0006CECD2F001040210D8A4E1EF91F0E3EF4D
:1023C00091F040EF92F0BF0E0001776FFF0E786F33
:1023D0007651796F7A6B7751792778517A237A51D0
:1023E0000AE11A0E795DD8A0F8EF91F0FBEF91F0B9
:1023F000010EFCEF91F0000E826F836B825183110E
:10240000D8B405EF92F007EF92F015EF92F03C0E82
:10241000AE25056E040EAF21066E8E0E076EFF0E02
:10242000086E69ECE4F021EF92F03C0EAE25056EEB
:10243000040EAF21066E960E076EFF0E086E69EC55
:10244000E4F00001FD0E9B27FF0E9C236000C0F10D
:1024500011F06000C4F112F03C0E136E040E146E05
:1024600060006CF215F0600070F216F087ECD8F0A6
:10247000600044F070F0600048F071F02BEF98F0CD
:102480006000A0F201F06000A4F202F06000A8F287
:1024900003F06000ACF204F06CECD2F001500210DA
:1024A000D8A455EF92F057EF92F097EF92F0BF0E4D
:1024B0000001776FFF0E786F7651796F7A6B7751E5
:1024C000792778517A237A510AE11A0E795DD8A0DA
:1024D0006CEF92F06FEF92F0010E70EF92F0000E41
:1024E000846F856B84518511D8B479EF92F07BEFBE
:1024F00092F089EF92F03C0EAE25056E040EAF21EE
:10250000066E920E076EFF0E086E69ECE4F021EF86
:1025100092F03C0EAE25056E040EAF21066E9A0EAB
:10252000076EFF0E086E69ECE4F021EF92F0000EEA
:102530000001B06F000EB16F800EB26F3F0EB36F2F
:10254000000EAD6F000EAC6F6000A0F201F06000F5
:10255000A4F202F06000A8F203F06000ACF204F014
:10256000000E056E000E066E000E076E000E086E61
:10257000FCECDFF0D8B0BFEF92F0C1EF92F068EF63
:1025800093F0E8EF92F06000C0F215F06000C4F242
:1025900016F06000C8F217F06000CCF218F0000EE0
:1025A000196E000E1A6E200E1B6E410E1C6E5EEC34
:1025B000B1F0600054F0B0F0600058F0B1F060008D
:1025C0005CF0B2F0600060F0B3F00001AC4BAD2BFA
:1025D0006000A0F22EF06000A4F22FF06000A8F2DC
:1025E00030F06000ACF231F0000E196E000E1A6E81
:1025F000200E1B6E410E1C6E6000C0F215F06000D4
:10260000C4F216F06000C8F217F06000CCF218F0C7
:102610005EECB1F0600054F032F0600058F033F03E
:1026200060005CF034F0600060F035F0AEECD5F0A6
:10263000D8B01DEF93F01FEF93F0C3EF92F047EF88
:1026400093F06000C0F242F06000C4F243F060001A
:10265000C8F244F06000CCF245F0000E466E000E69
:10266000476E200E486E410E496EA3ECB3F0600039
:1026700008F1B0F060000CF1B1F0600010F1B2F0C0
:10268000600014F1B3F00001AC07D8A0AD07600002
:10269000A0F22EF06000A4F22FF06000A8F230F05B
:1026A0006000ACF231F06000C0F232F06000C4F2C1
:1026B00033F06000C8F234F06000CCF235F0AEECDC
:1026C000D5F0D8A066EF93F068EF93F021EF93F088
:1026D0006000D8F107F0086A43ECE5F0075000010C
:1026E0009D6F600074F29AF0670E9D19D8A47BEF7D
:1026F00093F07DEF93F0A7EF93F0010196519711BE
:10270000D8A485EF93F087EF93F08BEF93F0000E52
:10271000976F010E966F97BF98EF93F0975106E170
:102720009605D8B096EF93F098EF93F09FEF93F063
:10273000000E0001996F060E986FB1EF93F06000E4
:1027400058F698F060005CF699F0B1EF93F0010153
:1027500097BFADEF93F0AFEF93F098EF93F09FEF4B
:1027600093F0670E00019D19D8A4B9EF93F0BBEF69
:1027700093F0ECEF93F0ADAFC9EF93F0FC0EAC5DCE
:10278000FF0EAD59D8A0C7EF93F0C9EF93F0EAEF71
:1027900093F0FF0E776FFF0E786F600060F279F0B4
:1027A000600064F27AF07751792778517A23AC513E
:1027B000795D7A51800A7B6FAD51800A7B59D8A030
:1027C000E4EF93F0E6EF93F0EAEF93F0660E9A6F82
:1027D000ECEF93F0650E9A6F600060F290F060008D
:1027E00064F291F0670E9D19D8A4F9EF93F0FBEF16
:1027F00093F00BEF94F0660E9A19D8A402EF94F0C0
:1028000004EF94F00DEF94F0ADBF0BEF94F009EFEF
:1028100094F00DEF94F0904B912B660E9A19D8A47A
:1028200014EF94F016EF94F036EF94F0ADBF1DEF77
:1028300094F01BEF94F029EF94F0000EB06F000EAF
:10284000B16F800EB26F3F0EB36F000EAD6F000E12
:10285000AC6F670E9D19D8B430EF94F032EF94F05E
:1028600036EF94F0AC519027AD519123000EA76F35
:10287000000EA66F6000A0F29EF06000A4F29FF030
:102880006000A8F2A0F06000ACF2A1F06000C0F21D
:102890007CF06000C4F27DF06000C8F27EF0600061
:1028A000CCF27FF001EF95F0600078F242F060002A
:1028B0007CF243F0600080F244F0600084F245F066
:1028C0006000C0F246F06000C4F247F06000C8F259
:1028D00048F06000CCF249F0A3ECB3F0600008F1DE
:1028E0005BF060000CF15CF0600010F15DF06000E6
:1028F00014F15EF00EECC3F060006CF1A2F0600029
:1029000070F1A3F0600074F1A4F0600078F1A5F01C
:10291000600088F23EF060008CF23FF0600090F2C0
:1029200040F0600094F241F0A1ECD4F06000F8F0C7
:1029300094F06000FCF095F0600078F23EF06000EA
:102940007CF23FF0600080F240F0600084F241F0E1
:102950006000C0F219F06000C4F21AF06000C8F222
:102960001BF06000CCF21CF0600088F215F06000F3
:102970008CF216F0600090F217F0600094F218F0FC
:102980005EECB1F0600054F042F0600058F043F0AB
:1029900060005CF044F0600060F045F03DECE6F073
:1029A0006000F8F09EF06000FCF09FF0600000F125
:1029B000A0F0600004F1A1F06000C0F242F06000FD
:1029C000C4F243F06000C8F244F06000CCF245F07D
:1029D000000E466E000E476E200E486E410E496E88
:1029E000A3ECB3F0600008F1B0F060000CF1B1F0BE
:1029F000600010F1B2F0600014F1B3F00001A64BDA
:102A0000A72B9051A65DA751800A776F9151800A3C
:102A10007759D8A00EEF95F010EF95F054EF94F0A1
:102A20006000C0F215F06000C4F216F06000C8F259
:102A300017F06000CCF218F0000E196E000E1A6E3E
:102A4000A00E1B6E400E1C6E5EECB1F0600054F0E8
:102A5000A2F0600058F0A3F060005CF0A4F0600009
:102A600060F0A5F0600078F22EF060007CF22FF0AC
:102A7000600080F230F0600084F231F0600088F293
:102A800032F060008CF233F0600090F234F06000BD
:102A900094F235F0AEECD5F0D8B051EF95F053EF9D
:102AA00095F05EEF95F0000E0001A26F000EA36F8F
:102AB000000EA46F000EA56F8FEF95F0600078F206
:102AC00001F060007CF202F0600080F203F0600030
:102AD00084F204F0600088F205F060008CF206F0E9
:102AE000600090F207F0600094F208F0FCECDFF078
:102AF000D8A07DEF95F07FEF95F08FEF95F0000176
:102B000094B185EF95F087EF95F08FEF95F0000E7B
:102B1000A26F000EA36F000EA46F000EA56F6000E1
:102B2000A0F22EF06000A4F22FF06000A8F230F0C6
:102B30006000ACF231F0600088F232F060008CF29C
:102B400033F0600090F234F0600094F235F0E0EC85
:102B5000AEF06000B8F09EF06000BCF09FF0600046
:102B6000C0F0A0F06000C4F0A1F06000F0F1B0F09F
:102B70006000F4F1B1F06000F8F1B2F06000FCF137
:102B8000B3F0650E00019A19D8B4C9EF95F0CBEFF8
:102B900095F0D3EF95F06000B0F292F06000B4F2DF
:102BA00093F0D7EF95F0000E936F000E926F000E2A
:102BB0008F6F000E8E6F000E8D6F000E8C6F000EEB
:102BC000A76F000EA66F06EF97F0600078F242F054
:102BD00060007CF243F0600080F244F0600084F218
:102BE00045F06000C0F246F06000C4F247F06000BB
:102BF000C8F248F06000CCF249F0A3ECB3F06000FA
:102C000008F15BF060000CF15CF0600010F15DF029
:102C1000600014F15EF00EECC3F060006CF1A2F005
:102C2000600070F1A3F0600074F1A4F0600078F12E
:102C3000A5F0600088F23EF060008CF23FF060008A
:102C400090F240F0600094F241F0A1ECD4F060000A
:102C5000F8F094F06000FCF095F0010198B933EFC2
:102C600096F035EF96F053EF96F0000194519511E0
:102C7000D8A43DEF96F03FEF96F053EF96F0670E35
:102C80009D19D8A446EF96F048EF96F053EF96F0D2
:102C900093BF4FEF96F04DEF96F053EF96F08C4BBD
:102CA0008D2B9EEF96F000018E518F11D8A45BEF13
:102CB00096F05DEF96F087EF96F093BF64EF96F095
:102CC00062EF96F087EF96F03C0EAE25D96E040EBB
:102CD000AF21DA6E2E0EDF6EAE4BAF2B9B07D8A066
:102CE0009C07000E8F6F010E8E6F87EF96F03C0EE3
:102CF000AE25D96E040EAF21DA6E300EDF6EAE4B0C
:102D0000AF2B9B07D8A09C078C07D8A08D078C51B0
:102D10008D11D8A48EEF96F090EF96F077EF96F0A5
:102D20003C0EAE25D96E040EAF21DA6E9451300FF1
:102D3000DF6EAE4BAF2B9B07D8A09C07600078F2EC
:102D40003EF060007CF23FF0600080F240F06000F6
:102D500084F241F06000C0F219F06000C4F21AF091
:102D60006000C8F21BF06000CCF21CF0600088F23A
:102D700015F060008CF216F0600090F217F0600021
:102D800094F218F05EECB1F0600054F042F0600094
:102D900058F043F060005CF044F0600060F045F0F3
:102DA0003DECE6F06000F8F09EF06000FCF09FF073
:102DB000600000F1A0F0600004F1A1F06000C0F23A
:102DC00042F06000C4F243F06000C8F244F06000DA
:102DD000CCF245F0000E466E000E476E200E486E97
:102DE000410E496EA3ECB3F0600008F1B0F0600052
:102DF0000CF1B1F0600010F1B2F0600014F1B3F02A
:102E000000019207D8A09307A64BA72B9051A65D6F
:102E1000A751800A776F9151800A7759D8B013EF84
:102E200097F015EF97F023EF97F0AFBF21EF97F0F2
:102E3000AF5109E14B0EAE5DD8A021EF97F023EF23
:102E400097F0E5EF95F08E518F11D8A42AEF97F007
:102E50002CEF97F03FEF97F0010198A932EF97F030
:102E600034EF97F03FEF97F03C0E0001AE25D96E9E
:102E7000040EAF21DA6E2E0EDF6EAE4BAF2B3C0E82
:102E80000001AE25D96E040EAF21DA6E000EDF6EA2
:102E9000650E9A19D8A44FEF97F051EF97F026EFEF
:102EA00092F0000EA76F4F0EA66F3C0EA625D96EAE
:102EB000040EA721DA6E000EDF6E000E976F000E73
:102EC000966FADBF68EF97F066EF97F070EF97F0F1
:102ED000000E976F010E966FAC6DAD1FD8B0AD2B85
:102EE000000E996F020E986FA7EF97F0A607D8A073
:102EF000A7073C0EA625D96E040EA721DA6E600046
:102F0000B0F201F06000B4F202F0000E046E0A0E9E
:102F1000036E9CECDEF00150300FDF6E6000B0F20B
:102F200001F06000B4F202F0000E046E0A0E036EAF
:102F3000C3ECDCF0600004F0ACF0600008F0ADF031
:102F400000019807D8A099079B07D8A09C07AC510F
:102F5000AD11D8A4AEEF97F0B0EF97F076EF97F001
:102F600099BFBDEF97F0995106E19805D8B0BBEF36
:102F700097F0BDEF97F076EF97F0A607D8A0A707D8
:102F800096519711D8A4C7EF97F0C9EF97F0CFEFFC
:102F900097F0000E876F2B0E866FD3EF97F0000E21
:102FA000876F2D0E866F3C0EA625D96E040EA721C5
:102FB000DA6E60001BF2DFFF9B07D8A09C07A60714
:102FC000D8A0A707BF0E776FFF0E786F7651796F85
:102FD0007A6B7751792778517A237A510AE11A0E60
:102FE000795DD8A0F6EF97F0F9EF97F0010EFAEFC0
:102FF00097F0000E8A6F8B6B8A518B11D8A403EF68
:1030000098F005EF98F00BEF98F0000E896F650EC1
:10301000886F0FEF98F0000E896F450E886F3C0E99
:10302000A625D96E040EA721DA6E600023F2DFFF19
:103030009B07D8A09C073C0EAE25056E040EAF2161
:10304000066E3C0EA625076E040EA721086E69ECDD
:10305000E4F026EF92F012006000DBF2D9FF60008E
:10306000DFF2DAFF6F007BFFF6FF6F0077FFF7FFFD
:10307000000EF86E0800F550250AD8A442EF98F02B
:1030800044EF98F0E3EF9DF06000DBF2D9FF6000C1
:10309000DFF2DAFFDE2A000EDD22000E0101956F5D
:1030A000000E946F94C198F195C199F19669976952
:1030B000000E0001C16F000EC06FB2EF98F0010169
:1030C00098816000DBF2D9FF6000DFF2DAFFDE2AD0
:1030D000000EDD22B2EF98F00101988361EF98F0C5
:1030E0000101988561EF98F00101988761EF98F0F0
:1030F0000101988961EF98F0000EC16F010EC06F59
:10310000B2EF98F06000DBF2D9FF6000DFF2DAFF87
:103110006F007BFFF6FF6F0077FFF7FF000EF86E82
:103120000800F550BA6FBB6BBB51000AD8B49BEFD7
:1031300098F07CEF98F0BA51200AD8B474EF98F068
:10314000030AD8B478EF98F0080AD8B470EF98F072
:10315000060AD8B45FEF98F01D0AD8B46CEF98F067
:103160007CEF98F00001C051C111D8B4BAEF98F0CB
:10317000BCEF98F082EF98F0010198A1C2EF98F0AF
:10318000C4EF98F0C5EF98F098936000DBF2D9FF98
:103190006000DFF2DAFF6F007BFFF6FF6F0077FF62
:1031A000F7FF000EF86E0800F5502A0AD8A4DBEFEE
:1031B00098F0DDEF98F010EF99F06000DBF2D9FFA6
:1031C0006000DFF2DAFFDE2A000EDD226000E3F2AB
:1031D000D9FF6000E7F2DAFF6F007CFFBAF0020E61
:1031E000DE266F007CFFBBF0000EDD226000EBF2FC
:1031F000D9FF6000EFF2DAFF6F0078FF94F16F0003
:1032000074FF95F195BF09EF99F007EF99F062EF20
:1032100099F09881946D951FD8B0952B62EF99F035
:103220006000DBF2D9FF6000DFF2DAFF6F0078FFA9
:1032300008F06F0074FF09F0BAECCCF0600020F0E9
:1032400094F1600024F095F12FEF99F06000DBF22B
:10325000D9FF6000DFF2DAFFDE2A000EDD22D00E99
:103260000001BA6FFF0EBB6F6000DBF2D9FF600098
:10327000DFF2DAFF6F007BFFF6FF6F0077FFF7FFEB
:10328000000EF86E0800F550BC6FBD6BBA51BC273C
:10329000BB51BD23BD510AE10A0EBC5DD8A053EF5E
:1032A00099F056EF99F0010E57EF99F0000EC26FAA
:1032B000C36BC251C311D8A460EF99F062EF99F0CB
:1032C00026EF99F06000DBF2D9FF6000DFF2DAFF51
:1032D0006F007BFFF6FF6F0077FFF7FF000EF86EC1
:1032E0000800F5502E0AD8A478EF99F07AEF99F0FB
:1032F00019EF9AF0000E0101976F000E966F6000B3
:10330000DBF2D9FF6000DFF2DAFFDE2A000EDD22F9
:103310006000DBF2D9FF6000DFF2DAFF6F007BFFB5
:10332000F6FF6F0077FFF7FF000EF86E0800F5500C
:103330002A0AD8A49EEF99F0A0EF99F0C7EF99F070
:103340006000DBF2D9FF6000DFF2DAFFDE2A000E58
:10335000DD226000E3F2D9FF6000E7F2DAFF6F00E0
:103360007CFFBAF0020EDE266F007CFFBBF0000E81
:10337000DD226000EBF2D9FF6000EFF2DAFF6F00B0
:1033800078FF96F16F0074FF97F119EF9AF06000E3
:10339000DBF2D9FF6000DFF2DAFF6F0078FF08F0A0
:1033A0006F0074FF09F0BAECCCF0600020F096F1E9
:1033B000600024F097F1E6EF99F06000DBF2D9FFAE
:1033C0006000DFF2DAFFDE2A000EDD22D00E0001FF
:1033D000BA6FFF0EBB6F6000DBF2D9FF6000DFF257
:1033E000DAFF6F007BFFF6FF6F0077FFF7FF000E3D
:1033F000F86E0800F550BC6FBD6BBA51BC27BB51CD
:10340000BD23BD510AE10A0EBC5DD8A00AEF9AF0B7
:103410000DEF9AF0010E0EEF9AF0000EC46FC56B1F
:10342000C451C511D8A417EF9AF019EF9AF0DDEF47
:1034300099F06000DBF2D9FF6000DFF2DAFF6F0085
:103440007BFFF6FF6F0077FFF7FF000EF86E0800B6
:10345000F550076E086A43ECE5F007500001CC6FA9
:10346000CC51D8B436EF9AF038EF9AF082EF9AF058
:103470006000DBF2D9FF6000DFF2DAFF6F0078FF57
:10348000BAF06F0074FFBBF0010EBA27000EBB2329
:103490006000EBF2F6FF6000EFF2F7FF000EF86E4F
:1034A0000800F550076E086A43ECE5F0075000018C
:1034B000CD6FCD51D8B45FEF9AF061EF9AF082EF03
:1034C0009AF06000DBF2D9FF6000DFF2DAFF6F00F4
:1034D00078FFBAF06F0074FFBBF0020EBA27000E3F
:1034E000BB236000EBF2F6FF6000EFF2F7FF000E87
:1034F000F86E0800F550076E086A43ECE5F00750D7
:103500000001CE6F650ECC19D8A489EF9AF08BEF2D
:103510009AF0E7EF9AF06000DBF2D9FF6000DFF28B
:10352000DAFF6F007BFFF6FF6F0077FFF7FF000EFB
:10353000F86E08006F00D4FFD7F06000DBF2D9FF0F
:103540006000DFF2DAFFDE2A000EDD226000E3F227
:10355000D9FF6000E7F2DAFF6F007CFFBAF0040EDB
:10356000DE266F007CFFBBF0000EDD226000EBF278
:10357000D9FF6000EFF2DAFF6F0078FFC8F06F004C
:1035800078FFC9F06F0078FFCAF06F0078FFCBF0CA
:103590006000D0F270F06000D4F271F0600020F3AF
:1035A00072F0600024F373F0600028F374F06000A0
:1035B0002CF375F060005CF376F05EEC91F0600047
:1035C000C0F1B4F06000C4F1B5F008EF9EF0CC0E8D
:1035D000016E000E026EB10E036EFF0E046E000E41
:1035E000066E020E056E90ECD0F001500210D8A4C9
:1035F000FCEF9AF0FEEF9AF09FEF9BF06000DBF299
:10360000D9FF6000DFF2DAFF6F0078FFBAF06F00D9
:1036100074FFBBF0010E0001BA27000EBB2360004F
:10362000EBF2F6FF6000EFF2F7FF000EF86E080015
:103630006F00D4FFD7F0BF0EBA6FFF0EBB6F6000F4
:10364000DBF2D9FF6000DFF2DAFF6F007BFFF6FFED
:103650006F0077FFF7FF000EF86E0800F550BC6FA3
:10366000BD6BBA51BC27BB51BD23BD510AE11A0E37
:10367000BC5DD8A03EEF9BF041EF9BF0010E42EF06
:103680009BF0000EC66FC76BC651C711D8B44BEF85
:103690009BF04DEF9BF071EF9BF06000E3F2D9FFE0
:1036A0006000E7F2DAFF6F007CFFBAF0040EDE265E
:1036B0006F007CFFBBF0000EDD226000EBF2D9FF53
:1036C0006000EFF2DAFF6F0078FFC8F06F0078FF5C
:1036D000C9F06F0078FFCAF06F0078FFCBF093EF6E
:1036E0009BF06000E3F2D9FF6000E7F2DAFF6F00C1
:1036F0007CFFBAF0040EDE266F007CFFBBF0000EEC
:10370000DD226000EBF2D9FF6000EFF2DAFF6F001C
:1037100078FFC8F06F0078FFC9F06F0078FFCAF03B
:103720006F0078FFCBF0020E6000DBF2D9FF600083
:10373000DFF2DAFFDE26000EDD22C8EF9AF060002D
:10374000DBF2D9FF6000DFF2DAFF6F007BFFF6FFEC
:103750006F0077FFF7FF000EF86E0800F550750A4E
:10376000D8A4B5EF9BF0B7EF9BF011EF9CF0600091
:10377000DBF2D9FF6000DFF2DAFFDE2A000EDD2285
:103780006000E3F2D9FF6000E7F2DAFF6F007CFF30
:10379000BAF0020EDE266F007CFFBBF0000EDD22C9
:1037A0006000EBF2D9FF6000EFF2DAFF6F0078FF04
:1037B000BCF06F0074FFBDF06000F0F2CFF060006D
:1037C000F4F2D0F00001D16BD26BD36BD46BD56B1C
:1037D000D66B6000D0F21CF06000D4F21DF06000E7
:1037E0003CF31EF0600040F31FF0600044F320F053
:1037F000600048F321F060004CF322F0600050F3C9
:1038000023F0600054F324F0600058F325F0A9EC95
:10381000C0F0600070F0B4F0600074F0B5F008EF34
:103820009EF06000DBF2D9FF6000DFF2DAFF6F008C
:1038300078FF01F06F0074FF02F0AB0E036EFF0E15
:10384000046E000E066E020E056E90ECD0F0015074
:103850000210D8A42EEF9CF030EF9CF06BEF9CF0A0
:10386000020E6000DBF2D9FF6000DFF2DAFFDE2635
:10387000000EDD226000E3F2D9FF6000E7F2DAFF1C
:103880006F007CFFBAF0040EDE266F007CFFBBF0F9
:10389000000EDD226000EBF2D9FF6000EFF2DAFFEC
:1038A0006F0078FFBCF06F0078FFBDF06F0078FF0D
:1038B000BEF06F0078FFBFF00001BC51CF6FBD516B
:1038C000D06FBE51D16FBF51D26FD36BD46BD56B5C
:1038D000D66BE9EF9BF06000DBF2D9FF6000DFF20E
:1038E000DAFF6F007BFFF6FF6F0077FFF7FF000E38
:1038F000F86E0800F550780AD8B481EF9CF083EF99
:103900009CF09BEF9CF06000DBF2D9FF6000DFF2DF
:10391000DAFF6F007BFFF6FF6F0077FFF7FF000E07
:10392000F86E0800F550580AD8A499EF9CF09BEF68
:103930009CF00AEF9DF06000DBF2D9FF6000DFF23F
:10394000DAFF6F007BFFF6FF6F0077FFF7FF000ED7
:10395000F86E08006F00D4FFD7F06000DBF2D9FFEB
:103960006000DFF2DAFFDE2A000EDD226000E3F203
:10397000D9FF6000E7F2DAFF6F007CFFBAF0020EB9
:10398000DE266F007CFFBBF0000EDD226000EBF254
:10399000D9FF6000EFF2DAFF6F0078FFBCF06F0034
:1039A00074FFBDF06000F0F2CFF06000F4F2D0F0F0
:1039B0000001D16BD26BD36BD46BD56BD66B60002F
:1039C000D0F21CF06000D4F21DF060003CF31EF059
:1039D000600040F31FF0600044F320F0600048F303
:1039E00021F060004CF322F0600050F323F06000FF
:1039F00054F324F0600058F325F060005CF326F0E7
:103A00004DECBCF0600070F0B4F0600074F0B5F004
:103A100008EF9EF06000DBF2D9FF6000DFF2DAFF12
:103A20006F0078FF01F06F0074FF02F0B70E036EB5
:103A3000FF0E046E000E066E020E056E90ECD0F0C6
:103A400001500210D8B427EF9DF029EF9DF048EF08
:103A50009DF06000DBF2D9FF6000DFF2DAFF6F005B
:103A600078FF01F06F0074FF02F0AE0E036EFF0EE0
:103A7000046E000E066E020E056E90ECD0F0015042
:103A80000210D8A446EF9DF048EF9DF09FEF9DF007
:103A90006000DBF2D9FF6000DFF2DAFF6F0078FF31
:103AA000BAF06F0074FFBBF0010E0001BA27000EE0
:103AB000BB236000EBF2F6FF6000EFF2F7FF000EB1
:103AC000F86E08006F00D4FFD7F0020E6000DBF242
:103AD000D9FF6000DFF2DAFFDE26000EDD22600093
:103AE000E3F2D9FF6000E7F2DAFF6F007CFFBAF083
:103AF000040EDE266F007CFFBBF0000EDD226000AE
:103B0000EBF2D9FF6000EFF2DAFF6F0078FFBCF054
:103B10006F0078FFBDF06F0078FFBEF06F0078FF98
:103B2000BFF0BC51CF6FBD51D06FBE51D16FBF51EF
:103B3000D26FD36BD46BD56BD66BDFEF9CF060008C
:103B4000DBF2D9FF6000DFF2DAFF6F007BFFF6FFE8
:103B50006F0077FFF7FF000EF86E0800F550250A9A
:103B6000D8A4B5EF9DF0B7EF9DF0D3EF9DF06000C6
:103B7000DBF2D9FF6000DFF2DAFFDE2A000EDD2281
:103B8000000E026E250E016E6000D0F203F06000A0
:103B9000D4F204F0B1ECDAF0000E0001B56F010EC2
:103BA000B46F08EF9EF06000DBF2D9FF6000DFF237
:103BB000DAFFDE2A000EDD22000E0001B56F000ED6
:103BC000B46F08EF9EF06000DBF2D9FF6000DFF217
:103BD000DAFF6F007BFFF6FF6F0077FFF7FF000E45
:103BE000F86E0800F550016E026A6000D0F203F032
:103BF0006000D4F204F0B1ECDAF06000DBF2D9FF3F
:103C00006000DFF2DAFFDE2A000EDD22CCEF9DF04D
:103C10001200000E0101106F010E116F41EFA2F0B2
:103C2000000EEC6F000EEB6F6000F7F3D9FF600041
:103C3000FBF3DAFF1A0EDE6E010EDD6EEB0E5B6E2D
:103C4000010E5C6E85ECC6F05CBE32EF9EF05C50FF
:103C500007E1020E5B5CD8B030EF9EF032EF9EF0D1
:103C600039EF9EF0000E0001FE6F000EFD6F8DEF2C
:103C7000A2F040ECECF0600004F08CF1600008F081
:103C80008DF160000CF08EF1600010F08FF10101F9
:103C9000AE51AF11D8B44FEF9EF051EF9EF082EFCE
:103CA0009EF0000E496E000E486E000E4B6EC70E61
:103CB0004A6E96ECE9F0000E496E000E486E000E5A
:103CC0004B6ECD0E4A6E96ECE9F0000E496E000E7A
:103CD000486E000E4B6ED20E4A6E96ECE9F0000E66
:103CE000496E000E486E000E4B6ED70E4A6E96EC73
:103CF000E9F0000E0101A76F000EA66F000EAF6F76
:103D0000000EAE6FCEA287EF9EF08AEF9EF0010EFE
:103D10008BEF9EF0000EC86FC851D8A492EF9EF0B2
:103D200094EF9EF09DEF9EF0B051B111D8B49BEF8F
:103D30009EF09DEF9EF02EEFA1F0000EEC6F000EB6
:103D4000EB6F6000F7F3D9FF6000FBF3DAFF2A0E98
:103D5000DE6E010EDD6EEB0E5B6E010E5C6E0BEC2B
:103D6000B9F05CBEBFEF9EF05C5007E1020E5B5CF9
:103D7000D8B0BDEF9EF0BFEF9EF0C1EF9EF032EFE6
:103D80009EF058ECEDF0600004F0ACF1600008F03B
:103D9000ADF1600030F619F0600034F61AF0600002
:103DA00038F61BF060003CF61CF0600040F615F0A1
:103DB000600044F616F0600048F617F060004CF61C
:103DC00018F05EECB1F0600054F008F1600058F0BB
:103DD00009F160005CF00AF1600060F00BF1600036
:103DE00030F619F0600034F61AF0600038F61BF077
:103DF00060003CF61CF06000E4F715F06000E8F7A6
:103E000016F06000ECF717F06000F0F718F05EECC9
:103E1000B1F0600054F032F0600058F033F0600010
:103E20005CF034F0600060F035F0600030F619F0BE
:103E3000600034F61AF0600038F61BF060003CF6C3
:103E40001CF0600020F415F0600024F416F060000F
:103E500028F417F060002CF418F05EECB1F060006C
:103E600054F02EF0600058F02FF060005CF030F05D
:103E7000600060F031F0E0ECAEF06000B8F00CF102
:103E80006000BCF00DF16000C0F00EF16000C4F005
:103E90000FF16000B0F607F06000B4F608F0096AB0
:103EA0000A6A000ECEECCBF060001CF019F0600046
:103EB00020F01AF0600024F01BF0600028F01CF0E5
:103EC0006000D4F732F06000D8F733F06000DCF720
:103ED00034F06000E0F735F0600030F42EF0600060
:103EE00034F42FF0600038F430F060003CF431F02E
:103EF000E0ECAEF06000B8F015F06000BCF016F039
:103F00006000C0F017F06000C4F018F05EECB1F093
:103F1000600054F03EF0600058F03FF060005CF04C
:103F200040F0600060F041F0A1ECD4F06000F8F0E7
:103F3000ACF16000FCF0ADF10101C851D8B4A3EFC1
:103F40009FF0A5EF9FF0D1EF9FF01051D8A4ABEFF9
:103F50009FF0ADEF9FF0D1EF9FF0000EEC6F000EE1
:103F6000EB6F6000F7F3D9FF6000FBF3DAFF3A0E66
:103F7000DE6E010EDD6EEB0E5D6E010E5E6E43ECCD
:103F8000A6F05EBECFEF9FF05E5007E1020E5D5CD3
:103F9000D8B0CDEF9FF0CFEF9FF0D1EF9FF032EF91
:103FA0009EF00101B051B111D8B4D9EF9FF0DBEF11
:103FB0009FF001EFA0F0000EEC6F000EEB6F6000C1
:103FC000F7F3D9FF6000FBF3DAFF470EDE6E010E58
:103FD000DD6EEB0E0001F86F010EF96F8EECA2F0B2
:103FE0000001F9BFFFEF9FF0F95107E1020EF85D04
:103FF000D8B0FDEF9FF0FFEF9FF001EFA0F032EFA0
:104000009EF08C0E016E040E026EFC0E036EFF0E0F
:10401000046E000E066E010E056E90ECD0F001509D
:104020000210D8A416EFA0F018EFA0F0ECEFA0F06B
:10403000000E196E000E1A6E000E1B6E400E1C6EE6
:10404000600074F715F0600078F716F060007CF7F8
:1040500017F0600080F718F05EECB1F0600054F0EB
:104060002EF0600058F02FF060005CF030F060003F
:1040700060F031F0000E326E000E336EA80E346E1A
:10408000C10E356EE0ECAEF06000B8F0DDF160001E
:10409000BCF0DEF16000C0F0DFF16000C4F0E0F1E0
:1040A000000E2E6E000E2F6EA00E306E400E316E82
:1040B000600074F732F0600078F733F060007CF74E
:1040C00034F0600080F735F0AEECD5F0D8B06BEF8F
:1040D000A0F06DEFA0F093EFA0F0600074F72EF069
:1040E000600078F72FF060007CF730F0600080F718
:1040F00031F0000E326E000E336E200E346E410E23
:10410000356EAEECD5F0D8B088EFA0F08AEFA0F015
:1041100093EFA0F0000E0101DD6F000EDE6FA00E28
:10412000DF6F400EE06F0101E0BF9BEFA0F099EF61
:10413000A0F0A3EFA0F0000EDD6F000EDE6F000E0A
:10414000DF6F000EE06F600074F73EF0600078F7FC
:104150003FF060007CF740F0600080F741F0A1EC98
:10416000D4F06000F8F0DAF26000FCF0DBF2020E4E
:104170000001E06F010EE16FD50EE26FFF0EE36FFD
:10418000600068FBE4F060006CFBE5F0F6ECE6F044
:10419000CE0E056E030E066ED30E076EFF0E086E72
:1041A00069ECE4F0CE0E0F6E030E106E020E116E6F
:1041B000010E126E30ECEBF0CE0E0F6E030E106E91
:1041C000D30E116EFF0E126E30ECEBF0CE0E056EBC
:1041D000030E066E3BECE3F0B8ECEBF0000E0101D1
:1041E000B16F000EB06FCE0E016E030E026E000EA8
:1041F000046E000E036E000E066E080E056E9FEC38
:10420000CDF0E0ECEAF0F40E01240201746F010E2F
:104210000220756F000E0320766F000E0420776F6A
:104220006000F7F3D9FF6000FBF3DAFF5B0EDE6E90
:10423000010EDD6EE0ECEAF001500201745D025007
:1042400075590350765904507759D8A02AEFA1F038
:104250002CEFA1F02EEFA1F032EF9EF0000E010145
:10426000EC6F000EEB6F6000F7F3D9FF6000FBF31B
:10427000DAFF5D0EDE6E010EDD6EEB0E2E6E010EB0
:104280002F6EB1ECC8F02FBE51EFA1F02F5007E117
:10429000020E2E5CD8B04FEFA1F051EFA1F053EF1A
:1042A000A1F032EF9EF04DECECF0600004F02EF047
:1042B000600008F02FF060000CF030F0600010F0AB
:1042C00031F0000E326E000E336E200E346EC10ED1
:1042D000356EE0ECAEF06000B8F0DDF16000BCF0EF
:1042E000DEF16000C0F0DFF16000C4F0E0F1EC0E40
:1042F000196ED10E1A6E350E1B6E420E1C6E6000CA
:1043000074F715F0600078F716F060007CF717F08E
:10431000600080F718F05EECB1F0600054F02EF011
:10432000600058F02FF060005CF030F0600060F04A
:1043300031F0BC0E326E740E336E910E346EC00EC0
:10434000356EE0ECAEF06000B8F0DDF16000BCF07E
:10435000DEF16000C0F0DFF16000C4F0E0F1010EBA
:1043600002017025706F000E7121716F000E7221B5
:10437000726F000E7321736F73BFCAEFA1F0735198
:104380007211711109E1C90E705DD8A0CAEFA1F0D8
:10439000CCEFA1F025EFA2F00101E0BFD4EFA1F036
:1043A000D2EFA1F0DCEFA1F0000EDD6F000EDE6FAA
:1043B000000EDF6F000EE06F000E2E6E000E2F6EEF
:1043C000C60E306E420E316E600074F732F060003F
:1043D00078F733F060007CF734F0600080F735F058
:1043E000AEECD5F0D8B0F7EFA1F0F9EFA1F002EF05
:1043F000A2F0000E0101DD6F000EDE6FC60EDF6F52
:10440000420EE06F600074F73EF0600078F73FF016
:1044100060007CF740F0600080F741F0A1ECD4F040
:104420006000F8F048F06000FCF049F0000E4B6EC0
:10443000CF0E4A6E96ECE9F0000E0201706F000E8E
:10444000716F000E726F000E736F000E0101116F1D
:104450006000F7F3D9FF6000FBF3DAFF670EDE6E52
:10446000010EDD6E1151D8A438EFA2F03AEFA2F0A0
:1044700010EF9EF0000E0001FE6F010EFD6F8DEF3C
:10448000A2F06000F7F3D9FF6000FBF3DAFF6F00E2
:1044900078FF00F16F0074FF01F10151000AD8B4F8
:1044A00058EFA2F0010AD8B45FEFA2F07EEFA2F0BD
:1044B0000051000AD8B410EF9EF07EEFA2F0005138
:1044C0001A0AD8B41EEF9EF0300AD8B4ABEF9EF0B3
:1044D000100AD8B4BBEF9FF07D0AD8B4E9EF9FF083
:1044E0001C0AD8B41AEFA1F0060AD8B43DEFA1F027
:1044F0003A0AD8B432EFA2F07EEFA2F06000F7F3F0
:10450000D9FF6000FBF3DAFF000EDE6E000EDD6EF9
:10451000000E0001FE6F030EFD6F1200E5EFA5F027
:104520008C0E016E040E026EE80E036EFF0E046E1A
:10453000000E066E010E056E90ECD0F001500210D8
:10454000D8A4A5EFA2F0A7EFA2F0D6EFA2F091ECCD
:10455000EDF0000E0101E26F000EE16F6000E3F389
:10456000D9FF6000E7F3DAFF8F0EDE6E000EDD6E1E
:10457000E10E0001F46F010EF56F3DECD1F000018A
:10458000F5BFCEEFA2F0F55107E1020EF45DD8B011
:10459000CCEFA2F0CEEFA2F0D4EFA2F0000EF96FB4
:1045A000000EF86F42EFA6F0D4EFA5F08C0E016E6E
:1045B000040E026EEA0E036EFF0E046E000E066E0F
:1045C000010E056E90ECD0F001500210D8A4EBEF74
:1045D000A2F0EDEFA2F016EFA3F0A1ECEDF0000ECB
:1045E0000101E26F000EE16F6000E3F3D9FF6000AC
:1045F000E7F3DAFF930EDE6E000EDD6EE10E0001D2
:10460000F46F010EF56F3DECD1F00001F5BF14EF32
:10461000A3F0F55107E1020EF45DD8B012EFA3F05C
:1046200014EFA3F0D4EFA2F0CEEFA2F08C0E016E47
:10463000040E026E240E036EFE0E046E000E066E55
:10464000010E056E90ECD0F001500210D8A42BEFB3
:10465000A3F02DEFA3F056EFA3F079ECEDF0000EF0
:104660000101E26F000EE16F6000E3F3D9FF60002B
:10467000E7F3DAFF970EDE6E000EDD6EE10E00014D
:10468000F46F010EF56F3DECD1F00001F5BF54EF72
:10469000A3F0F55107E1020EF45DD8B052EFA3F09C
:1046A00054EFA3F0D4EFA2F0CEEFA2F08C0E016E87
:1046B000040E026EEC0E036EFF0E046E000E066E0C
:1046C000010E056E90ECD0F001500210D8A46BEFF3
:1046D000A3F06DEFA3F096EFA3F081ECEDF0000EE8
:1046E0000101E26F000EE16F6000E3F3D9FF6000AB
:1046F000E7F3DAFF9B0EDE6E000EDD6EE10E0001C9
:10470000F46F010EF56F3DECD1F00001F5BF94EFB1
:10471000A3F0F55107E1020EF45DD8B092EFA3F0DB
:1047200094EFA3F0D4EFA2F0CEEFA2F08C0E016EC6
:10473000040E026EDD0E036EFE0E046E000E066E9B
:10474000010E056E90ECD0F001500210D8A4ABEF32
:10475000A3F0ADEFA3F0D6EFA3F099ECEDF0000ECF
:104760000101E26F000EE16F6000E3F3D9FF60002A
:10477000E7F3DAFF9F0EDE6E000EDD6EE10E000144
:10478000F46F010EF56F3DECD1F00001F5BFD4EFF1
:10479000A3F0F55107E1020EF45DD8B0D2EFA3F01B
:1047A000D4EFA3F0D4EFA2F0CEEFA2F08C0E016E06
:1047B000040E026E100E036EFF0E046E000E066EE7
:1047C000010E056E90ECD0F001500210D8A4EBEF72
:1047D000A3F0EDEFA3F016EFA4F089ECEDF0000EDE
:1047E0000101E26F000EE16F6000E3F3D9FF6000AA
:1047F000E7F3DAFFA30EDE6E000EDD6EE10E0001C0
:10480000F46F010EF56F3DECD1F00001F5BF14EF30
:10481000A4F0F55107E1020EF45DD8B012EFA4F058
:1048200014EFA4F0D4EFA2F0CEEFA2F08C0E016E44
:10483000040E026EEE0E036EFF0E046E000E066E88
:10484000010E056E90ECD0F001500210D8A42BEFB1
:10485000A4F02DEFA4F056EFA4F08DECEDF0000ED7
:104860000101E26F000EE16F6000E3F3D9FF600029
:10487000E7F3DAFFA90EDE6E000EDD6EE10E000139
:10488000F46F010EF56F3DECD1F00001F5BF54EF70
:10489000A4F0F55107E1020EF45DD8B052EFA4F098
:1048A00054EFA4F0D4EFA2F0CEEFA2F08C0E016E84
:1048B000040E026EF00E036EFF0E046E000E066E06
:1048C000010E056E90ECD0F001500210D8A46BEFF1
:1048D000A4F06DEFA4F096EFA4F09DECEDF0000EC7
:1048E0000101E26F000EE16F6000E3F3D9FF6000A9
:1048F000E7F3DAFFAD0EDE6E000EDD6EE10E0001B5
:10490000F46F010EF56F3DECD1F00001F5BF94EFAF
:10491000A4F0F55107E1020EF45DD8B092EFA4F0D7
:1049200094EFA4F0D4EFA2F0CEEFA2F08C0E016EC3
:10493000040E026EF20E036EFF0E046E000E066E83
:10494000010E056E90ECD0F001500210D8A4ABEF30
:10495000A4F0ADEFA4F0D6EFA4F075ECEDF0000EEE
:104960000101E26F000EE16F6000E3F3D9FF600028
:10497000E7F3DAFFB10EDE6E000EDD6EE10E000130
:10498000F46F010EF56F3DECD1F00001F5BFD4EFEF
:10499000A4F0F55107E1020EF45DD8B0D2EFA4F017
:1049A000D4EFA4F0D4EFA2F0CEEFA2F08C0E016E03
:1049B000040E026EF40E036EFF0E046E000E066E01
:1049C000010E056E90ECD0F001500210D8A4EBEF70
:1049D000A4F0EDEFA4F016EFA5F07DECEDF0000EE5
:1049E0000101E26F000EE16F6000E3F3D9FF6000A8
:1049F000E7F3DAFFB50EDE6E000EDD6EE10E0001AC
:104A0000F46F010EF56F3DECD1F00001F5BF14EF2E
:104A1000A5F0F55107E1020EF45DD8B012EFA5F054
:104A200014EFA5F0D4EFA2F0CEEFA2F08C0E016E41
:104A3000040E026EF60E036EFF0E046E000E066E7E
:104A4000010E056E90ECD0F001500210D8A42BEFAF
:104A5000A5F02DEFA5F056EFA5F095ECEDF0000ECA
:104A60000101E26F000EE16F6000E3F3D9FF600027
:104A7000E7F3DAFFB90EDE6E000EDD6EE10E000127
:104A8000F46F010EF56F3DECD1F00001F5BF54EF6E
:104A9000A5F0F55107E1020EF45DD8B052EFA5F094
:104AA00054EFA5F0D4EFA2F0CEEFA2F08C0E016E81
:104AB000040E026EF80E036EFF0E046E000E066EFC
:104AC000010E056E90ECD0F001500210D8A46BEFEF
:104AD000A5F06DEFA5F096EFA5F085ECEDF0000EDA
:104AE0000101E26F000EE16F6000E3F3D9FF6000A7
:104AF000E7F3DAFFBD0EDE6E000EDD6EE10E0001A3
:104B0000F46F010EF56F3DECD1F00001F5BF94EFAD
:104B1000A5F0F55107E1020EF45DD8B092EFA5F0D3
:104B200094EFA5F0D4EFA2F0CEEFA2F08C0E016EC0
:104B3000040E026EB20E036EFF0E046E000E066EC1
:104B4000010E056E90ECD0F001500210D8A4ABEF2E
:104B5000A5F0ADEFA5F0D4EFA2F0000E0101E26FD9
:104B6000000EE16F6000E3F3D9FF6000E7F3DAFFC6
:104B7000C00EDE6E000EDD6EE10E0001F46F010E60
:104B8000F56F3DECD1F00001F5BFD2EFA5F0F55186
:104B900007E1020EF45DD8B0D0EFA5F0D2EFA5F09A
:104BA000D4EFA2F0CEEFA2F06000E3F3D9FF6000F3
:104BB000E7F3DAFF000EDE6E000EDD6E000E000180
:104BC000F96F020EF86F42EFA6F06000E3F3D9FF31
:104BD0006000E7F3DAFF6F0078FFFAF06F0074FF10
:104BE000FBF00001FB51000AD8B4F9EFA5F034EF57
:104BF000A6F0FA51000AD8B490EFA2F08F0AD8B408
:104C0000B8EFA2F01C0AD8B4FEEFA2F0040AD8B4A0
:104C10003EEFA3F00C0AD8B47EEFA3F0040AD8B498
:104C2000BEEFA3F03C0AD8B4FEEFA3F00A0AD8B452
:104C30003EEFA4F0040AD8B47EEFA4F01C0AD8B466
:104C4000BEEFA4F0040AD8B4FEEFA4F00C0AD8B466
:104C50003EEFA5F0040AD8B47EEFA5F07D0AD8B4E3
:104C6000BCEFA5F034EFA6F06000E3F3D9FF6000DD
:104C7000E7F3DAFF000EDE6E000EDD6E000EF96F58
:104C8000030EF86F1200E3EFA8F004010805D8A4A2
:104C90004CEFA6F04EEFA6F07DEFA6F091ECEDF014
:104CA000DDECCFF0000E0101E46F000EE36F600059
:104CB00077F1D9FF60007BF1DAFF4C0EDE6E000E5B
:104CC000DD6EE30E096E010E0A6E15ECD8F00ABE19
:104CD00075EFA6F00A5007E1020E095CD8B073EF39
:104CE000A6F075EFA6F07BEFA6F0000E5E6E000E4C
:104CF0005D6E40EFA9F0D3EFA8F0020E0819D8A41A
:104D000084EFA6F086EFA6F0AFEFA6F0A1ECEDF0F1
:104D1000DDECCFF0000E0101E46F000EE36F6000E8
:104D200077F1D9FF60007BF1DAFF500EDE6E000EE6
:104D3000DD6EE30E096E010E0A6E15ECD8F00ABEA8
:104D4000ADEFA6F00A5007E1020E095CD8B0ABEF58
:104D5000A6F0ADEFA6F07BEFA6F075EFA6F0030E80
:104D60000819D8A4B6EFA6F0B8EFA6F0E1EFA6F0C8
:104D700079ECEDF0DDECCFF0000E0101E46F000EF8
:104D8000E36F600077F1D9FF60007BF1DAFF550E29
:104D9000DE6E000EDD6EE30E096E010E0A6E15EC7E
:104DA000D8F00ABEDFEFA6F00A5007E1020E095C58
:104DB000D8B0DDEFA6F0DFEFA6F07BEFA6F075EF41
:104DC000A6F0040E0819D8A4E8EFA6F0EAEFA6F0C2
:104DD00013EFA7F081ECEDF0DDECCFF0000E010158
:104DE000E46F000EE36F600077F1D9FF60007BF1A4
:104DF000DAFF5A0EDE6E000EDD6EE30E096E010E56
:104E00000A6E15ECD8F00ABE11EFA7F00A5007E1C0
:104E1000020E095CD8B00FEFA7F011EFA7F07BEFFF
:104E2000A6F075EFA6F0050E0819D8A41AEFA7F0A2
:104E30001CEFA7F045EFA7F099ECEDF0DDECCFF01B
:104E4000000E0101E46F000EE36F600077F1D9FFFF
:104E500060007BF1DAFF5F0EDE6E000EDD6EE30EAA
:104E6000096E010E0A6E15ECD8F00ABE43EFA7F0EA
:104E70000A5007E1020E095CD8B041EFA7F043EFFA
:104E8000A7F07BEFA6F075EFA6F0060E0819D8A4E0
:104E90004CEFA7F04EEFA7F077EFA7F089ECEDF01D
:104EA000DDECCFF0000E0101E46F000EE36F600057
:104EB00077F1D9FF60007BF1DAFF640EDE6E000E41
:104EC000DD6EE30E096E010E0A6E15ECD8F00ABE17
:104ED00075EFA7F00A5007E1020E095CD8B073EF36
:104EE000A7F075EFA7F07BEFA6F075EFA6F0070E21
:104EF0000819D8A47EEFA7F080EFA7F0A9EFA7F0DC
:104F00008DECEDF0DDECCFF0000E0101E46F000E52
:104F1000E36F600077F1D9FF60007BF1DAFF6A0E82
:104F2000DE6E000EDD6EE30E096E010E0A6E15ECEC
:104F3000D8F00ABEA7EFA7F00A5007E1020E095CFD
:104F4000D8B0A5EFA7F0A7EFA7F07BEFA6F075EF1D
:104F5000A6F0080E0819D8A4B0EFA7F0B2EFA7F09A
:104F6000DBEFA7F09DECEDF0DDECCFF0000E0101E2
:104F7000E46F000EE36F600077F1D9FF60007BF112
:104F8000DAFF6F0EDE6E000EDD6EE30E096E010EAF
:104F90000A6E15ECD8F00ABED9EFA7F00A5007E167
:104FA000020E095CD8B0D7EFA7F0D9EFA7F07BEFDE
:104FB000A6F075EFA6F00A0E0819D8A4E2EFA7F044
:104FC000E4EFA7F00DEFA8F075ECEDF0DDECCFF01D
:104FD000000E0101E46F000EE36F600077F1D9FF6E
:104FE00060007BF1DAFF730EDE6E000EDD6EE30E05
:104FF000096E010E0A6E15ECD8F00ABE0BEFA8F090
:105000000A5007E1020E095CD8B009EFA8F00BEFD7
:10501000A8F07BEFA6F075EFA6F00B0E0819D8A448
:1050200014EFA8F016EFA8F03FEFA8F07DECEDF03C
:10503000DDECCFF0000E0101E46F000EE36F6000C5
:1050400077F1D9FF60007BF1DAFF770EDE6E000E9C
:10505000DD6EE30E096E010E0A6E15ECD8F00ABE85
:105060003DEFA8F00A5007E1020E095CD8B03BEF13
:10507000A8F03DEFA8F07BEFA6F075EFA6F00C0EC0
:105080000819D8A446EFA8F048EFA8F071EFA8F0EF
:1050900095ECEDF0DDECCFF0000E0101E46F000EB9
:1050A000E36F600077F1D9FF60007BF1DAFF7B0EE0
:1050B000DE6E000EDD6EE30E096E010E0A6E15EC5B
:1050C000D8F00ABE6FEFA8F00A5007E1020E095CA3
:1050D000D8B06DEFA8F06FEFA8F07BEFA6F075EFFA
:1050E000A6F00D0E0819D8A478EFA8F07AEFA8F072
:1050F000A3EFA8F085ECEDF0DDECCFF0000E0101A0
:10510000E46F000EE36F600077F1D9FF60007BF180
:10511000DAFF7F0EDE6E000EDD6EE30E096E010E0D
:105120000A6E15ECD8F00ABEA1EFA8F00A5007E10C
:10513000020E095CD8B09FEFA8F0A1EFA8F07BEFBA
:10514000A6F075EFA6F00E0E0819D8A4AAEFA8F0E5
:10515000ACEFA8F07BEFA6F0DDECCFF0000E010184
:10516000E46F000EE36F600077F1D9FF60007BF120
:10517000DAFF820EDE6E000EDD6EE30E096E010EAA
:105180000A6E15ECD8F00ABED1EFA8F00A5007E17C
:10519000020E095CD8B0CFEFA8F0D1EFA8F07BEFFA
:1051A000A6F075EFA6F0600077F1D9FF60007BF103
:1051B000DAFF000EDE6E000EDD6E000E5E6E020E79
:1051C0005D6E40EFA9F0600077F1D9FF60007BF1E0
:1051D000DAFF6F0078FF60F06F0074FF61F000018C
:1051E0006151000AD8B4F7EFA8F032EFA9F060518E
:1051F000000AD8B445EFA6F04C0AD8B461EFA6F087
:105200001C0AD8B499EFA6F0050AD8B4CBEFA6F0E3
:105210000F0AD8B4FDEFA6F0050AD8B42FEFA7F017
:105220003B0AD8B461EFA7F00E0AD8B493EFA7F009
:10523000050AD8B4C5EFA7F01C0AD8B4F7EFA7F059
:10524000040AD8B429EFA8F00C0AD8B45BEFA8F090
:10525000040AD8B48DEFA8F0FD0AD8B4BDEFA8F0C9
:1052600032EFA9F0600077F1D9FF60007BF1DAFF3F
:10527000000EDE6E000EDD6E000E5E6E030E5D6EC5
:105280001200600074F13EF0600078F13FF0000E13
:10529000406E000E416E160E426E440E436EE2ECFE
:1052A000BDF00009D8B457EFA9F059EFA9F071EF9C
:1052B000A9F0600074F13EF0600078F13FF0000E5C
:1052C000406E600E416E860E426E450E436EE2ECFD
:1052D000BDF00009D8A46FEFA9F071EFA9F074EF49
:1052E000A9F0000E32EFACF0600077F1D9FF60005A
:1052F0007BF1DAFF6F0078FF01F06F0078FF02F0BA
:105300006F0078FF03F06F0078FF04F0000E056E69
:10531000000E066E000E076E000E086EFCECDFF04D
:10532000D8A095EFA9F097EFA9F031EFAAF020EE01
:1053300004F05D50D9265E50DA226F0078FF01F04C
:105340006F0078FF02F06F0078FF03F06F0078FFC6
:1053500004F0000E056E000E066E000E076E000EC5
:10536000086EFCECDFF0D8B0B8EFA9F0BAEFA9F006
:105370002EEFAAF020EE08F05D50D9265E50DA221A
:105380006F0078FF3EF06F0078FF3FF06F0078FF0E
:1053900040F06F0078FF41F0B7ECE9F06000F8F002
:1053A00042F06000FCF043F0600000F144F0600067
:1053B00004F145F0000E196E000E1A6E000E1B6E01
:1053C000400E1C6E20EE04F05D50D9265E50DA22AD
:1053D0006F0078FF15F06F0078FF16F06F0078FF10
:1053E00017F06F0078FF18F05EECB1F0600054F039
:1053F00046F0600058F047F060005CF048F0600054
:1054000060F049F0A3ECB3F0600008F190F06000A8
:105410000CF191F0600010F192F0600014F193F043
:10542000600074F160F0600078F161F0600040F2BB
:1054300062F0600044F263F0600048F264F06000E3
:105440004CF265F0A5ECE0F00009D8A42AEFAAF030
:105450002CEFAAF02EEFAAF071EFA9F0010E32EFB7
:10546000ACF0000E196E000E1A6E400E1B6E400E50
:105470001C6E600077F1D9FF60007BF1DAFF6F00EE
:1054800078FF15F06F0078FF16F06F0078FF17F0C7
:105490006F0078FF18F05EECB1F0600054F08CF013
:1054A000600058F08DF060005CF08EF0600060F0FD
:1054B0008FF020EE04F05D50D9265E50DA226F00A6
:1054C00078FF19F06F0078FF1AF06F0078FF1BF07B
:1054D0006F0078FF1CF020EE04F05D50D9265E507E
:1054E000DA226F0078FF15F06F0078FF16F06F007A
:1054F00078FF17F06F0078FF18F05EECB1F06000F5
:1055000054F03EF0600058F03FF060005CF040F076
:10551000600060F041F020EE08F05D50D9265E504A
:10552000DA226F0078FF19F06F0078FF1AF06F0031
:1055300078FF1BF06F0078FF1CF0600030F215F070
:10554000600034F216F0600038F217F060003CF2B0
:1055500018F05EECB1F0600054F042F0600058F0DA
:1055600043F060005CF044F0600060F045F03DEC1A
:10557000E6F06000F8F094F06000FCF095F0600058
:1055800000F196F0600004F197F0600050F201F035
:10559000600054F202F0600058F203F060005CF228
:1055A00004F050ECE9F00009D8A4D9EFAAF0DBEF41
:1055B000AAF0DDEFAAF071EFA9F0000197BFE5EFC7
:1055C000AAF0E3EFAAF0E7EFAAF02EEFAAF060004E
:1055D00050F23EF0600054F23FF0600058F240F0AC
:1055E00060005CF241F033ECACF06000F8F098F051
:1055F0006000FCF099F0600000F19AF0600004F1A6
:105600009BF020EE04F05D50D9265E50DA22030EA6
:10561000DBBE0DEFABF00FEFABF04BEFABF060008C
:1056200060F232F0600064F233F0600068F234F04F
:1056300060006CF235F020EE04F05D50D9265E502B
:10564000DA226F0078FF2EF06F0078FF2FF06F00E6
:1056500078FF30F06F0078FF31F0E0ECAEF06000E2
:10566000B8F03EF06000BCF03FF06000C0F040F0E9
:105670006000C4F041F0B7ECE9F06000F8F098F099
:105680006000FCF099F0600000F19AF0600004F115
:105690009BF077EFABF0600060F23EF0600064F2E8
:1056A0003FF0600068F240F060006CF241F020EEE4
:1056B00004F05D50D9265E50DA226F0078FF42F088
:1056C0006F0078FF43F06F0078FF44F06F0078FFC1
:1056D00045F03DECE6F06000F8F098F06000FCF07A
:1056E00099F0600000F19AF0600004F19BF0600016
:1056F00060F242F0600064F243F0600068F244F04F
:1057000060006CF245F0000E196E000E1A6E400E2D
:105710001B6E400E1C6E600077F1D9FF60007BF1BC
:10572000DAFF6F0078FF15F06F0078FF16F06F005A
:1057300078FF17F06F0078FF18F05EECB1F06000B2
:1057400054F046F0600058F047F060005CF048F01C
:10575000600060F049F0A3ECB3F0600008F190F055
:1057600060000CF191F0600010F192F0600014F113
:1057700093F0600074F160F0600078F161F0600017
:1057800040F262F0600044F263F0600048F264F0BE
:1057900060004CF265F0A5ECE0F00009D8A4D3EF6E
:1057A000ABF0D5EFABF0D7EFABF071EFA9F0600045
:1057B00060F201F0600064F202F0600068F203F051
:1057C00060006CF204F0000E056E000E066E000E16
:1057D000076E000E086EFCECDFF0D8B0F2EFABF015
:1057E000F4EFABF02EEFAAF0600074F160F060000F
:1057F00078F161F020EE08F05D50D9265E50DA2293
:105800006F0078FF42F06F0078FF43F06F0078FF81
:1058100044F06F0078FF45F0600060F246F06000F1
:1058200064F247F0600068F248F060006CF249F002
:10583000A3ECB3F0600008F162F060000CF163F0DB
:10584000600010F164F0600014F165F0A5ECE0F088
:105850000009D8A42EEFACF030EFACF02EEFAAF098
:1058600071EFA9F012006000F8F06CF06000FCF03D
:105870006DF0600000F16EF0600004F16FF0600008
:10588000B0F184F06000B4F185F06000B8F186F00A
:105890006000BCF187F0000E00018415426E000E1E
:1058A0008515436E800E8615446E7F0E8715456EF6
:1058B000800E441809E17F0E451842104310D8A409
:1058C00064EFACF066EFACF0A8EFACF06000F8F07D
:1058D00019F06000FCF01AF0600000F11BF06000AD
:1058E00004F11CF06000F8F015F06000FCF016F018
:1058F000600000F117F0600004F118F05EECB1F008
:10590000600054F02EF0600058F02FF060005CF062
:1059100030F0600060F031F06000F8F032F06000CC
:10592000FCF033F0600000F134F0600004F135F079
:10593000E0ECAEF06000B8F03EF06000BCF03FF08C
:105940006000C0F040F06000C4F041F0DFEFAEF066
:1059500087BFB7EFACF087518611851106E184054A
:10596000D8B0B5EFACF0B7EFACF0FCEFACF0FF0E99
:105970008415426EFF0E8515436EFF0E8615446E2C
:105980007F0E8715456E4250431044104510D8A431
:10599000CCEFACF0CEEFACF0DCEFACF06000F8F0A8
:1059A0003EF06000FCF03FF0600000F140F060006D
:1059B00004F141F0DFEFAEF087BFE3EFACF0E1EFD1
:1059C000ACF0FCEFACF0000E0201B56F210EB46F2D
:1059D000050E016EFE0E026EA3ECEBF0600004F00B
:1059E0003EF0600008F03FF060000CF040F0600016
:1059F00010F041F0DFEFAEF0170E426E600010F2D3
:105A000043F0600014F244F0600018F245F06000CA
:105A10001CF246F042660FEFADF017EFADF04634E2
:105A20004632453244324332422E0AEFADF0600036
:105A30000CF17CF0600010F17DF0600014F17EF05C
:105A4000600018F17FF000017C517D117E117F1103
:105A5000D8A42DEFADF02FEFADF05FEFADF0000E5D
:105A6000686F000E696F000E6A6F000E6B6F44EF77
:105A7000ADF0D8908437853786378737010E682791
:105A8000000E69236A236B2386AF49EFADF04BEF1D
:105A9000ADF039EFADF0FF0E6825426EFF0E6921C3
:105AA000436EFF0E6A21446EFF0E6B21456E42501D
:105AB0007C5F43507D5B44507E5B45507F5B810E35
:105AC0007C27FF0E7D23FF0E7E23FF0E7F23FF0E1C
:105AD0008415426EFF0E8515436E7F0E8615446E4B
:105AE000000E8715456E000E4210846F000E4310A5
:105AF000856F800E4410866F000E4510876F7CA165
:105B000084EFADF086EFADF08EEFADF084518427D9
:105B10008551852386518623875187237F357F339F
:105B20007E337D337C338451842785518523865190
:105B3000862387518723000E646F000E656F000E69
:105B4000666F000E676F600090F170F0600094F176
:105B500071F0600098F172F060009CF173F0000E3B
:105B6000806F000E816F000E826F010E836F01EF58
:105B7000AEF080516425746F81516521756F82513B
:105B80006621766F83516721776F7451845D7551FB
:105B90008559765186598751800A426E7751800A1D
:105BA0004258D8A0D6EFADF0D8EFADF0F4EFADF09D
:105BB00080517425646F81517521656F8251762102
:105BC000666F83517721676F7451845F7551855B70
:105BD0007651865B7751875B8051702781517123A5
:105BE00082517223835173238451842785518523E5
:105BF0008651862387518723D8908333823381331C
:105C000080338051811182118311D8A40AEFAEF044
:105C10000CEFAEF0B9EFADF084518511861187110C
:105C2000D8B415EFAEF017EFAEF080EFAEF0000E87
:105C3000786F000E796F800E7A6F3F0E7B6F600079
:105C4000E0F12EF06000E4F12FF06000E8F130F0B8
:105C50006000ECF131F0000E326E000E336E800EFB
:105C6000346E3F0E356EAEECD5F0D8A03AEFAEF004
:105C70003CEFAEF080EFAEF0000E0001786F000E4A
:105C8000796F800E7A6F3F0E7B6F000E2E6E000EC6
:105C90002F6E800E306E3F0E316E6000E0F132F0FC
:105CA0006000E4F133F06000E8F134F06000ECF102
:105CB00035F0AEECD5F0D8B060EFAEF062EFAEF0FC
:105CC0006BEFAEF0020E00017027000E71237223FD
:105CD000732380EFAEF0010E00017015426E000ECE
:105CE0007115436E000E7215446E000E7315456EED
:105CF0004250702743507123445072234550732300
:105D00006000C0F142F06000C4F143F06000C8F1EF
:105D100044F06000CCF145F0453445324432433222
:105D20004232000E42240001846F000E4320856F32
:105D3000000E4420866F3F0E4520876F6000F0F113
:105D400042F06000F4F143F06000F8F144F06000CC
:105D5000FCF145F0170ED8904236433644364536AE
:105D6000E82EABEFAEF042508427435085234450D9
:105D7000862345508723600010F26CF0600014F217
:105D80006DF0600018F26EF060001CF26FF06000C1
:105D9000B0F178F06000B4F179F06000B8F17AF019
:105DA0006000BCF17BF06000E0F13EF06000E4F1E7
:105DB0003FF06000E8F140F06000ECF141F01200CB
:105DC0003150800B3A6E315031243C6E30AEEBEFE7
:105DD000AEF0EDEFAEF0EEEFAEF03C803C50D8B45C
:105DE000F4EFAEF0F6EFAEF00BEFAFF03C28D8A436
:105DF000FCEFAEF0FEEFAEF006EFAFF0000E2E6E51
:105E0000000E2F6E000E306E000E316E308E000EC2
:105E1000316E13EFAFF0000E2E6E000E2F6E000EDF
:105E2000306E000E316E3550800B3B6E3A503B1891
:105E3000D8B41DEFAFF01FEFAFF020EFAFF03A8C0A
:105E4000355035243B6E34AE28EFAFF02AEFAFF07B
:105E50002BEFAFF03B803B50D8B431EFAFF033EFD6
:105E6000AFF048EFAFF03B28D8A439EFAFF03BEFED
:105E7000AFF043EFAFF0000E326E000E336E000E47
:105E8000346E000E356E348E000E356E50EFAFF06E
:105E9000000E326E000E336E000E346E000E356E44
:105EA0003C503B5CD8B057EFAFF059EFAFF08FEFFD
:105EB000AFF03AAC5EEFAFF060EFAFF062EFAFF093
:105EC000800E3A1A6000F0F03DF06000ECF03CF01B
:105ED0006000F4F03BF06000B8F03DF06000C8F006
:105EE0002EF06000F4F032F06000BCF03DF0600095
:105EF000CCF02FF06000F4F033F06000C0F03DF023
:105F00006000D0F030F06000F4F034F06000C4F0D5
:105F10003DF06000D4F031F06000F4F035F0000E98
:105F20003D6E3C506000ECF036F0376A365E000E95
:105F3000375A37BEA5EFAFF0375009E11A0E365C7D
:105F4000D8A0A5EFAFF0A7EFAFF0DFEFAFF02E5086
:105F50002F1030103110D8A4B0EFAFF0B3EFAFF086
:105F6000010EB4EFAFF0000E3D6E000E2E6E000E6F
:105F70002F6E000E306E000E316E6000ECF03CF0C3
:105F8000E8EFAFF03DA0C7EFAFF0C9EFAFF0CFEF54
:105F9000AFF0D8903D3001093D6ED1EFAFF0D89011
:105FA0003D322EA0D6EFAFF0D8EFAFF0D9EFAFF083
:105FB0003D8E3134313230322F322E323C2A3B503A
:105FC0003C5CD8A0E6EFAFF0E8EFAFF0C2EFAFF087
:105FD0003ABCEDEFAFF0EFEFAFF02FEFB0F03C5089
:105FE000D8A4F5EFAFF0F7EFAFF001EFB0F0000E8F
:105FF0002E6E000E2F6E000E306E000E316E5DEFB5
:10600000B1F032502E2633502F22345030223550EA
:10601000312231A00EEFB0F010EFB0F0BCEFB0F0D5
:106020003DA015EFB0F017EFB0F01DEFB0F0D89035
:106030003D3001093D6E1FEFB0F0D8903D322EA0EB
:1060400024EFB0F026EFB0F027EFB0F03D8E313402
:10605000313230322F322E323C2ABCEFB0F0325087
:106060002E5C33502F58345030583150800A366EE1
:106070003550800A3658D8B040EFB0F042EFB0F05B
:106080006DEFB0F02E50325C366E2F503358376EB5
:1060900030503458386E31503558396EFF0E362432
:1060A0002E6EFF0E37202F6EFF0E3820306EFF0E43
:1060B0003920316E800E3A1A3D6C3D50D8A463EF02
:1060C000B0F065EFB0F075EFB0F0010E2E26000EC7
:1060D0002F223022312275EFB0F032502E5E335035
:1060E0002F5A3450305A3550315A2E502F1030100C
:1060F0003110D8A47EEFB0F080EFB0F0B5EFB0F083
:106100003D50D8A486EFB0F088EFB0F0B5EFB0F016
:10611000000E2E6E000E2F6E000E306E000E316ED1
:106120005DEFB1F0D8902E362F36303631363DAE99
:106130009CEFB0F09EEFB0F09FEFB0F02E803DA04E
:10614000A4EFB0F0A6EFB0F0AAEFB0F0D8803D36E3
:10615000ACEFB0F0D8903D363C50D8B4B2EFB0F0D0
:10616000B4EFB0F0B5EFB0F03C0630AEBAEFB0F03F
:10617000BCEFB0F092EFB0F0000E3B6E3DAEC3EF5F
:10618000B0F0C5EFB0F0DEEFB0F06000F4F036F044
:106190007F0E3616D8B4CFEFB0F0D1EFB0F0D5EF18
:1061A000B0F0010E3B6EDEEFB0F02EA0DAEFB0F0F3
:1061B000DCEFB0F0DEEFB0F0D1EFB0F03B50D8B490
:1061C000E4EFB0F0E6EFB0F019EFB1F0010E2E26DB
:1061D000000E2F223022312231A0F1EFB0F0F3EF88
:1061E000B0F019EFB1F06000B8F036F06000BCF02C
:1061F00037F06000C0F038F06000C4F039F0393496
:1062000039323832373236326000D8F02EF0600042
:10621000DCF02FF06000E0F030F06000E4F031F0EE
:106220003C28D8B416EFB1F018EFB1F019EFB1F087
:106230003C2A3C28D8B41FEFB1F021EFB1F029EF90
:10624000B1F03C50D8A427EFB1F029EFB1F03BEF0B
:10625000B1F0000E2E6E000E2F6E000E306E000E8E
:10626000316E3C50D8A437EFB1F039EFB1F03BEFCD
:10627000B1F0000E3A6E3CA040EFB1F042EFB1F049
:1062800045EFB1F0308E46EFB1F0309ED8903C3003
:10629000316E3AAE4EEFB1F050EFB1F051EFB1F0D8
:1062A000318E6000B8F02EF06000BCF02FF060007E
:1062B000C0F030F06000C4F031F012001850800BD4
:1062C000216E18501824276E17AE69EFB1F06BEFEE
:1062D000B1F06CEFB1F027802750D8B472EFB1F075
:1062E00074EFB1F087EFB1F02728D8A47AEFB1F0BE
:1062F0007CEFB1F084EFB1F0000E156E000E166E5B
:10630000000E176E000E186E178E8FEFB1F0000E94
:10631000156E000E166E000E176E000E186E1C50D5
:10632000800B211A1C501C24266E1BAE9AEFB1F074
:106330009CEFB1F09DEFB1F026802650D8B4A3EFCA
:10634000B1F0A5EFB1F0B8EFB1F02628D8A4ABEFCB
:10635000B1F0ADEFB1F0B5EFB1F0000E196E000E77
:106360001A6E000E1B6E000E1C6E1B8EC0EFB1F07D
:10637000000E196E000E1A6E000E1B6E000E1C6EC3
:106380002650D8B4C6EFB1F0C8EFB1F0D0EFB1F0FD
:106390002750D8A4CEEFB1F0D0EFB1F0DAEFB1F0E2
:1063A000000E156E000E166E000E176E000E186EA3
:1063B000A2EFB3F01B5015026F00CCFF2CF06F0062
:1063C000D0FF2DF02C50226E236A246A256A2D50AE
:1063D000286E296A2A6A2B6A1A5016026F00CCFFAF
:1063E0002CF06F00D0FF2DF02C502226000E23221F
:1063F000242225222D502826000E29222A222B2253
:10640000195017026F00CCFF2CF06F00D0FF2DF059
:106410002C502226000E2322242225222D5028260D
:10642000000E29222A222B22600090F025F0600025
:106430008CF024F0600088F023F0226A19501602D4
:106440006F00CCFF2CF06F00D0FF2DF02C502226D7
:106450002D502322000E2422000E25221A50150250
:106460006F00CCFF2CF06F00D0FF2DF02C502226B7
:106470002D502322000E2422000E2522600090F0D1
:1064800025F060008CF024F0600088F023F0226A90
:10649000195015026F00CCFF2CF06F00D0FF2DF0CB
:1064A0002C5022262D502322000E2422000E2522BD
:1064B0001B5016026F00CCFF2CF06F00D0FF2DF0A8
:1064C0002C5028262D502922000E2A22000E2B2285
:1064D0001A5017026F00CCFF2CF06F00D0FF2DF088
:1064E0002C5028262D502922000E2A22000E2B2265
:1064F0001B5017026F00CCFF2CF06F00D0FF2DF067
:106500002C501D6E2D501E6E1F6A206A60007CF09C
:1065100020F0600078F01FF0600074F01EF01D6A3B
:106520001D5028261E5029221F502A2220502B227F
:10653000600088F01DF060008CF01EF0600090F0AC
:106540001FF0600094F020F0190EACEFB2F0D8907C
:1065500020321F321E321D32E82EA7EFB2F01D503E
:1065600028261E5029221F502A2220502B2260004C
:1065700090F025F060008CF024F0600088F023F0AB
:10658000226A265060009CF01DF01E6A1D26000E37
:106590001E22820E1D242C6EFF0E1E202D6EE6EF95
:1065A000B2F0D890283629362A362B3625AEDBEFC6
:1065B000B2F0DDEFB2F0DEEFB2F02880D8902236F4
:1065C0002336243625362C06D8A02D062AAEEBEF2E
:1065D000B2F0EDEFB2F0D1EFB2F0000E266E25AEC4
:1065E000F4EFB2F0F6EFB2F01AEFB3F0FF0E2214B0
:1065F0001D6EFF0E23141E6EFF0E24141F6E7F0EE1
:106600002514206E1D501E101F102010D8B40BEF43
:10661000B3F00DEFB3F011EFB3F0010E266E1AEFE9
:10662000B3F028A016EFB3F018EFB3F01AEFB3F001
:106630000DEFB3F02650D8B420EFB3F022EFB3F053
:106640004EEFB3F0010E2826000E29222A222B221B
:106650002BA02DEFB3F02FEFB3F04EEFB3F06000AF
:10666000A0F01DF06000A4F01EF06000A8F01FF084
:106670006000ACF020F0203420321F321E321D3278
:10668000600074F028F0600078F029F060007CF081
:106690002AF0600080F02BF02C4A2D2A2DBE59EFF5
:1066A000B3F02D5008E12C28D8A059EFB3F05BEFE0
:1066B000B3F065EFB3F0000E286E000E296E800E69
:1066C0002A6E7F0E2B6E94EFB3F02DBE72EFB3F0F7
:1066D0002D5006E12C04D8B070EFB3F072EFB3F098
:1066E0007EEFB3F0000E286E000E296E000E2A6EAB
:1066F000000E2B6E000E216E94EFB3F06000B0F030
:1067000027F0FF0E2816FF0E29167F0E2A16000E00
:106710002B1627A08EEFB3F090EFB3F091EFB3F00C
:106720002A8ED89027302B6E21502B126000A0F0BB
:1067300015F06000A4F016F06000A8F017F06000FB
:10674000ACF018F012004550800B526E45504524B5
:10675000596E44AEAEEFB3F0B0EFB3F0B1EFB3F0BB
:1067600059805950D8B4B7EFB3F0B9EFB3F0CEEFCA
:10677000B3F05928D8A4BFEFB3F0C1EFB3F0C9EF1D
:10678000B3F0000E426E000E436E000E446E000E1B
:10679000456E448E000E456ED6EFB3F0000E426E8D
:1067A000000E436E000E446E000E456E4950800B85
:1067B000521A495049245A6E48AEE1EFB3F0E3EF64
:1067C000B3F0E4EFB3F05A805A50D8B4EAEFB3F024
:1067D000ECEFB3F001EFB4F05A28D8A4F2EFB3F025
:1067E000F4EFB3F0FCEFB3F0000E466E000E476E10
:1067F000000E486E000E496E488E000E496E09EF7D
:10680000B4F0000E466E000E476E000E486E000E8D
:10681000496E4650471048104910D8A412EFB4F002
:1068200014EFB4F030EFB4F0000E426E000E436E81
:10683000000E446E000E456E800E44127F0E45120F
:1068400052504512600008F142F060000CF143F034
:10685000600010F144F0600014F145F081EFB5F0F4
:106860005950D8A436EFB4F038EFB4F042EFB4F09A
:10687000000E426E000E436E000E446E000E456E1A
:1068800081EFB5F05A50600064F14AF04B6A4A5EFD
:10689000000E4B5A7F0E4A24536E000E4B20546E4E
:1068A000600008F14EF060000CF14FF0600010F154
:1068B00050F0600014F151F0000E426E000E436E75
:1068C000000E446E000E456E000E556E000E566EA4
:1068D000000E576E000E586E000E5A6EA8EFB4F000
:1068E0005A50D8B476EFB4F078EFB4F08FEFB4F03C
:1068F000D8904E364F3650365136D89042364336C1
:106900004436453658AE87EFB4F089EFB4F08AEFDD
:10691000B4F04280D89055365636573658364650E1
:106920004E5C47504F584850505849505158D8A085
:106930009CEFB4F09EEFB4F0A7EFB4F0588C465043
:106940004E5E47504F5A4850505A4950515A5A2A51
:10695000190E5A64AEEFB4F0B0EFB4F070EFB4F0CB
:106960004E504F1050105110D8B4B9EFB4F0BBEFE7
:10697000B4F0D3EFB4F05580D3EFB4F0D8904236F2
:1069800043364436453658AEC8EFB4F0CAEFB4F0DB
:10699000CBEFB4F04280D89055365636573658363D
:1069A0005306D8A0540644AED8EFB4F0DAEFB4F0F2
:1069B000BEEFB4F0000E5A6E58AEE1EFB4F0E3EF64
:1069C000B4F007EFB5F0FF0E55144A6EFF0E5614E3
:1069D0004B6EFF0E57144C6E7F0E58144D6E4A507E
:1069E0004B104C104D10D8B4F8EFB4F0FAEFB4F0EF
:1069F000FEEFB4F0010E5A6E07EFB5F042A003EFC0
:106A0000B5F005EFB5F007EFB5F0FAEFB4F05A5076
:106A1000D8B40DEFB5F00FEFB5F03BEFB5F0010EC8
:106A20004226000E43224422452245A01AEFB5F02B
:106A30001CEFB5F03BEFB5F0600008F14AF06000E4
:106A40000CF14BF0600010F14CF0600014F14DF0CF
:106A50004D344D324C324B324A32600028F142F014
:106A600060002CF143F0600030F144F0600034F13C
:106A700045F0534A542A54BE46EFB5F0545008E14D
:106A80005328D8A046EFB5F048EFB5F053EFB5F076
:106A9000000E546E5368000E426E000E436E000EE0
:106AA000446E000E456E54BE60EFB5F0545006E1E2
:106AB0005304D8B05EEFB5F060EFB5F06EEFB5F00F
:106AC000000E546E000E536E000E426E000E436EAA
:106AD000000E446E000E456E000E526E60004CF1CA
:106AE00059F059A076EFB5F078EFB5F07BEFB5F03F
:106AF000448E7CEFB5F0449ED8905930456E20EF1F
:106B0000B4F01200010E0001FF6F0AEFB7F0000EA3
:106B10000101E66F000EE56F60004BF4D9FF6000E5
:106B20004FF4DAFFF80EDE6E010EDD6EE50E5B6EE1
:106B3000010E5C6E85ECC6F05CBEAAEFB5F05C5051
:106B400007E1020E5B5CD8B0A8EFB5F0AAEFB5F094
:106B5000ACEFB5F051EFB7F040ECECF0600004F0B2
:106B60003EF0600008F03FF060000CF040F0600084
:106B700010F041F0A1ECD4F06000F8F0D6F2600023
:106B8000FCF0D7F2000E026E000E016EA7ECEAF0E8
:106B9000000E026E000E016E8AECEAF0E0ECEAF004
:106BA000D00E01240201586F070E0220596F000E0B
:106BB00003205A6F000E04205B6F60004BF4D9FF76
:106BC00060004FF4DAFFFE0EDE6E010EDD6EE0ECCB
:106BD000EAF001500201585D0250595903505A59C8
:106BE00004505B59D8A0F7EFB5F0F9EFB5F0FBEF23
:106BF000B5F051EFB7F0000E0101E66F000EE56F42
:106C000060004BF4D9FF60004FF4DAFFFF0EDE6E38
:106C1000010EDD6EE50E2E6E010E2F6EB1ECC8F08A
:106C20002FBE1EEFB6F02F5007E1020E2E5CD8B03B
:106C30001CEFB6F01EEFB6F020EFB6F051EFB7F054
:106C40004DECECF0600004F02EF0600008F02FF046
:106C500060000CF030F0600010F031F0000E326E89
:106C6000000E336E200E346EC10E356EE0ECAEF0C9
:106C70006000B8F0DDF16000BCF0DEF16000C0F053
:106C8000DFF16000C4F0E0F1EC0E196ED10E1A6E67
:106C9000350E1B6E420E1C6E600074F715F060001E
:106CA00078F716F060007CF717F0600080F718F0B6
:106CB0005EECB1F0600054F02EF0600058F02FF060
:106CC00060005CF030F0600060F031F0BC0E326EBD
:106CD000740E336E910E346EC00E356EE0ECAEF075
:106CE0006000B8F0DDF16000BCF0DEF16000C0F0E3
:106CF000DFF16000C4F0E0F10101E0BF84EFB6F025
:106D000082EFB6F08CEFB6F0000EDD6F000EDE6F96
:106D1000000EDF6F000EE06F000E2E6E000E2F6E65
:106D2000C60E306E420E316E600074F732F06000B5
:106D300078F733F060007CF734F0600080F735F0CE
:106D4000AEECD5F0D8B0A7EFB6F0A9EFB6F0B2EF41
:106D5000B6F0000E0101DD6F000EDE6FC60EDF6FB4
:106D6000420EE06F600074F73EF0600078F73FF08D
:106D700060007CF740F0600080F741F0A1ECD4F0B7
:106D80006000F8F048F06000FCF049F0000E4B6E37
:106D9000CF0E4A6E96ECE9F0000E0101E66F000E90
:106DA000E56F60004BF4D9FF60004FF4DAFF070E87
:106DB000DE6E020EDD6EE50E0001FD6F010EFE6F50
:106DC00009EC9EF00001FEBFF1EFB6F0FE5107E1C5
:106DD000020EFD5DD8B0EFEFB6F0F1EFB6F0F3EFD5
:106DE000B6F051EFB7F0000EFF6F60004BF4D9FF23
:106DF00060004FF4DAFF080EDE6E020EDD6E000159
:106E0000FF51D8A406EFB7F008EFB7F087EFB5F061
:106E100051EFB7F060004BF4D9FF60004FF4DAFF98
:106E20006F0078FF14F16F0074FF15F10101155127
:106E3000000AD8B426EFB7F0010AD8B42DEFB7F0A6
:106E4000030AD8B43CEFB7F047EFB7F01451000A8B
:106E5000D8B487EFB5F047EFB7F01451F80AD8B4BB
:106E600096EFB5F0060AD8B4E7EFB5F0010AD8B44A
:106E70000AEFB6F047EFB7F01451070AD8B4DBEFCA
:106E8000B6F00F0AD8B4FFEFB6F047EFB7F06000E6
:106E90004BF4D9FF60004FF4DAFF000EDE6E000EF7
:106EA000DD6E1200010E4E6EDAEFB8F0BC84E0EC3D
:106EB000EAF0900E01240201406F010E0220416FA2
:106EC000000E0320426F000E0420436F600023F188
:106ED000D9FF600027F1DAFFE20EDE6E000EDD6EF4
:106EE000E0ECEAF002014051015C4151025842518C
:106EF000035843510458D8B080EFB7F082EFB7F091
:106F000088EFB7F0000E496E000E486E0AEFB9F038
:106F1000000E0101BF6F010EE0ECEAF00124020156
:106F2000406F000E0220416F000E0320426F000EE2
:106F30000420436F600023F1D9FF600027F1DAFFDE
:106F4000E60EDE6E000EDD6EE0ECEAF0020140516E
:106F5000015C415102584251035843510458D8B082
:106F6000B4EFB7F0B6EFB7F0B8EFB7F082EFB7F025
:106F7000010E25ECE8F00101BF51020D000EF324D3
:106F8000D96E050EF420DA6E600007F0DEFF6000B7
:106F90000BF0DDFFBF2B0F0EBF65D1EFB7F0D3EFC6
:106FA000B7F08BEFB7F0000E9B6F000E9A6F010EDB
:106FB000BF6FBF51020D000EF324D96E050EF420F1
:106FC000DA6EDE509A27DD509B23BF2B0F0EBF6574
:106FD000ECEFB7F0EEEFB7F0D9EFB7F0600068F67E
:106FE00001F060006CF602F0000E046E0F0E036EEE
:106FF000B9ECE3F0600004F09AF1600008F09BF156
:10700000520E4F6EB80E506E7E0E516E3F0E526E87
:107010000A0E536ED70E546EA30E556E3B0E566E6F
:10702000600068F607F060006CF608F0096A0A6A0A
:10703000000ECEECCBF060001CF088F1600020F078
:1070400089F1600024F08AF1600028F08BF1010ED4
:10705000576E000E586E000E596E000E5A6E010EDD
:1070600025ECE8F0600004F0C2F2600008F0C3F222
:1070700060003CF119F0600040F11AF0600044F14A
:107080001BF0600048F11CF0600020F615F0600075
:1070900024F616F0600028F617F060002CF618F0C1
:1070A0005EECB1F0600054F02EF0600058F02FF06C
:1070B00060005CF030F0600060F031F060004CF196
:1070C00019F0600050F11AF0600054F11BF06000FC
:1070D00058F11CF0600008FB07F060000CFB08F0A2
:1070E000096A0A6A000ECEECCBF060001CF015F0C5
:1070F000600020F016F0600024F017F0600028F027
:1071000018F05EECB1F0600054F032F0600058F01E
:1071100033F060005CF034F0600060F035F0E0ECDB
:10712000AEF06000B8F088F16000BCF089F160005A
:10713000C0F08AF16000C4F08BF1010E5726000EFA
:10714000582259225A225ABEB2EFB8F05A5059105A
:107150000BE1580E575C020E5858D8A0B2EFB8F0A9
:10716000B4EFB8F02FEFB8F0BC94600020F63EF01A
:10717000600024F63FF0600028F640F060002CF636
:1071800041F0A1ECD4F0C80E3E2401019A6F000E2C
:107190003F209B6F600023F1D9FF600027F1DAFFE9
:1071A000000EDE6E000EDD6E000E496E020E486EA1
:1071B0000AEFB9F0600023F1D9FF600027F1DAFF90
:1071C0006F0078FF4AF06F0074FF4BF04B50000ADD
:1071D000D8B4EDEFB8F0FCEFB8F04A50000AD8B4DC
:1071E00056EFB7F0E20AD8B470EFB7F0040AD8B49B
:1071F000A4EFB7F0FCEFB8F0600023F1D9FF600016
:1072000027F1DAFF000EDE6E000EDD6E000E496E15
:10721000030E486E1200F70E0301626FCC0E636F0F
:10722000920E646F390E656FBC0E5A6F960E5B6FCF
:10723000D00E5C6F3D0E5D6F870E5E6FA70E5F6FA9
:107240001F0E606F400E616F000E566F000E576F7D
:10725000A00E586F400E596F7BEFBAF0000E02017E
:10726000F56F000EF46F60006FF1D9FF600073F1ED
:10727000DAFF0E0EDE6E010EDD6EF40E486E020EAB
:10728000496E52ECB7F049BE51EFB9F0495007E1F1
:10729000020E485CD8B04FEFB9F051EFB9F057EF9C
:1072A000B9F0000E5C6E000E5B6EAEEFBAF06000DF
:1072B00068F607F060006CF608F0096A0A6A000ECA
:1072C000CEECCBF060001CF084F1600020F085F182
:1072D000600024F086F1600028F087F10101AA51D6
:1072E000A85D5D6EAB51A9595E6E600074F107F048
:1072F000600078F108F0096A0A6A000ECEECCBF063
:1073000060001CF0E2F2600020F0E3F2600024F084
:10731000E4F2600028F0E5F2000E426E800E436E4B
:10732000D90E446E430E456E600088FB46F0600047
:107330008CFB47F0600090FB48F0600094FB49F044
:10734000A3ECB3F0600008F1FAF260000CF1FBF27C
:10735000600010F1FCF2600014F1FDF26000E8FB47
:1073600019F06000ECFB1AF06000F0FB1BF060000D
:10737000F4FB1CF06000A8F607F06000ACF608F023
:10738000096A0A6A000ECEECCBF060001CF015F022
:10739000600020F016F0600024F017F0600028F084
:1073A00018F05EECB1F0600054F042F0600058F06C
:1073B00043F060005CF044F0600060F045F0000EC7
:1073C0003E6E000E3F6EF00E406E410E416E3DEC83
:1073D000E6F06000F8F061F06000FCF062F0600040
:1073E00000F163F0600004F164F0600010F619F041
:1073F000600014F61AF0600018F61BF060001CF62E
:107400001CF06000E8FB15F06000ECFB16F060007B
:10741000F0FB17F06000F4FB18F05EECB1F06000D8
:1074200054F02EF0600058F02FF060005CF030F067
:10743000600060F031F0600084F132F0600088F1AB
:1074400033F060008CF134F0600090F135F0E0EC46
:10745000AEF06000B8F03CF26000BCF03DF26000BD
:10746000C0F03EF26000C4F03FF23CC284F13DC285
:1074700085F13EC286F13FC287F1600010F63AF016
:10748000600014F63BF0600018F63CF060001CF65B
:107490003DF095ECE1F06000E8F084F16000ECF084
:1074A00085F16000F0F086F16000F4F087F1600093
:1074B00010F63EF0600014F63FF0600018F640F061
:1074C00060001CF641F0A1ECD4F06000F8F0D4F2BA
:1074D0006000FCF0D5F260006FF1D9FF600073F13D
:1074E000DAFF000EDE6E000EDD6E000E5C6E020E28
:1074F0005B6EAEEFBAF060006FF1D9FF600073F120
:10750000DAFF6F0078FF5DF06F0074FF5EF05E5091
:10751000000AD8B492EFBAF0010AD8B499EFBAF0E1
:10752000A0EFBAF05D50000AD8B42EEFB9F0A0EF8A
:10753000BAF05D500E0AD8B43DEFB9F0A0EFBAF042
:1075400060006FF1D9FF600073F1DAFF000EDE6EAC
:10755000000EDD6E000E5C6E030E5B6E12005C6E44
:107560005C50100D440EF324D96E050EF420DA6E33
:107570006F0078FF19F06F0078FF1AF06F0078FF46
:107580001BF06F0078FF1CF06000B0F607F06000A1
:10759000B4F608F0096A0A6A000ECEECCBF060007F
:1075A0001CF015F0600020F016F0600024F017F0D9
:1075B000600028F018F05EECB1F0600054F048F084
:1075C000600058F049F060005CF04AF0600060F044
:1075D0004BF05C50100D400EF324D96E050EF420D4
:1075E000DA6E6F0078FF19F06F0078FF1AF06F0005
:1075F00078FF1BF06F0078FF1CF06000B0F607F01A
:107600006000B4F608F0096A0A6A000ECEECCBF00E
:1076100060001CF015F0600020F016F0600024F00F
:1076200017F0600028F018F05EECB1F0600054F044
:107630004CF0600058F04DF060005CF04EF06000DF
:1076400060F04FF06000B0F607F06000B4F608F0AC
:10765000096A0A6A000ECEECCBF060001CF019F04B
:10766000600020F01AF0600024F01BF0600028F0A9
:107670001CF0600030F115F0600034F116F060008D
:1076800038F117F060003CF118F05EECB1F06000EA
:1076900054F050F0600058F051F060005CF052F08F
:1076A000600060F053F06000B0F607F06000B4F6E0
:1076B00008F0096A0A6A000ECEECCBF060001CF0FC
:1076C00019F0600020F01AF0600024F01BF0600058
:1076D00028F01CF0600020F115F0600024F116F095
:1076E000600028F117F060002CF118F05EECB1F0AA
:1076F000600054F032F0600058F033F060005CF04D
:1077000034F0600060F035F06000B0F607F0600023
:10771000B4F608F0096A0A6A000ECEECCBF06000FD
:107720001CF019F0600020F01AF0600024F01BF04B
:10773000600028F01CF0600040F115F0600044F19A
:1077400016F0600048F117F060004CF118F05EECA4
:10775000B1F0600054F02EF0600058F02FF060009F
:107760005CF030F0600060F031F0E0ECAEF0600012
:10777000B8F054F06000BCF055F06000C0F056F076
:107780006000C4F057F05C50100D480EF324D96E21
:10779000050EF420DA6E6F0078FF19F06F0078FFA5
:1077A0001AF06F0078FF1BF06F0078FF1CF060008C
:1077B000B0F607F06000B4F608F0096A0A6A000E35
:1077C000CEECCBF060001CF015F0600020F016F05D
:1077D000600024F017F0600028F018F05EECB1F0C3
:1077E000600054F032F0600058F033F060005CF05C
:1077F00034F0600060F035F0600050F12EF0600071
:1078000054F12FF0600058F130F060005CF131F07D
:10781000E0ECAEF06000B8F058F06000BCF059F059
:107820006000C0F05AF06000C4F05BF05C50100DD6
:107830004C0EF324D96E050EF420DA6E6F0078FF3B
:1078400032F06F0078FF33F06F0078FF34F06F0094
:1078500078FF35F0600060F12EF0600064F12FF0E9
:10786000600068F130F060006CF131F0E0ECAEF0F7
:107870006000B8F03EF06000BCF03FF06000C0F087
:1078800040F06000C4F041F0A1ECD4F06000F8F0EA
:10789000ACF16000FCF0ADF11200010197BF53EFB5
:1078A000BCF055EFBCF056EFBCF0989397BF63EF78
:1078B000BCF0975106E19605D8B061EFBCF063EFDC
:1078C000BCF069EFBCF0000E346E010E336E6FEF4A
:1078D000BCF0600058F633F060005CF634F06000F5
:1078E00050F635F0600054F636F098A97AEFBCF007
:1078F0007CEFBCF080EFBCF0FE0E3526FF0E36228A
:10790000600078F037F060007CF038F0600080F0C4
:1079100039F0600084F03AF0600088F03BF06000DD
:107920008CF03CF0600090F03DF0600094F03EF090
:10793000000E406E4F0E3F6E000E04018B6F69EF1C
:10794000BDF03F06D8A040060F0E3714416E426AC4
:1079500042BEB4EFBCF0425009E10A0E415CD8A02F
:10796000B4EFBCF0B6EFBCF0BEEFBCF0570E412454
:10797000416E000E4220426EC4EFBCF0300E412436
:10798000416E000E4220426EBF0E276EFF0E286E23
:107990002650296E2A6A2750292628502A222A5042
:1079A0000AE11A0E295CD8A0D8EFBCF0DBEFBCF0DE
:1079B000010EDCEFBCF0000E2F6E306A2F5030103D
:1079C000D8B4E5EFBCF0E7EFBCF01BEFBDF09F0EC5
:1079D000276EFF0E286E200E4110296E000E4210F9
:1079E0002A6E2750292628502A222A500AE11A0EE8
:1079F000295CD8A0FEEFBCF001EFBDF0010E02EF54
:107A0000BDF0000E316E326A31503210D8B40BEF37
:107A1000BDF00DEFBDF01BEFBDF0600004F107F00D
:107A2000600008F108F077ECE5F060001CF041F030
:107A3000600020F042F03C0E3F24D96E040E40203E
:107A4000DA6E600007F1DFFF3306D8A03406350692
:107A5000D8A036066000DCF027F06000E0F028F0E7
:107A60006000E4F029F06000E8F02AF06000ECF03B
:107A70002BF06000F0F02CF06000F4F02DF06000CE
:107A8000F8F02EF0050E4EEFBDF0D8902E322D32CC
:107A90002C322B322A32293228322732E82E45EF77
:107AA000BDF060009CF037F06000A0F038F060009E
:107AB000A4F039F06000A8F03AF06000ACF03BF0C0
:107AC0006000B0F03CF06000B4F03DF06000B8F051
:107AD0003EF040BE75EFBDF0405009E1020E3F5C44
:107AE000D8A075EFBDF077EFBDF0A8EFBDF037502F
:107AF000381039103A103B103C103D103E10D8A4FD
:107B000084EFBDF086EFBDF0A1EFBCF034BE93EF83
:107B1000BDF0345006E13304D8B091EFBDF093EFDF
:107B2000BDF0A1EFBCF036BE9EEFBDF0365008E1CF
:107B30003504D8A09EEFBDF0A0EFBDF0A8EFBDF0DA
:107B4000010198B3A6EFBDF0A8EFBDF0A1EFBCF026
:107B5000010198A9AEEFBDF0B0EFBDF0C7EFBDF0E9
:107B60003F06D8A040063C0E3F24D96E040E4020AC
:107B7000DA6E60009BF0DFFF3F06D8A040063C0EA7
:107B80003F24D96E040E4020DA6E300EDF6E6000A6
:107B900070F011F0600074F012F03C0E3F24136E90
:107BA000040E4020146E6000D4F015F06000D8F090
:107BB00016F087ECD8F0600044F01CF0600048F04C
:107BC0001DF01200600000F119F0600004F11AF0DD
:107BD000600008F11BF060000CF11CF020EE04F0D6
:107BE0003E50D9263F50DA226F0078FF15F06F0023
:107BF00078FF16F06F0078FF17F06F0078FF18F02D
:107C00005EECB1F0600054F044F0600058F045F0D4
:107C100060005CF046F0600060F047F0600000F14A
:107C200019F0600004F11AF0600008F11BF0600028
:107C30000CF11CF06000FBF0D9FF6000FFF0DAFFF0
:107C40006F0078FF15F06F0078FF16F06F0078FF77
:107C500017F06F0078FF18F05EECB1F0600054F0A0
:107C600048F0600058F049F060005CF04AF06000B5
:107C700060F04BF0600000F119F0600004F11AF0C0
:107C8000600008F11BF060000CF11CF0600020F1B6
:107C900015F0600024F116F0600028F117F0600084
:107CA0002CF118F05EECB1F0600054F04CF0600084
:107CB00058F04DF060005CF04EF0600060F04FF066
:107CC000600000F119F0600004F11AF0600008F1A2
:107CD0001BF060000CF11CF0600010F115F060006A
:107CE00014F116F0600018F117F060001CF118F0A4
:107CF0005EECB1F0600054F032F0600058F033F008
:107D000060005CF034F0600060F035F0600000F17D
:107D100019F0600004F11AF0600008F11BF0600037
:107D20000CF11CF0600030F115F0600034F116F039
:107D3000600038F117F060003CF118F05EECB1F033
:107D4000600054F02EF0600058F02FF060005CF0FE
:107D500030F0600060F031F0E0ECAEF06000B8F0C0
:107D600050F06000BCF051F06000C0F052F06000D4
:107D7000C4F053F0600000F119F0600004F11AF053
:107D8000600008F11BF060000CF11CF020EE08F020
:107D90003E50D9263F50DA226F0078FF15F06F0071
:107DA00078FF16F06F0078FF17F06F0078FF18F07B
:107DB0005EECB1F0600054F032F0600058F033F047
:107DC00060005CF034F0600060F035F0600040F17D
:107DD0002EF0600044F12FF0600048F130F06000B8
:107DE0004CF131F0E0ECAEF06000B8F054F060001F
:107DF000BCF055F06000C0F056F06000C4F057F0E1
:107E0000600050F12EF0600054F12FF0600058F146
:107E100030F060005CF131F020EE0CF03E50D926DD
:107E20003F50DA226F0078FF32F06F0078FF33F0B6
:107E30006F0078FF34F06F0078FF35F0E0ECAEF0C3
:107E40006000B8F059F06000BCF05AF06000C0F07B
:107E50005BF06000C4F05CF0000E586E600064F1EE
:107E600001F0600068F102F060006CF103F0600066
:107E700070F104F050ECE9F00009D8B442EFBFF023
:107E800044EFBFF06AEFBFF05CBE49EFBFF04BEFCD
:107E9000BFF06AEFBFF0000E2E6E000E2F6E7A0E4E
:107EA000306E450E316E600064F132F0600068F1B2
:107EB00033F060006CF134F0600070F135F0AEEC3E
:107EC000D5F0D8A066EFBFF068EFBFF06AEFBFF063
:107ED000010E586E58501200060E1D6EFF0E1E6EDB
:107EE000000E1C6E600077F0F6FF60007BF0F7FF7D
:107EF000000EF86E08006F00D4FF0CF01C50030D4C
:107F0000DF0EF324F66EFC0EF420F76EF86A000E16
:107F1000F8220800F5500C18D8A491EFBFF093EFA9
:107F2000BFF0EBEFBFF0010E1D240C6E000E1E2003
:107F30000D6E600033F0F6FF600037F0F7FF000EC3
:107F4000F86E08006F00D4FF0EF01C50030D010EF8
:107F5000F326000EF422DF0EF324F66EFC0EF4205E
:107F6000F76EF86A000EF8220800F5500E18D8A433
:107F7000BCEFBFF0BEEFBFF0EBEFBFF0020E1D2471
:107F80000C6E000E1E200D6E600033F0F6FF6000D8
:107F900037F0F7FF000EF86E08006F00D4FF0EF008
:107FA0001C50030D020EF326000EF422DF0EF32404
:107FB000F66EFC0EF420F76EF86A000EF822080048
:107FC000F5500E18D8A4E7EFBFF0E9EFBFF0EBEFE4
:107FD000BFF0F4EFBFF01C2A0B0E1C64F2EFBFF0F1
:107FE000F4EFBFF072EFBFF01C2A070E1D240C6ED9
:107FF000000E1E200D6E600033F0F6FF600037F0BB
:10800000F7FF000EF86E08006F00D4FF0FF0080EA7
:108010001D240C6E000E1E200D6E600033F0F6FF66
:10802000600037F0F7FF000EF86E08006F00D4FF15
:1080300010F0090E1D240C6E000E1E200D6E600047
:1080400033F0F6FF600037F0F7FF000EF86E08001F
:108050006F00D4FF11F00A0E1D240C6E000E1E20BE
:108060000D6E600033F0F6FF600037F0F7FF000E92
:10807000F86E08006F00D4FF12F02D0E136E600032
:1080800070F001F0026A000E046E0A0E036EC3EC7B
:10809000DCF00150300F146E600070F001F0026AE5
:1080A000000E046E0A0E036E9CECDEF00150300FE1
:1080B000156E2D0E166E040E1D240C6E000E1E2065
:1080C0000D6E600033F0F6FF600037F0F7FF000E32
:1080D000F86E0800F550200AD8B471EFC0F073EFC5
:1080E000C0F087EFC0F0040E1D240C6E000E1E20A1
:1080F0000D6E600033F0F6FF600037F0F7FF000E02
:10810000F86E0800F5501A6E1B6A8BEFC0F0000E77
:108110001B6E300E1A6E600068F017F0050E1D24FD
:108120000C6E000E1E200D6E600033F0F6FF600036
:1081300037F0F7FF000EF86E08006F00D4FF18F05C
:10814000000E196E0F0E056E000E066E3BECE3F08E
:108150001200010197BFAFEFC0F0B1EFC0F0B2EF76
:10816000C0F0989397BFBFEFC0F0975106E1960516
:10817000D8B0BDEFC0F0BFEFC0F0C5EFC0F0000E4B
:108180002F6E010E2E6ECBEFC0F0600058F62EF071
:1081900060005CF62FF0600050F630F0600054F69E
:1081A00031F0600078F032F060007CF033F0600075
:1081B00080F034F0600084F035F0600088F036F034
:1081C00060008CF037F0600090F038F0600094F0C0
:1081D00039F0000E3B6E4F0E3A6E000E04018B6FAD
:1081E00088EFC1F03A06D8A03B063C0E3A24D96E7F
:1081F000040E3B20DA6E6000C8F001F06000CCF0A5
:1082000002F06000D0F003F06000D4F004F06000F1
:10821000D8F005F06000DCF006F06000E0F007F058
:108220006000E4F008F00A0E096E000E0A6E000EFF
:108230000B6E000E0C6E000E0D6E000E0E6E000E1C
:108240000F6E000E106EF8ECD8F0600004F026F00F
:10825000600008F027F060000CF028F0600010F0DB
:1082600029F0600014F02AF0600018F02BF0600094
:108270001CF02CF0600020F02DF02650300FDF6E47
:108280002E06D8A02F063006D8A031066000C8F010
:1082900001F06000CCF002F06000D0F003F060006C
:1082A000D4F004F06000D8F005F06000DCF006F0D7
:1082B0006000E0F007F06000E4F008F00A0E096EDC
:1082C000000E0A6E000E0B6E000E0C6E000E0D6E90
:1082D000000E0E6E000E0F6E000E106E30ECD6F01B
:1082E000600004F032F0600008F033F060000CF041
:1082F00034F0600010F035F0600014F036F06000EB
:1083000018F037F060001CF038F0600020F039F011
:108310003A503B10D8B48FEFC1F091EFC1F0C2EFEB
:10832000C1F0325033103410351036103710381079
:108330003910D8A49EEFC1F0A0EFC1F0F2EFC0F069
:108340002FBEADEFC1F02F5006E12E04D8B0ABEF39
:10835000C1F0ADEFC1F0F2EFC0F031BEB8EFC1F047
:10836000315008E13004D8A0B8EFC1F0BAEFC1F045
:10837000C2EFC1F0010198B3C0EFC1F0C2EFC1F08C
:10838000F2EFC0F0600070F011F0600074F012F0D5
:108390003C0E3A24136E040E3B20146E6000C0F0B5
:1083A00015F06000C4F016F087ECD8F0600044F0DF
:1083B0001CF0600048F01DF01200000E106E000E60
:1083C0000F6E000E196E000E1B6E1B50040D6F0019
:1083D000CCFF03F06F00D0FF04F01950100D400ED9
:1083E000056E050E066EF3500526F4500622035066
:1083F0000524D96E04500620DA6E6F0078FF11F064
:108400006F0078FF12F06F0078FF13F06F0078FFB5
:1084100014F01950100D350E036EFD0E046EF3505E
:108420000326F45004221B50040DF3500326F4508D
:10843000042260000FF0F6FF600013F0F7FF000E5B
:10844000F86E09006F00D4FF15F009006F00D4FF2B
:1084500016F009006F00D4FF17F00A006F00D4FF78
:1084600018F0000E1A6E150E1A24D96EDA6A000E74
:10847000DA22110E1A24E16EE26A000EE222DE50C8
:10848000E618D8B446EFC2F048EFC2F05CEFC2F095
:10849000600064F003F0010E046E000E056E032A06
:1084A00055EFC2F0D89004360536032E52EFC2F0D5
:1084B00004500F12055010121A2A030E1A6463EFAB
:1084C000C2F065EFC2F033EFC2F01B2A030E1B644B
:1084D0006CEFC2F06EEFC2F0E5EFC1F0192A0B0E9F
:1084E000196475EFC2F077EFC2F0E3EFC1F0000E50
:1084F0001B6E1B50D8B47FEFC2F081EFC2F0B1EF1A
:10850000C2F01B04D8B487EFC2F089EFC2F097EF36
:10851000C2F06000D4F70BF06000D8F70CF06000F8
:10852000DCF70DF06000E0F70EF0A3EFC2F06000A2
:10853000E4F70BF06000E8F70CF06000ECF70DF0EA
:108540006000F0F70EF060002CF007F0600030F0F3
:1085500008F0600034F009F0600038F00AF0BDEF78
:10856000C2F0600040F607F0600044F608F06000DA
:1085700048F609F060004CF60AF060001CF011F0BB
:10858000600020F012F0600024F013F0600028F08A
:1085900014F01B50040D0C0EF324D96E020EF420BF
:1085A000DA6E6F0078FF15F06F0078FF16F06F003D
:1085B00078FF17F06F0078FF18F0000E1A6E150E96
:1085C0001A24D96EDA6A000EDA22110E1A24E16E2C
:1085D000E26A000EE222DE50E618D8B4F2EFC2F0F2
:1085E000F4EFC2F0F5EFC2F010881A2A030E1A64F5
:1085F000FCEFC2F0FEEFC2F0DFEFC2F01B2A020E6A
:108600001B6405EFC3F007EFC3F079EFC2F0600021
:108610003CF001F0600040F002F01200600060F8F1
:108620006CF0600064F86DF0600068F86EF0600057
:108630006CF86FF060006CF16CF0600070F16DF040
:10864000600074F16EF0600078F16FF0810E00014F
:10865000606FFF0E616F6000B0F162F06000B4F116
:1086600063F06000B8F164F06000BCF165F0180ED2
:108670003FEFC3F0D8906533643363336233E82E41
:108680003AEFC3F0625160256A6F000E61216B6F93
:108690006BBF54EFC3F06B5109E1170E6A5DD8A0B0
:1086A00054EFC3F056EFC3F064EFC3F060006CF119
:1086B0005BF0600070F15CF0600074F15DF06000F0
:1086C00078F15EF039EFC4F06BBF69EFC3F06BEF88
:1086D000C3F0E5EFC3F06000A8F160F0FF0E616F3A
:1086E000FF0E626F7F0E636F000E646F60677BEF3B
:1086F000C3F083EFC3F064356433633362336133B3
:10870000602F76EFC3F0600084F166F0600088F1BE
:1087100067F060008CF168F0600090F169F0000192
:1087200066516C15606F67516D15616F68516E15FC
:10873000626F69516F15636F60516111621163114E
:10874000D8A4A5EFC3F0A7EFC3F0A9EFC3F056EF8D
:10875000C3F06000B0F160F06000B4F161F060005F
:10876000B8F162F06000BCF163F0200EBDEFC3F021
:10877000D8906333623361336033E82EB8EFC3F0CF
:108780006051611162116311D8B4C9EFC3F0CBEF2E
:10879000C3F0D3EFC3F066516C2767516D23685166
:1087A0006E2369516F23661D606F671D616F681DC1
:1087B000626F691D636F60516C1761516D17625173
:1087C0006E1763516F172DEFC4F06000B0F160F0C9
:1087D0006000B4F161F06000B8F162F06000BCF1DB
:1087E00063F0200EF9EFC3F0D89063336233613346
:1087F0006033E82EF4EFC3F0605161116211631130
:10880000D8A405EFC4F007EFC4F011EFC4F0000ED8
:108810006C6F000E6D6F000E6E6F000E6F6F2DEFA0
:10882000C4F0D8906C35606F6D35616F6E35626FD6
:108830006F35636F6051611162116311D8B423EF1A
:10884000C4F025EFC4F02DEFC4F0000E6C6F000EE5
:108850006D6F800E6E6FBF0E6F6F6000B0F15BF0DA
:108860006000B4F15CF06000B8F15DF06000BCF154
:108870005EF01200400E016E050E026E350E036EA4
:10888000FD0E046E000E066EC00E056E7AECE3F06F
:1088900090C10CF291C10DF292C10EF293C10FF290
:1088A000F9C110F2FAC111F2FBC112F2FCC113F2CC
:1088B000F5C114F2F6C115F2F7C116F2F8C117F2BC
:1088C000320E0201DE6F300EDF6F320EE06F360EB9
:1088D000E16F000E0101B56F000EB46F000E2A6E3D
:1088E000000E2A24016E026A010E022223ECECF033
:1088F000206E310E2A24F66EF76AFD0EF722F86A12
:10890000000EF8220800F5502018D8B48AEFC4F001
:108910008CEFC4F08EEFC4F061EFC5F02A2A030E8D
:108920002A6495EFC4F097EFC4F070EFC4F0000E26
:10893000296E2950E7ECDDF00009D8A4A2EFC4F0BD
:10894000A4EFC4F0A6EFC4F0F3EFC4F02950120D69
:108950006F00CCFF20F06F00D0FF21F0040E202428
:10896000276E010E2120286E000E266E2650040D63
:108970006F00CCFF20F06F00D0FF21F027502024A3
:10898000036E28502120046E4DECE8F02650040DB3
:108990006F00CCFF22F06F00D0FF23F02950100DA4
:1089A000400E246E050E256EF3502426F450252229
:1089B00022502424D96E23502520DA6E60000FF057
:1089C000DEFF600013F0DEFF600017F0DEFF6000E6
:1089D0001BF0DEFF262A030E2664F1EFC4F0F3EF4E
:1089E000C4F0B6EFC4F0292A0B0E2964FAEFC4F0E4
:1089F000FCEFC4F099EFC4F00C0EE7ECDDF00009D9
:108A0000D8B405EFC5F007EFC5F061EFC5F0010E72
:108A1000286EDC0E276E010E046EDC0E036E4DEC2C
:108A2000E8F060000CF090F1600010F091F160004F
:108A300014F092F1600018F093F1010E046EE00E54
:108A4000036E4DECE8F060000CF0F9F1600010F0FE
:108A5000FAF1600014F0FBF1600018F0FCF1010E77
:108A6000046EE40E036E4DECE8F060000CF0F5F1DE
:108A7000600010F0F6F1600014F0F7F1600018F0FB
:108A8000F8F1000E2A6EDE0E2A24D96EDA6A020E82
:108A9000DA222A502724206E000E2820216E0C0E88
:108AA0002024016E000E2120026E23ECECF0DF6E1C
:108AB0002A2A030E2A645FEFC5F061EFC5F043EF89
:108AC000C5F01200600034F001F0600038F002F0F0
:108AD0009AECE6F00A0E01180210D8A472EFC5F065
:108AE00074EFC5F092EFC5F020EE04F00D50D926DA
:108AF0000E50DA222D0EDE18D8A481EFC5F083EFD8
:108B0000C5F092EFC5F020EE07F00D50D9260E50BB
:108B1000DA222D0EDE18D8B490EFC5F092EFC5F032
:108B200095EFC5F0000E84EFC6F0000E196E040E2E
:108B30001918D8B49EEFC5F0A0EFC5F0C9EFC5F085
:108B4000070E1918D8A4A7EFC5F0A9EFC5F0ABEF31
:108B5000C5F0C9EFC5F019500D24D96E000E0E20D6
:108B6000DA6E2F0EDF64B7EFC5F0B9EFC5F092EF04
:108B7000C5F019500D24D96E000E0E20DA6E390E94
:108B8000DF64C5EFC5F0C7EFC5F0C9EFC5F092EFE0
:108B9000C5F0192A090E1964D0EFC5F0D2EFC5F05F
:108BA00097EFC5F0600037F0D9FF60003BF0DAFFC7
:108BB000DF50116E1150016E026A030E046EE80E52
:108BC000036E47ECEBF020EE01F00D50D9260E506D
:108BD000DA22DF50126E1250640D6F00CCFF13F0DA
:108BE0006F00D0FF14F020EE02F00D50D9260E5089
:108BF000DA22DF50156E15500A0DF3501326F4508B
:108C00001422015013260250142220EE03F00D50BE
:108C1000D9260E50DA22DF50166E16501326000E9B
:108C20001422B00E1324176E2F0E1420186E60003D
:108C30003CF001F0600040F002F0000E046E000E07
:108C4000036E000E066E100E056E9FECCDF06000F8
:108C50003FF0D9FF600043F0DAFF60005FF0DFFF14
:108C600020EE01F00F50D9261050DA221850DF6E96
:108C700020EE02F00F50D9261050DA2210EE06F046
:108C80000D50E1260E50E222E750116E10EE05F075
:108C90000D50E1260E50E222E7500A0DF350112448
:108CA000F00FDF6E20EE03F00F50D9261050DA22BD
:108CB00010EE09F00D50E1260E50E222E750116E41
:108CC00010EE08F00D50E1260E50E222E7500A0D9A
:108CD000F3501124F00FDF6E60005CF001F06000D3
:108CE00060F002F020EE02F00F50D9261050DA2288
:108CF000DF50036E20EE03F00F50D9261050DA2219
:108D0000DF50046E68ECD9F012007AEFC7F0480E1D
:108D10000001616FE10E626F7A0E636F3F0E646F48
:108D20000A0E656FD70E666FA30E676F3C0E686FF5
:108D3000000E25ECE8F0600004F007F0600008F099
:108D400008F0096A0A6A000ECEECCBF060001CF055
:108D500088F1600020F089F1600024F08AF1600061
:108D600028F08BF1010E0001696F000E6A6F000E92
:108D70006B6F000E6C6F000E25ECE8F0600004F0E5
:108D8000C6F2600008F0C7F2600084F119F06000DC
:108D900088F11AF060008CF11BF0600090F11CF07B
:108DA000600020F615F0600024F616F0600028F64A
:108DB00017F060002CF618F05EECB1F0600054F093
:108DC0002EF0600058F02FF060005CF030F0600092
:108DD00060F031F0600094F119F0600098F11AF041
:108DE00060009CF11BF06000A0F11CF0600018FB1B
:108DF00007F060001CFB08F0096A0A6A000ECEEC5E
:108E0000CBF060001CF015F0600020F016F0600060
:108E100024F017F0600028F018F05EECB1F060006C
:108E200054F032F0600058F033F060005CF034F041
:108E3000600060F035F0E0ECAEF06000B8F088F172
:108E40006000BCF089F16000C0F08AF16000C4F0FD
:108E50008BF1010E00016927000E6A236B236C233E
:108E60006CBF3EEFC7F06C516B116A1109E1C80E7F
:108E7000695DD8A03EEFC7F040EFC7F0BBEFC6F08A
:108E800088C154F289C155F28AC156F28BC157F29A
:108E9000600050F942F0600054F943F0600058F966
:108EA00044F060005CF945F02D0E466EB20E476E40
:108EB0009D0E486E400E496EA3ECB3F0600008F1C1
:108EC00054F260000CF155F2600010F156F26000AF
:108ED00014F157F260006FF1D9FF600073F1DAFF0F
:108EE000000EDE6E000EDD6E000E5C6E020E5B6E1E
:108EF000A2EFC7F060006FF1D9FF600073F1DAFFF5
:108F00006F0078FF5DF06F0074FF5EF05E50000A46
:108F1000D8B48DEFC7F094EFC7F05D50000AD8B415
:108F200087EFC6F094EFC7F060006FF1D9FF6000E3
:108F300073F1DAFF000EDE6E000EDD6E000E5C6E69
:108F4000030E5B6E1200600000F119F0600004F186
:108F50001AF0600008F11BF060000CF11CF06000DA
:108F6000FBF0D9FF6000FFF0DAFF6F0078FF15F02B
:108F70006F0078FF16F06F0078FF17F06F0078FF32
:108F800018F05EECB1F0600054F044F0600058F06E
:108F900045F060005CF046F0600060F047F0600073
:108FA00000F119F0600004F11AF0600008F11BF004
:108FB00060000CF11CF020EE04F03E50D9263F502A
:108FC000DA226F0078FF15F06F0078FF16F06F005F
:108FD00078FF17F06F0078FF18F05EECB1F06000DA
:108FE00054F032F0600058F033F060005CF034F080
:108FF000600060F035F0600000F119F0600004F1ED
:109000001AF0600008F11BF060000CF11CF0600029
:1090100010F115F0600014F116F0600018F117F06F
:1090200060001CF118F05EECB1F0600054F02EF01E
:10903000600058F02FF060005CF030F0600060F0ED
:1090400031F0E0ECAEF06000B8F048F06000BCF049
:1090500049F06000C0F04AF06000C4F04BF06000DE
:1090600020F12EF0600024F12FF0600028F130F0A4
:1090700060002CF131F020EE08F03E50D9263F5030
:10908000DA226F0078FF32F06F0078FF33F06F0064
:1090900078FF34F06F0078FF35F0E0ECAEF0600060
:1090A000B8F04DF06000BCF04EF06000C0F04FF042
:1090B0006000C4F050F0000E4C6E600034F101F01E
:1090C000600038F102F060003CF103F0600040F114
:1090D00004F050ECE9F00009D8B471EFC8F073EF78
:1090E000C8F0AFEFC8F0600034F12EF0600038F146
:1090F0002FF060003CF130F0600040F131F0000EE4
:10910000326E000E336E000E346E3F0E356EAEECD6
:10911000D5F0D8A08EEFC8F090EFC8F0AFEFC8F050
:10912000000E2E6E000E2F6EC00E306E3F0E316E92
:10913000600034F132F0600038F133F060003CF14F
:1091400034F0600040F135F0AEECD5F0D8A0ABEFD4
:10915000C8F0ADEFC8F0AFEFC8F0010E4C6E4C5048
:10916000120092EFC9F0000E0101C16F050EE0EC94
:10917000EAF001240201486F000E0220496F000E40
:1091800003204A6F000E04204B6F6000BBF0D9FF34
:109190006000BFF0DAFF880EDE6E000EDD6EE0ECE0
:1091A000EAF002014851015C495102584A51035802
:1091B0004B510458D8B0DFEFC8F0E1EFC8F0E7EF4B
:1091C000C8F0000E2F6E000E2E6EBEEFC9F0060E18
:1091D00025ECE8F00101C151020DB00EF324D96E67
:1091E000030EF420DA6E600007F0DEFF60000BF083
:1091F000DDFFC12B040EC16500EFC9F002EFC9F01D
:10920000B6EFC8F0B00E016E030E026E050E036ECF
:10921000FBECD2F00301B651B425306EB751B52145
:10922000316EB8513024016EB9513120026E000EFA
:10923000046E030E036EB9ECE3F0600004F037F047
:10924000600008F038F06000DCF007F06000E0F04B
:1092500008F0096A0A6A000ECEECCBF060001CF040
:1092600015F0600020F016F0600024F017F06000A8
:1092700028F018F06F0E196E120E1A6E830E1B6E08
:109280003A0E1C6E5EECB1F0600054F033F06000FA
:1092900058F034F060005CF035F0600060F036F0BB
:1092A0006000CCF015F06000D0F016F06000D4F053
:1092B00017F06000D8F018F09A0E196E990E1A6E19
:1092C000890E1B6E400E1C6E5EECB1F0600054F017
:1092D0004CF2600058F04DF260005CF04EF260001D
:1092E00060F04FF202014FBF7AEFC9F078EFC9F09A
:1092F00082EFC9F0000E4C6F000E4D6F000E4E6FE6
:10930000000E4F6F6000BBF0D9FF6000BFF0DAFFC6
:10931000000EDE6E000EDD6E000E2F6E020E2E6E43
:10932000BEEFC9F06000BBF0D9FF6000BFF0DAFF0C
:109330006F0078FF30F06F0074FF31F03150000A99
:10934000D8B4A5EFC9F0B0EFC9F03050000AD8B4D6
:10935000B3EFC8F0880AD8B4CFEFC8F0B0EFC9F0C7
:109360006000BBF0D9FF6000BFF0DAFF000EDE6ED8
:10937000000EDD6E000E2F6E030E2E6E1200000E1C
:10938000246E000E2424116E126A010E1222310E78
:109390002424F66EF76AFD0EF722F86A000EF82212
:1093A00008006F00D4FF13F0C4ECEAF0242A030E87
:1093B0002464DDEFC9F0DFEFC9F0C1EFC9F0000EA2
:1093C000236E2350120D6F00CCFF1DF06F00D0FFF5
:1093D0001EF0040E1D24216E010E1E20226E000EB2
:1093E000246E24502124116E000E2220126E600083
:1093F00090F009F0235089ECD3F0136EC4ECEAF03E
:10940000242A0F0E246407EFCAF009EFCAF0F1EF27
:10941000C9F02350D2ECE7F060005CF01FF0600070
:1094200060F020F0100E2124116E000E2220126E2A
:1094300060007CF013F0C4ECEAF0110E2124116EF0
:10944000000E2220126E2050136EC4ECEAF0232A84
:109450000C0E23642EEFCAF030EFCAF0E1EFC9F032
:10946000000E246E000E2424016E026A010E0222F8
:1094700023ECECF01D6E310E2424F66EF76AFD0E1F
:10948000F722F86A000EF8220800F5501D18D8B42B
:109490004CEFCAF04EEFCAF051EFCAF0000EC7EF22
:1094A000CAF0242A030E246458EFCAF05AEFCAF017
:1094B00032EFCAF0000E236E2350120D6F00CCFF66
:1094C0001DF06F00D0FF1EF0040E1D24216E010E52
:1094D0001E20226E000E246E24502124016E000EE8
:1094E0002220026E23ECECF01D6E600090F009F07B
:1094F000235089ECD3F01D18D8B481EFCAF083EF64
:10950000CAF085EFCAF04EEFCAF0242A0F0E246489
:109510008CEFCAF08EEFCAF06CEFCAF02350D2EC99
:10952000E7F060005CF01FF0600060F020F0100ECB
:109530002124016E000E2220026E23ECECF01F1895
:10954000D8B4A5EFCAF0A7EFCAF0A9EFCAF04EEF62
:10955000CAF0110E2124016E000E2220026E23ECAF
:10956000ECF01D6E20501D18D8B4B9EFCAF0BBEF57
:10957000CAF0BDEFCAF04EEFCAF0232A0C0E2364E6
:10958000C4EFCAF0C6EFCAF05CEFCAF0010E1200D9
:1095900060006CF13EF0600070F13FF0000E406E34
:1095A000000E416E000E426E000E436EA3ECC7F03B
:1095B0000009D8B4DEEFCAF0E0EFCAF0F8EFCAF065
:1095C00060006CF13EF0600070F13FF0000E406E04
:1095D000C00E416E4F0E426E440E436EA3ECC7F0B8
:1095E0000009D8A4F6EFCAF0F8EFCAF0FBEFCAF012
:1095F000000ECDEFCBF060006FF1D9FF600073F18A
:10960000DAFF6F0078FF01F06F0078FF02F06F0063
:1096100078FF03F06F0078FF04F0000E056E000E77
:10962000066E000E076E000E086EFCECDFF0D8B080
:109630001CEFCBF01EEFCBF0CCEFCBF020EE04F024
:109640005B50D9265C50DA226F0078FF3EF06F0045
:1096500078FF3FF06F0078FF40F06F0078FF41F037
:10966000B7ECE9F06000F8F042F06000FCF043F085
:10967000600000F144F0600004F145F0000E196E46
:10968000000E1A6E000E1B6E400E1C6E60006FF115
:10969000D9FF600073F1DAFF6F0078FF15F06F00FB
:1096A00078FF16F06F0078FF17F06F0078FF18F062
:1096B0005EECB1F0600054F046F0600058F047F006
:1096C00060005CF048F0600060F049F0A3ECB3F09B
:1096D000600008F160F060000CF161F0600010F1D2
:1096E00062F0600014F163F0000E2E6E000E2F6E1B
:1096F000000E306E000E316E600080F132F06000BE
:1097000084F133F0600088F134F060008CF135F0C2
:10971000AEECD5F0D8B08FEFCBF091EFCBF0CCEF33
:10972000CBF0600080F12EF0600084F12FF060003B
:1097300088F130F060008CF131F0000E326EC00E16
:10974000336E4F0E346E440E356EAEECD5F0D8B09D
:10975000ACEFCBF0AEEFCBF0CCEFCBF060006CF128
:109760003EF0600070F13FF0600080F140F060007A
:1097700084F141F0600088F142F060008CF143F028
:10978000A3ECC7F00009D8A4C8EFCBF0CAEFCBF028
:10979000CCEFCBF0F8EFCAF0010E12000F6E0F50B5
:1097A000D8B4D5EFCBF0D7EFCBF001EFCCF00ABEB9
:1097B000DEEFCBF0DCEFCBF001EFCCF060001CF083
:1097C0000BF0600020F00CF0600024F00DF0600061
:1097D00028F00EF00B1E0C1E0D1E0E1E0B2A000E86
:1097E0000C220D220E2260002CF011F0600030F0EF
:1097F00012F0600034F013F0600038F014F00DEF58
:10980000CCF060001CF011F0600020F012F060005D
:1098100024F013F0600028F014F00750081009102D
:109820000A10D8A416EFCCF018EFCCF022EFCCF051
:10983000000E076E000E086E000E096E000E0A6E16
:10984000B9EFCCF0960E106E2CEFCCF0102AD89019
:109850001432133212321132000E11140B6E000E3C
:1098600012140C6E000E13140D6EFE0E14140E6EF8
:109870000B500C100D100E10D8A441EFCCF043EF9C
:10988000CCF026EFCCF051EFCCF0102A010E1126CF
:10989000000E122213221422D890143213321232E4
:1098A0001132000E11140B6E000E12140C6E000E0D
:1098B00013140D6EFF0E14140E6E0B500C100D10C1
:1098C0000E10D8A466EFCCF068EFCCF045EFCCF0EA
:1098D00070EFCCF01006D8901136123613361436CD
:1098E00013BE75EFCCF077EFCCF07FEFCCF0020E2B
:1098F00010607DEFCCF07FEFCCF06AEFCCF010B0D1
:1099000084EFCCF086EFCCF087EFCCF0139ED890AC
:109910001032600040F00BF00C6A0D6A0E6A6000B5
:109920002CF00EF00D6A0C6A0B6A0B5011120C50E1
:1099300012120D5013120E5014120F50D8B4A3EF80
:10994000CCF0A5EFCCF0ADEFCCF00ABEACEFCCF094
:10995000AAEFCCF0ADEFCCF0148E600044F007F02D
:10996000600048F008F060004CF009F0600050F032
:109970000AF01200000E166E000E156E000E0F6E2D
:10998000000E0E6EC6EFCCF0084A092A010E146EC6
:10999000600023F0F6FF600027F0F7FF000EF86E7E
:1099A0000800F550200AD8B4D8EFCCF0DAEFCCF0AC
:1099B000FBEFCCF0F70E0A6EFF0E0B6E600023F08B
:1099C000F6FF600027F0F7FF000EF86E0800F55074
:1099D0000C6E0D6A0A500C260B500D220D5009E139
:1099E000050E0C5CD8A0F7EFCCF0F9EFCCF0FBEF54
:1099F000CCF0000E146E600050F010F0116A1050A0
:109A00001110D8A406EFCDF008EFCDF0C4EFCCF0E4
:109A100012EFCDF0000E0F6E010E0E6E084A092AED
:109A200051EFCDF0600023F0F6FF600027F0F7FF64
:109A3000000EF86E0800F5500A6E0B6A0B50000A13
:109A4000D8B425EFCDF051EFCDF00A502B0AD8B4A1
:109A50000EEFCDF0060AD8B40AEFCDF051EFCDF0FD
:109A6000600054F001F0600058F002F0000E046E47
:109A70000A0E036E47ECEBF0600023F0F6FF600087
:109A800027F0F7FF000EF86E0800F550015E000E9B
:109A9000025A300E0124156E000E0220166E0EEFD3
:109AA000CDF0D00E0A6EFF0E0B6E600023F0F6FFB5
:109AB000600027F0F7FF000EF86E0800F5500C6EFE
:109AC0000D6A0A500C260B500D220D500AE10A0EA9
:109AD0000C5CD8A06EEFCDF071EFCDF0010E72EFFF
:109AE000CDF0000E126E136A12501310D8A47BEF43
:109AF000CDF07DEFCDF030EFCDF00E500F10D8A4AB
:109B000084EFCDF086EFCDF098EFCDF0600054F00B
:109B10000AF0600058F00BF00A1E0B1E0A4A0B2ACE
:109B2000600028F008F060002CF009F09EEFCDF006
:109B3000600054F008F0600058F009F01200600076
:109B400004F00BF0600008F00CF005500610D8A4EB
:109B5000ACEFCDF0AEEFCDF0B0EFCDF06AEFCEF0E0
:109B600060002FF0D9FF600033F0DAFF60000FF0E3
:109B7000DFFF05500B24076E06500C20086EFF0E09
:109B80000724D96EFF0E0820DA6E60000FF0DFFFA9
:109B9000065007E1030E055CD8B0D1EFCDF0D3EF4E
:109BA000CDF0D5EFCDF06AEFCEF020EE01F00B5006
:109BB000D9260C50DA2260000FF0DFFF20EE02F011
:109BC0000B50D9260C50DA2260000FF0DFFF055051
:109BD0000B24076E06500C20086EFE0E0724D96E6B
:109BE000FF0E0820DA6E60000FF0DFFF05500B2437
:109BF000076E06500C20086EFD0E0724D96EFF0E6E
:109C00000820DA6E60000FF0DFFF065007E1070E54
:109C1000055CD8B00EEFCEF010EFCEF012EFCEF024
:109C20006AEFCEF020EE03F00B50D9260C50DA226A
:109C300060000FF0DFFF05500B24076E06500C206C
:109C4000086EFC0E0724D96EFF0E0820DA6E600045
:109C50000FF0DFFF065007E1090E055CD8B033EFC7
:109C6000CEF035EFCEF037EFCEF06AEFCEF06000F9
:109C70002CF007F0600030F008F0071E081E074ABD
:109C8000082A030E0714096E0A6A09500B260A50A7
:109C90000C220950055E0A50065AFC0E0516FF0EEE
:109CA000061661EFCEF060002FF0D9FF600033F0B0
:109CB000DAFF60000FF0DFFF0506D8A006060B4AAA
:109CC0000C2A05500610D8A468EFCEF06AEFCEF04B
:109CD00053EFCEF0120035683668000E376E19501B
:109CE0001A10D8A476EFCEF078EFCEF07DEFCEF05C
:109CF000000E306E2F6888EFCEF037501924D96EE1
:109D0000000E1A20DA6EDF501B6E1B502F6E306A69
:109D10001D0E3724D96EDA6A000EDA226000BFF019
:109D2000DFFF6000D4F011F06000D8F012F01D0EDB
:109D30003724D96EDA6A000EDA22DF50136ED8ECBF
:109D4000E4F0600044F035F0600048F036F0372A67
:109D50000F0E3764AEEFCEF0B0EFCEF06FEFCEF077
:109D600019501A10D8A4B7EFCEF0B9EFCEF0BEEF6D
:109D7000CEF0000E326E3168C2EFCEF06000D4F04B
:109D800031F0326A6000C4F02DF019501A10D8A4D6
:109D9000CCEFCEF0CEEFCEF0D3EFCEF0000E346E9F
:109DA0003368E0EFCEF06000D4F01BF06000D8F034
:109DB0001CF0600070F01BF01C6A1B50336E346A9C
:109DC0006000CCF02EF0000E376E37501724116E65
:109DD000000E1820126E1D0E3724D96EDA6A000E9E
:109DE000DA22DF50136EC4ECEAF0372A110E376422
:109DF000FCEFCEF0FEEFCEF0E5EFCEF0000E376ECA
:109E00001D0E3724D96EDA6A000EDA223750172475
:109E1000016E000E1820026E23ECECF01C6EDE507A
:109E20001C18D8B416EFCFF018EFCFF01BEFCFF01F
:109E3000000E25EFCFF0372A110E376422EFCFF056
:109E400024EFCFF000EFCFF0010E1200D2EFCFF0F1
:109E50000101BC51D8B42FEFCFF031EFCFF033EF89
:109E6000CFF0DCEFCFF023ECE7F0096E0101BB513E
:109E7000D8B43DEFCFF03FEFCFF05BEFCFF0E0ECA9
:109E8000EAF0600004F028F2600008F029F26000B7
:109E90000CF02AF2600010F02BF2230E0918D8A45F
:109EA00054EFCFF056EFCFF0D2EFCFF0000E01011C
:109EB000BB6FD2EFCFF0BD51D8B461EFCFF063EFFD
:109EC000CFF09EEFCFF0400EBD25D96EDA6A080EB6
:109ED000DA22600027F0DFFFBD2B230E0918D8A47B
:109EE00074EFCFF076EFCFF082EFCFF0400EBD25CC
:109EF000D96EDA6A080EDA22000EDF6E010EBC6F30
:109F0000D2EFCFF05F0EBD6588EFCFF08AEFCFF0D4
:109F1000D2EFCFF0000EBD6F010EBB6FE0ECEAF0A8
:109F2000600004F028F2600008F029F260000CF0F4
:109F30002AF2600010F02BF226EFCFF0230E091862
:109F4000D8A4A5EFCFF0A7EFCFF0BCEFCFF0600023
:109F500024F040F8010EBD6FE0ECEAF0600004F080
:109F600028F2600008F029F260000CF02AF260008C
:109F700010F02BF2D2EFCFF0B15107E1310EB05D0E
:109F8000D8B0C5EFCFF0C7EFCFF0D2EFCFF08C0E47
:109F9000B025D96E040EB121DA6E600027F0DFFF24
:109FA000B04BB12B5AECECF00009D8A4DAEFCFF0AB
:109FB000DCEFCFF028EFCFF012000101A64BA72B6A
:109FC00003ECECF00101A605A711D8A4EAEFCFF04D
:109FD000ECEFCFF01CEFD0F0ACC1A4F1ADC1A5F116
:109FE0006000B0F648F06000B4F649F0000E4B6E29
:109FF000C70E4A6E96ECE9F0000E496E000E486EF0
:10A00000000E4B6ECD0E4A6E96ECE9F0000E496ED6
:10A01000000E486E000E4B6ED20E4A6E96ECE9F0C2
:10A020006000B0F648F06000B4F649F0000E4B6EE8
:10A03000D70E4A6E96ECE9F0020E0101A619A7119F
:10A04000D8A425EFD0F027EFD0F050EFD0F0ACC17E
:10A05000A2F1ADC1A3F16000B0F648F06000B4F623
:10A0600049F0000E4B6ECD0E4A6E96ECE9F0010100
:10A07000A251A425016EA351A521026E000E046E0B
:10A08000020E036EC3ECDCF0600004F048F06000E8
:10A0900008F049F0000E4B6ED70E4A6E96ECE9F0D0
:10A0A000030E0101A619A711D8A459EFD0F05BEF58
:10A0B000D0F08FEFD0F0ACC1A0F1ADC1A1F1600044
:10A0C000B0F648F06000B4F649F0000E4B6ED20EC8
:10A0D0004A6E96ECE9F00101A251A4254D6EA35100
:10A0E000A5214E6EA0514D24016EA1514E20026E4D
:10A0F000000E046E030E036EC3ECDCF0600004F08F
:10A1000048F0600008F049F0000E4B6ED70E4A6E22
:10A1100096ECE9F0000E0101A76F000EA66F120089
:10A12000600004F008F0600008F009F060000CF036
:10A130000AF0600010F00BF00506D8A0060605280E
:10A1400006E10628D8A4A7EFD0F0A9EFD0F0B6EF2B
:10A15000D0F0000E026E000E016E3CEFD1F0084A06
:10A16000092A0A4A0B2A0506D8A00606600023F031
:10A17000F6FF600027F0F7FF000EF86E1F0EF76481
:10A1800003D00800F55007D06F00DBFFE9FF6F0038
:10A19000DFFFEAFFEF500009D8B4D1EFD0F0D3EFE2
:10A1A000D0F017EFD1F060002BF0F6FF60002FF039
:10A1B000F7FF000EF86E0800F5500009D8B4E3EF81
:10A1C000D0F0E5EFD0F017EFD1F005500610D8B47D
:10A1D000ECEFD0F0EEEFD0F017EFD1F060002BF005
:10A1E000F6FF60002FF0F7FF000EF86E08006F001A
:10A1F000D4FF07F0600023F0F6FF600027F0F7FFC0
:10A20000000EF86E1F0EF76403D00800F55007D05B
:10A210006F00DBFFE9FF6F00DFFFEAFFEF50071879
:10A22000D8B415EFD1F017EFD1F0AFEFD0F0600058
:10A2300023F0F6FF600027F0F7FF000EF86E1F0E08
:10A24000F76403D00800F55007D06F00DBFFE9FF8B
:10A250006F00DFFFEAFFEF50076E60002BF0F6FFA4
:10A2600060002FF0F7FF000EF86E0800F550075C55
:10A27000016E026AD8A002061200A7EFD1F003EC2B
:10A28000ECF0BE0E0001E06F040EE16FD50EE26F40
:10A29000FF0EE36F6000B0F6E4F06000B4F6E5F0A6
:10A2A000F6ECE6F0CE0E056E030E066ED20E076ECD
:10A2B000FF0E086E69ECE4F0CE0E0F6E030E106E0A
:10A2C000BE0E116E040E126E30ECEBF0CE0E056E6B
:10A2D000030E066E3BECE3F0000E0201E76F000E8A
:10A2E000E66F6000D3F3D9FF6000D7F3DAFF400ECA
:10A2F000DE6E000EDD6EE60E096E020E0A6E15ECC5
:10A30000D8F00ABE8FEFD1F00A5007E1020E095CC7
:10A31000D8B08DEFD1F08FEFD1F096EFD1F0000EE5
:10A320000001F56F000EF46FD4EFD1F06000D3F3AD
:10A33000D9FF6000D7F3DAFF000EDE6E000EDD6E8F
:10A34000000E0001F56F020EF46FD4EFD1F0600043
:10A35000D3F3D9FF6000D7F3DAFF6F0078FFF6F090
:10A360006F0074FFF7F00001F751000AD8B4BBEF9B
:10A37000D1F0C6EFD1F0F651000AD8B43FEFD1F0DA
:10A38000400AD8B47BEFD1F0C6EFD1F06000D3F330
:10A39000D9FF6000D7F3DAFF000EDE6E000EDD6E2F
:10A3A000000EF56F030EF46F1200000E156E000E16
:10A3B000166E000E176E000E186E000E196E3CEF32
:10A3C000D2F019500D24D96E000E0E20DA6E2F0E29
:10A3D000DF64EDEFD1F0EFEFD1F005EFD2F01950DF
:10A3E0000D24D96E000E0E20DA6E3A0EDF60FBEF00
:10A3F000D1F0FDEFD1F005EFD2F0040E196403EFB8
:10A40000D2F005EFD2F008EFD2F0000E6BEFD2F0F1
:10A41000D00E116EFF0E126E19500D24D96E000E63
:10A420000E20DA6EDF50136E146A1150132612508C
:10A430001422600054F001F0600058F002F0600057
:10A440005CF003F0600060F004F00A0E056E000E90
:10A45000066E000E076E000E086E30ECE4F013502E
:10A460000124156E14500220166E000E0320176E84
:10A47000000E0420186E192A19500D24D96E000EF2
:10A480000E20DA6EDF50D8A448EFD2F04AEFD2F0B7
:10A49000E1EFD1F01950D8B450EFD2F052EFD2F032
:10A4A00005EFD2F0185008E11704D8A05AEFD2F007
:10A4B0005CEFD2F05EEFD2F005EFD2F060003FF03B
:10A4C000D9FF600043F0DAFF600057F0DEFF600064
:10A4D0005BF0DDFF010E1200600070F80BF0600011
:10A4E00074F80CF0600078F80DF060007CF80EF065
:10A4F000600004F00BF0600008F00CF060000CF05D
:10A500000DF0600010F00EF060002CF005F060001F
:10A5100030F006F0600034F007F0600038F008F02A
:10A52000180E98EFD2F0D890083207320632053272
:10A53000E82E93EFD2F00550096E0A6A09500A100E
:10A54000D8A4A5EFD2F0A7EFD2F0C7EFD2F0D89001
:10A550000B34056E0C34066E0D34076E0E34086E27
:10A560000550061007100810D8A4B9EFD2F0BBEFC1
:10A57000D2F0C1EFD2F0000E026E020E016EFAEFC1
:10A58000D2F0000E026E030E016EFAEFD2F009282F
:10A590000A10D8A4CEEFD2F0D0EFD2F0F6EFD2F07E
:10A5A00060002CF005F0600030F006F0600034F040
:10A5B00007F0600038F008F0090ED890053606362E
:10A5C00007360836E82EDDEFD2F0055006100710EA
:10A5D0000810D8B4EEEFD2F0F1EFD2F0010EF2EFA6
:10A5E000D2F0000E016E026AFAEFD2F0000E026E97
:10A5F000040E016E1200000E0F6E7FEFD3F00F28D5
:10A600000E6E75EFD3F00F50020D6F00CCFF04F00B
:10A610006F00D0FF05F004500124D96E05500220D0
:10A62000DA6E0E50020D6F00CCFF08F06F00D0FF05
:10A6300009F008500124E16E09500220E26EDE505C
:10A64000E65CDE50E658D8B028EFD3F02AEFD3F01E
:10A6500074EFD3F00F50020D6F00CCFF04F06F00C9
:10A66000D0FF05F004500124D96E05500220DA6EA7
:10A670006F0078FF0CF06F0074FF0DF00E50020DAC
:10A680006F00CCFF04F06F00D0FF05F004500124F0
:10A69000D96E05500220DA6E0F50020D6F00CCFF0C
:10A6A00006F06F00D0FF07F006500124E16E07505E
:10A6B0000220E26E6F007BFFE6FF6F0077FFE5FF91
:10A6C0000E50020D6F00CCFF04F06F00D0FF05F0BC
:10A6D00004500124D96E05500220DA6E600033F078
:10A6E000DEFF600037F0DDFF0E2A03500E5CD8A0BD
:10A6F0007CEFD3F07EEFD3F003EFD3F00F2A0350BB
:10A700000F5CD8A086EFD3F088EFD3F0FFEFD2F044
:10A7100012000C6E0C0E0C6090EFD3F092EFD3F0A1
:10A72000CBEFD3F0600024F001F0026A000E046E5B
:10A73000040E036EC3ECDCF0D89001360236D890DC
:10A74000013602360C50100D400E0A6E050E0B6ECF
:10A75000F3500A26F4500B2201500A24D96E0250FD
:10A760000B20DA6E6F0078FF0DF06F0078FF0EF0AF
:10A770006F0078FF0FF06F0078FF10F00950030BA7
:10A780000A6E0B6A0D0E0A24D96E000E0B20DA6ECB
:10A79000DF5014EFD4F00C0E0960D1EFD3F0D3EFFB
:10A7A000D3F00DEFD4F0040E0960D9EFD3F0DBEF56
:10A7B000D3F0E9EFD3F0600040F60DF0600044F60E
:10A7C0000EF0600048F60FF060004CF610F0BEEF9F
:10A7D000D3F0080E0960EFEFD3F0F1EFD3F0FFEF05
:10A7E000D3F06000E4F70DF06000E8F70EF06000D1
:10A7F000ECF70FF06000F0F710F0BEEFD3F0600060
:10A80000D4F70DF06000D8F70EF06000DCF70FF021
:10A810006000E0F710F0BEEFD3F0D20E0924D96E3D
:10A82000DA6A020EDA22DF501200390196A71BEF16
:10A83000D4F01DEFD4F034EFD4F0A6A722EFD4F07B
:10A8400024EFD4F034EFD4F002D832EFD4F0050086
:10A85000FA6E0301F551FD6EF651FE6EF751FF6E73
:10A86000FA501200A0EFD4F096A539EFD4F03BEFE8
:10A87000D4F052EFD4F0A6A540EFD4F042EFD4F0DC
:10A8800052EFD4F002D850EFD4F00500FA6E030175
:10A89000F851FD6EF951FE6EFA51FF6EFA5012003A
:10A8A000A0EFD4F093A957EFD4F059EFD4F070EFA4
:10A8B000D4F0A3A95EEFD4F060EFD4F070EFD4F041
:10A8C00002D86EEFD4F00500FA6E0301EF51FD6E71
:10A8D000F051FE6EF151FF6EFA501200A0EFD4F06D
:10A8E00093A775EFD4F077EFD4F08EEFD4F0A3A751
:10A8F0007CEFD4F07EEFD4F08EEFD4F002D88CEF62
:10A90000D4F00500FA6E0301F251FD6EF351FE6EB4
:10A91000F451FF6EFA501200A0EFD4F093AF93EF12
:10A92000D4F095EFD4F0A0EFD4F0A3AF9AEFD4F029
:10A930009CEFD4F0A0EFD4F0FCECEAF0A0EFD4F060
:10A94000110040344134476E4750D8A4AAEFD4F0E8
:10A95000ACEFD4F0B6EFD4F0000E3E6E000E3F6EBA
:10A96000000E406E000E416E2BEFD5F06000F8F047
:10A9700042F06000FCF043F0600000F144F0600041
:10A9800004F145F0200ECAEFD4F0D890453244329D
:10A9900043324232E82EC5EFD4F04250466E408E2C
:10A9A000FF0E3E16FF0E3F16FF0E4016000E41161C
:10A9B000960E475E47BEE1EFD4F0DFEFD4F0F7EF3D
:10A9C000D4F04750800A970FD8B0E9EFD4F0EBEFFE
:10A9D000D4F0EDEFD4F0ACEFD4F0D8904132403267
:10A9E0003F323E32473EEDEFD4F00FEFD5F01F0E71
:10A9F0004764FDEFD4F0FFEFD4F007EFD5F0ACEFF4
:10AA0000D4F0D8903E363F36403641364706475060
:10AA1000D8A40DEFD5F00FEFD5F001EFD5F04650EB
:10AA2000D8B415EFD5F017EFD5F01FEFD5F0411ED4
:10AA3000401E3F1E3E6C000E3F224022412260001D
:10AA4000F8F03EF06000FCF03FF0600000F140F0F4
:10AA5000600004F141F01200000E0001E06F010EF1
:10AA6000E16FAA0EE26FFF0EE36F600080F8E4F082
:10AA7000600084F8E5F0600088F8E6F060008CF88B
:10AA8000E7F0F6ECE6F0A60E056EFF0E066E3BEC68
:10AA9000E3F0000E056E010E066E3BECE3F02C0EAB
:10AAA0000CECE6F00101B251B35D080F070B0E6F1D
:10AAB000000E0C6FA1EFD5F00C51D8B462EFD5F0B9
:10AAC00064EFD5F067EFD5F03B0E0CECE6F0000E2E
:10AAD00001010D6F86EFD5F00E51100D000E000133
:10AAE000F46F0A0EF56FF350F427F450F5230101CB
:10AAF0000D510001F425D96E0101000E0001F52170
:10AB0000DA6EDF50E4ECE8F001010D2B2E0E0E257D
:10AB1000D96EDA6A030EDA22DE500D5DD8A093EF0B
:10AB2000D5F095EFD5F06CEFD5F00E2B070E0E6536
:10AB30009CEFD5F09EEFD5F0A0EFD5F0000E0E6F94
:10AB40000C2BB2510C5DD8A0A8EFD5F0AAEFD5F030
:10AB50005CEFD5F0230E0CECE6F01200000E2E1484
:10AB6000366E000E2F14376E800E3014386E7F0E46
:10AB70003114396E3650371038103910D8A4C3EF5D
:10AB8000D5F0C5EFD5F0CDEFD5F0000E2E6E000E4E
:10AB90002F6E000E306E000E316E000E3214366EC7
:10ABA000000E3314376E800E3414386E7F0E351459
:10ABB000396E3650371038103910D8A4E2EFD5F07E
:10ABC000E4EFD5F0ECEFD5F0000E326E000E336EF0
:10ABD000000E346E000E356E31AEF1EFD5F0F3EFAE
:10ABE000D5F0FCEFD5F02E6C2F1ED8B02F2A301EDA
:10ABF000D8B0302A800E315635AE01EFD6F003EFD3
:10AC0000D6F00CEFD6F0326C331ED8B0332A341E97
:10AC1000D8B0342A800E3556000E2E1A000E2F1A88
:10AC2000000E301A800E311A000E321A000E331A3E
:10AC3000000E341A800E351A32502E5C33502F58C5
:10AC40003450305835503158D8B029EFD6F02BEF6A
:10AC5000D6F02EEFD6F0D8902FEFD6F0D880120095
:10AC600020EE11F0070EDE6AE806FDE209500A1038
:10AC70000B100C100D100E100F101010D8B443EF65
:10AC8000D6F045EFD6F097EFD6F0010E196E53EFE0
:10AC9000D6F0D89009360A360B360C360D360E36FD
:10ACA0000F361036192A10AE58EFD6F05AEFD6F0FC
:10ACB00049EFD6F0D89011361236133614361536C1
:10ACC0001636173618360950015C0A5002580B50D8
:10ACD00003580C5004580D5005580E5006580F508C
:10ACE000075810500858D8A078EFD6F07AEFD6F071
:10ACF0008BEFD6F00950015E0A50025A0B50035AEE
:10AD00000C50045A0D50055A0E50065A0F50075A4F
:10AD10001050085A1180D89010320F320E320D3276
:10AD20000C320B320A320932192E5AEFD6F060007B
:10AD300044F001F0600048F002F060004CF003F0D5
:10AD4000600050F004F0600054F005F0600058F02E
:10AD500006F060005CF007F0600060F008F01200A0
:10AD6000280EF66ED80EF76E010EF86E01EECFF0DB
:10AD700010EE1EF009006F00D7FFEEFFE550E15026
:10AD8000F9E1560EF66EDB0EF76E010EF86E00EE70
:10AD9000FAF210EE04F009006F00D7FFEEFFE55065
:10ADA000E150F9E1E20EF66EDA0EF76E010EF86E82
:10ADB00000EEF5F110EE08F009006F00D7FFEEFF8E
:10ADC000E550E150F9E102EE00F2800EEE6AE8068D
:10ADD000FDE102EE00F1C00EEE6AE806FDE102EED2
:10ADE00000F0A40EEE6AE806FDE101EE00F3E80EC5
:10ADF000EE6AE806FDE101EE00F2F00EEE6AE8060A
:10AE0000FDE101EE00F110EE00F1EE6AE550E150D7
:10AE1000FCE1E250FAE101EE00F0CF0EEE6AE80646
:10AE2000FDE100EE00F3DA0EEE6AE806FDE100EE69
:10AE300000F2FA0EEE6AE806FDE100EE7FF1760E12
:10AE4000EE6AE806FDE1080ED56E000ED66E000E25
:10AE5000D76E000117EFEBF0750E0C6EFF0E0D6E46
:10AE600022ECEDF0010E186EEE0E176E200E196E2C
:10AE7000000E1A6E42ECDEF00009D8B442EFD7F0B3
:10AE800044EFD7F09AEFD7F02050D8B44AEFD7F07C
:10AE90004CEFD7F09AEFD7F00D0E206052EFD7F0BD
:10AEA00054EFD7F09AEFD7F0010E306E6CEFD7F079
:10AEB000200E3024D96EDA6A000EDA22DF50FCEC64
:10AEC000E7F00009D8A467EFD7F069EFD7F06BEF90
:10AED000D7F075EFD7F0302A3050205CD8B073EF40
:10AEE000D7F075EFD7F058EFD7F03050205CD8B0DE
:10AEF0007CEFD7F07EEFD7F09AEFD7F0010E306EEF
:10AF00008CEFD7F0200E3024D96EDA6A000EDA22E8
:10AF1000DF500CECE6F0302A3050205CD8B093EFD4
:10AF2000D7F095EFD7F082EFD7F0230E0CECE6F0D8
:10AF3000A0EFD7F0590E0C6EFF0E0D6E22ECEDF067
:10AF40001200C594C596C598C59AC59CC59ED29E4B
:10AF5000680E086EE40EE82EFED7082EFCD700D04F
:10AF6000D28E030E6BECEDF0D29E1A0E086EF80E28
:10AF7000E82EFED7082EFCD700D0D28E030E6BEC45
:10AF8000EDF0D29EA00E00D0E82EFDD7D28E030E9B
:10AF90006BECEDF0D29EA00E00D0E82EFDD7D28E45
:10AFA000020E6BECEDF0D29EA00E00D0E82EFDD785
:10AFB000D28E020E6BECEDF0080E6BECEDF0D29E33
:10AFC000420EE82EFED700D0D28E000E6BECEDF0D4
:10AFD000080E6BECEDF0D29E1A0E086EF80EE82EFD
:10AFE000FED7082EFCD700D0D28EF2ECEBF0000E8C
:10AFF0006BECEDF0060E6BECEDF0D29E420EE82EFF
:10B00000FED700D0D28E000E6BECEDF00C0E6BEC88
:10B01000EDF0D29E420EE82EFED700D0D28E010E69
:10B02000036E010E74ECE8F012005AEFD8F0BD8206
:10B03000500EE0ECEAF001240201A46F000E0220A1
:10B04000A56F000E0320A66F000E0420A76F6000FE
:10B0500027F0D9FF60002BF0DAFF340EDE6E000E11
:10B06000DD6EE0ECEAF001500201A45D0250A5594A
:10B070000350A6590450A759D8A041EFD8F043EF88
:10B08000D8F049EFD8F0000E0A6E000E096E86EF78
:10B09000D8F0BD92600027F0D9FF60002BF0DAFFF6
:10B0A000000EDE6E000EDD6E000E0A6E020E096EE0
:10B0B00086EFD8F0600027F0D9FF60002BF0DAFFB0
:10B0C0006F0078FF0BF06F0074FF0CF00C50000A5B
:10B0D000D8B46DEFD8F078EFD8F00B50000AD8B4A0
:10B0E00017EFD8F0340AD8B431EFD8F078EFD8F0B1
:10B0F000600027F0D9FF60002BF0DAFF000EDE6E53
:10B10000000EDD6E000E0A6E030E096E12000101C4
:10B1100098A18DEFD8F08FEFD8F09DEFD8F06000B8
:10B120004CF00AF0600050F00BF0600044F00CF0BE
:10B13000600048F00DF0BFECE8F016BEA2EFD8F0CA
:10B14000A4EFD8F0ACEFD8F0600054F01AF0600033
:10B1500058F01BF0B0EFD8F0000E1B6E000E1A6E08
:10B16000000E196E000E186EC4EFD8F0000E026EBD
:10B17000200E016E600044F003F0600048F004F01F
:10B18000B1ECDAF0184A192A1A50185C1950800AE2
:10B19000176E1B50800A1758D8A0D1EFD8F0D3EF04
:10B1A000D8F0B6EFD8F0010198B1D9EFD8F0DBEFC5
:10B1B000D8F0E9EFD8F060004CF00AF0600050F0F1
:10B1C0000BF0600044F00CF0600048F00DF0BFECB4
:10B1D000E8F060004CF001F0600050F002F09AECF2
:10B1E000E6F01A500124116E1B500220126E12005C
:10B1F00009500A100B100C100D100E100F1010102B
:10B20000D8B405EFD9F007EFD9F04FEFD9F0010E20
:10B21000116E15EFD9F0D89009360A360B360C3678
:10B220000D360E360F361036112A10AE1AEFD9F041
:10B230001CEFD9F00BEFD9F00950015C0A5002580D
:10B240000B5003580C5004580D5005580E5006581A
:10B250000F50075810500858D8A031EFD9F033EFED
:10B26000D9F043EFD9F00950015E0A50025A0B5051
:10B27000035A0C50045A0D50055A0E50065A0F50DE
:10B28000075A1050085AD89010320F320E320D3231
:10B290000C320B320A320932112E1CEFD9F0600049
:10B2A00004F001F0600008F002F060000CF003F020
:10B2B000600010F004F0600014F005F0600018F079
:10B2C00006F060001CF007F0600020F008F01200AB
:10B2D000E40E015C070E0258D8A071EFD9F073EFAD
:10B2E000D9F096EFD9F0340E015C080E0258D8B0B0
:10B2F0007CEFD9F07EEFD9F096EFD9F00350D8B4B7
:10B3000084EFD9F086EFD9F096EFD9F00D0E0360F7
:10B310008CEFD9F08EEFD9F096EFD9F00450D8A485
:10B3200094EFD9F096EFD9F099EFD9F0000ED6EF5F
:10B33000D9F0FF0E056EFF0E066E0350076E086A09
:10B340000550072606500822150E0724F66EFD0E3E
:10B350000820F76EF86A000EF82208006F00D4FF8C
:10B3600009F0020E0318D8A4B8EFD9F0BAEFD9F05B
:10B37000CBEFD9F0030E0114056E000E0214066E19
:10B3800005500610D8A4C7EFD9F0C9EFD9F0CBEF1C
:10B39000D9F01D0E096E0450095CD8B0D2EFD9F077
:10B3A000D5EFD9F0010ED6EFD9F0000E12006000F3
:10B3B0000BF2D9FF60000FF2DAFFDF50D8A4E3EF01
:10B3C000D9F0E5EFD9F0E8EFD9F0000E43EFDAF06D
:10B3D000600008F25BF060000CF25CF08A0E5D6EBB
:10B3E000000E5E6E00EC80F060006CF186F0600094
:10B3F00070F187F0600074F188F0600078F189F0F6
:10B40000000182518A1909E183518B19D8B40BEFDD
:10B41000DAF00DEFDAF0E5EFD9F060002BF2D9FFAA
:10B4200060002FF2DAFFDF50D8B419EFDAF01BEF2B
:10B43000DAF01DEFDAF0E5EFD9F089517F0B7F0AE2
:10B44000D8A425EFDAF027EFDAF030EFDAF088AFA2
:10B450002CEFDAF02EEFDAF030EFDAF0E5EFD9F09A
:10B46000600013F2D9FF600017F2DAFF60001BF2F0
:10B47000DEFF60001FF2DEFF600023F2DEFF6000EF
:10B4800027F2DEFF010E120088EFDAF0C80EE0ECC2
:10B49000EAF001240201306F000E0220316F000E2D
:10B4A0000320326F000E0420336F600027F0D9FFB5
:10B4B00060002BF0DAFF0C0EDE6E000EDD6EE0ECAD
:10B4C000EAF002013051015C315102583251035807
:10B4D00033510458D8B06FEFDAF071EFDAF073EF50
:10B4E000DAF0B0EFDAF0BCBC78EFDAF07BEFDAF04C
:10B4F000010E7CEFDAF0000EFF0A0B6E0B3A0B46E2
:10B500000B46BC500B18BF0B0B18BC6E46EFDAF0A5
:10B51000600027F0D9FF60002BF0DAFF6F0078FFA2
:10B520000BF06F0074FF0CF00C50000AD8B49BEFC6
:10B53000DAF0A6EFDAF00B50000AD8B446EFDAF0F2
:10B540000C0AD8B45FEFDAF0A6EFDAF0600027F06B
:10B55000D9FF60002BF0DAFF000EDE6E000EDD6E0C
:10B56000120003500410D8B4B8EFDAF0BAEFDAF0F2
:10B57000C3EFDAF003500410D8A4C1EFDAF0C3EF40
:10B58000DAF0C8EFDAF00150AFECEDF01CEFDBF0D1
:10B5900020EE04F00350D9260450DA22DE50DE10EB
:10B5A000D8B4D5EFDAF0D7EFDAF0F2EFDAF020EE38
:10B5B00004F00350D9260450DA2210EE02F00350B2
:10B5C000E1260450E222DE50E65CE650800A096E75
:10B5D000DE50800A0958D8B0F0EFDAF0F2EFDAF076
:10B5E0001CEFDBF020EE02F00350D9260450DA22E3
:10B5F0006F0078FF05F06F0074FF06F060000FF039
:10B60000D9FF600013F0DAFF6F0078FF07F06F00DA
:10B6100074FF08F005500724D96E06500820DA6E32
:10B62000600007F0DFFF20EE02F00350D92604503F
:10B63000DA22DE2A000EDD2212005AEFDBF0600073
:10B640003FF0D9FF600043F0DAFF980EDE6E000E87
:10B65000DD6E5AECECF00009D8A431EFDBF033EFEB
:10B66000DBF035EFDBF086EFDBF0000E0201ED6F73
:10B67000000EEC6F60003FF0D9FF600043F0DAFF8E
:10B68000990EDE6E000EDD6EEC0E0A6E020E0B6E73
:10B690002DECE2F00BBE58EFDBF00B5007E1020E91
:10B6A0000A5CD8B056EFDBF058EFDBF01FEFDBF0B1
:10B6B00086EFDBF060003FF0D9FF600043F0DAFF77
:10B6C0006F0078FF11F06F0074FF12F01250000A43
:10B6D000D8B46DEFDBF07CEFDBF01150000AD8B48A
:10B6E0001FEFDBF0980AD8B429EFDBF0010AD8B4D9
:10B6F00044EFDBF07CEFDBF060003FF0D9FF60004F
:10B7000043F0DAFF000EDE6E000EDD6E1200C4EFB5
:10B71000DBF060002FF0D9FF600033F0DAFFAA0EF3
:10B72000DE6E000EDD6E66ECECF00009D8A49BEF37
:10B73000DBF09DEFDBF09FEFDBF0F0EFDBF0000ED6
:10B740000201E96F000EE86F60002FF0D9FF600082
:10B7500033F0DAFFAB0EDE6E000EDD6EE80E066E25
:10B76000020E076E46ECE1F007BEC2EFDBF00750B9
:10B7700007E1020E065CD8B0C0EFDBF0C2EFDBF0F1
:10B7800089EFDBF0F0EFDBF060002FF0D9FF600015
:10B7900033F0DAFF6F0078FF0DF06F0074FF0EF0EA
:10B7A0000E50000AD8B4D7EFDBF0E6EFDBF00D5017
:10B7B000000AD8B489EFDBF0AA0AD8B493EFDBF023
:10B7C000010AD8B4AEEFDBF0E6EFDBF060002FF05B
:10B7D000D9FF600033F0DAFF000EDE6E000EDD6E82
:10B7E0001200000E0101D025D96EDA6A070EDA22A6
:10B7F000000EDF6E3D01E1A700EFDCF002EFDCF0B0
:10B8000019EFDCF0000E0101D025D96EDA6A070EBF
:10B81000DA220701DF8202D819EFDCF00500FA6EA8
:10B820000301E351FD6EE451FE6EE551FF6EFA50E7
:10B8300012003D01E1A31FEFDCF021EFDCF038EF57
:10B84000DCF0000E0101D025D96EDA6A070EDA228B
:10B850000701DF8402D838EFDCF00500FA6E03013F
:10B86000E051FD6EE151FE6EE251FF6EFA501200A2
:10B87000000E0101D025D96EDA6A070EDA22DF50F8
:10B88000D8B445EFDCF047EFDCF057EFDCF002D83E
:10B8900055EFDCF00500FA6E0301DD51FD6EDE515F
:10B8A000FE6EDF51FF6EFA50120059EFDCF075ECBE
:10B8B000EBF01200400E0101D625D96EDA6A070EB0
:10B8C000DA22000EDF6E3D01F9A769EFDCF06BEFC5
:10B8D000DCF082EFDCF0400E0101D625D96EDA6A89
:10B8E000070EDA220701DF8202D882EFDCF00500C2
:10B8F000FA6E0301EC51FD6EED51FE6EEE51FF6EDE
:10B90000FA5012003D01F9A388EFDCF08AEFDCF079
:10B91000A1EFDCF0400E0101D625D96EDA6A070EE0
:10B92000DA220701DF8402D8A1EFDCF00500FA6E0D
:10B930000301E951FD6EEA51FE6EEB51FF6EFA50C4
:10B940001200400E0101D625D96EDA6A070EDA22FE
:10B95000DF50D8B4AEEFDCF0B0EFDCF0C0EFDCF0DD
:10B9600002D8BEEFDCF00500FA6E0301E651FD6E71
:10B97000E751FE6EE851FF6EFA501200C2EFDCF0A4
:10B980008CECEBF01200000E066E04BECCEFDCF087
:10B99000CAEFDCF0D2EFDCF0036C041ED8B0042A4E
:10B9A000010E066E02BED9EFDCF0D7EFDCF0DFEF60
:10B9B000DCF0016C021ED8B0022A010E061A000E3D
:10B9C000086E000E076E03500410D8B4EAEFDCF0E6
:10B9D000ECEFDCF014EFDDF0010E056EF4EFDCF0BF
:10B9E000D89003360436052A04AEF9EFDCF0FBEFFD
:10B9F000DCF0F0EFDCF0D890073608360350015C3D
:10BA000004500258D8A007EFDDF009EFDDF00EEF8B
:10BA1000DDF00350015E0450025A0780D8900432D2
:10BA20000332052EFBEFDCF00650D8B41AEFDDF040
:10BA30001CEFDDF020EFDDF0076C081ED8B0082AFF
:10BA400060001CF001F0600020F002F01200700EA7
:10BA50000C6EFF0E0D6E22ECEDF0020E186E000E55
:10BA6000176E0C0E196E010E1A6E42ECDEF0000914
:10BA7000D8B43DEFDDF03FEFDDF083EFDDF0010105
:10BA80000D510001F46F01010C511C6F6000D0F3E7
:10BA90001DF1600070F401F0600074F402F06000C9
:10BAA00038F403F060003CF404F068ECD9F00009CD
:10BAB000D8B45DEFDDF05FEFDDF083EFDDF0000E79
:10BAC0000001E06F010EE16F460EE26FFE0EE36FC4
:10BAD000600070F4E4F0600074F4E5F0600038F4A5
:10BAE000E6F0E76B60003CF4E8F0E96BF6ECE6F0BA
:10BAF000000E056E010E066E3BECE3F0230E0CEC1F
:10BB0000E6F089EFDDF0590E0C6EFF0E0D6E22ECA3
:10BB1000EDF0120039019397B40E016EB80E026E6B
:10BB2000010E036EF0ECECF039019399580E016EA2
:10BB3000D20E026E010E036EE6ECECF0000E3D013B
:10BB4000EC6F000EED6F000EEE6F000EEF6F000E4B
:10BB5000F06F000EF16FB00EF26F800EF36F000EFB
:10BB6000F46FA00EF56F010EF66F000EF76F000E6A
:10BB7000F86F000EF96F000EFA6F660E016EDB0EA5
:10BB8000026E010E036E04ECEDF0640E016EDB0E2E
:10BB9000026E010E036EFAECECF0500E016EDB0E3D
:10BBA000026E010E036E0EECEDF0000E0101D36F7C
:10BBB000000ED86F000ED76F100EFE6F000ED66FFE
:10BBC000000ED56F000ED46F390193871200196EE5
:10BBD0001D681E681950120D6F00CCFF17F06F0022
:10BBE000D0FF18F0040E17241B6E010E18201C6ED7
:10BBF000000E1F6E600074F011F0600078F012F01B
:10BC00001F501B24016E000E1C20026E23ECECF072
:10BC1000136ED8ECE4F0600044F01DF0600048F0D2
:10BC20001EF01F2A0F0E1F6418EFDEF01AEFDEF071
:10BC3000FAEFDDF0000E1A6E100E1B24016E000EDE
:10BC40001C20026E23ECECF01D18D8A42AEFDEF0C5
:10BC50002CEFDEF040EFDEF0110E1B24016E000E23
:10BC60001C20026E23ECECF0176E1E501718D8A49F
:10BC70003CEFDEF03EEFDEF040EFDEF0010E1A6E3C
:10BC80001A5012001D681E68000E1F6E1F501924E6
:10BC9000D96E000E1A20DA6E1F501724016E000EA6
:10BCA0001820026E23ECECF0DF6E600074F011F0EF
:10BCB000600078F012F01F501924D96E000E1A207F
:10BCC000DA6EDF50136ED8ECE4F0600044F01DF043
:10BCD000600048F01EF01F2A0F0E1F6472EFDEF0A6
:10BCE00074EFDEF046EFDEF0000E1C6E100E17242F
:10BCF000016E000E1820026E23ECECF01D18D8A483
:10BD000084EFDEF086EFDEF09AEFDEF0110E1724FE
:10BD1000016E000E1820026E23ECECF01B6E1E501C
:10BD20001B18D8A496EFDEF098EFDEF09AEFDEF065
:10BD3000010E1C6E1C501200000E066E02BEA5EF16
:10BD4000DEF0A3EFDEF0ABEFDEF0016C021ED8B048
:10BD5000022A010E066E04BEB2EFDEF0B0EFDEF096
:10BD6000B6EFDEF0036C041ED8B0042A03500410B2
:10BD7000D8B4BDEFDEF0BFEFDEF0E3EFDEF0010E92
:10BD8000056EC7EFDEF0D89003360436052A04AE00
:10BD9000CCEFDEF0CEEFDEF0C3EFDEF00350015C5F
:10BDA00004500258D8A0D7EFDEF0D9EFDEF0DDEF77
:10BDB000DEF00350015E0450025AD8900432033280
:10BDC000052ECEEFDEF00650D8B4E9EFDEF0EBEF53
:10BDD000DEF0EFEFDEF0016C021ED8B0022A600048
:10BDE00004F001F0600008F002F01200600004F0BE
:10BDF00009F0600008F00AF060000CF00BF0600041
:10BE000010F00CF00BEFDFF00506D8A00606094A8B
:10BE10000A2A0B4A0C2A05500610D8B412EFDFF09C
:10BE200014EFDFF029EFDFF060002FF0D9FF6000A2
:10BE300033F0DAFF600027F0E1FF60002BF0E2FF53
:10BE4000DE50E618D8B427EFDFF029EFDFF004EF7B
:10BE5000DFF005500610D8A430EFDFF032EFDFF04E
:10BE600038EFDFF0000E026E000E016E4EEFDFF0D5
:10BE7000600027F0D9FF60002BF0DAFFDF50076E7B
:10BE800060002FF0D9FF600033F0DAFFDF50086E5A
:10BE90000850075C016E026AD8A002061200390140
:10BEA0009695E20E016EB70E026E010E036EBEECA9
:10BEB000ECF039019697100E016ED20E026E010E53
:10BEC000036EB4ECECF0000E3D01D46F000ED66FA3
:10BED000000ED86FB00EDA6F800EDB6F000EDC6FD5
:10BEE000A00EDD6F010EDE6F000EDF6F000EE06F43
:10BEF000000EE16F000EE26F620E016EDB0E026E4D
:10BF0000010E036ED2ECECF0600E016EDB0E026EE1
:10BF1000010E036EC8ECECF04A0E016EDB0E026EF1
:10BF2000010E036EDCECECF0000E0101CD6F000E93
:10BF3000D26F000ED16F200EFD6F000ED06F000E7D
:10BF4000CF6F000ECE6F390196851200000EBE6EC7
:10BF5000000EBD6E000EBA6E000EBB6E000EBC6E03
:10BF6000030EC66EC268FE0EC36E810EC46E000E56
:10BF7000C56E000E3A01706F300E606FFC0E506F90
:10BF8000040E806F4069010E716F030E816F000E09
:10BF9000516F000E416F800E616F000E5A6F000EE0
:10BFA0005B6F000E6A6F000E6B6F000E7A6F000EF3
:10BFB0007B6F000E826F000E426F000E526F000EFC
:10BFC000626F000E726F4369536963697369070E8C
:10BFD000836F44695469646974690F0E846F090E34
:10BFE000E86F160E086F130E116F0F0E146F0D0E03
:10BFF000156F100EE56F1200000E0114096E000E91
:10C0000002140A6E800E03140B6E7F0E04140C6E65
:10C0100009500A100B100C10D8A411EFE0F013EF28
:10C02000E0F01BEFE0F0000E016E000E026E000E5D
:10C03000036E000E046E000E0514096E000E061449
:10C040000A6E800E07140B6E7F0E08140C6E0950DA
:10C050000A100B100C10D8A430EFE0F032EFE0F033
:10C060003AEFE0F0000E056E000E066E000E076E51
:10C07000000E086E055001180FE1065002180CE181
:10C080000750031809E108500418D8B44AEFE0F04B
:10C090004CEFE0F04FEFE0F0D89050EFE0F0D880B8
:10C0A00012000101BC51D8B458EFE0F05AEFE0F0B3
:10C0B0006BEFE0F0400E0001F86F080EF96F6000C2
:10C0C000F4F6FAF05AEC89F0000E0101BD6F000E93
:10C0D000BC6FA4EFE0F0BD51D8A471EFE0F073EFB6
:10C0E000E0F07BEFE0F0BB51D8B479EFE0F07BEF0C
:10C0F000E0F0A4EFE0F0E0ECEAF002012851015C8E
:10C100000001FB6F0201295102580001FC6F02017E
:10C110002A5103580001FD6F02012B510458000100
:10C12000FE6FFE51FD110BE1D10EFB5D070EFC59B8
:10C13000D8A09DEFE0F09FEFE0F0A4EFE0F0000E5C
:10C140000101BD6F000EBB6F1200000E2E6E000EBF
:10C150002F6E160E306E440E316E600088F132F094
:10C1600060008CF133F0600090F134F0600094F1E5
:10C1700035F0AEECD5F0D8B0C0EFE0F0C2EFE0F0B3
:10C18000F5EFE0F0600088F12EF060008CF12FF008
:10C19000600090F130F0600094F131F0000E326EEA
:10C1A000600E336E860E346E450E356EAEECD5F0F5
:10C1B000D8B0DDEFE0F0DFEFE0F0F5EFE0F06000A9
:10C1C00080F13EF0600084F13FF0600088F140F0C3
:10C1D00060008CF141F0600090F142F0600094F159
:10C1E00043F0E2ECBDF0F6EFE0F0010E1200BFEC20
:10C1F000C9F00009D8B4FFEFE0F001EFE1F009EF7A
:10C20000E1F06B0E0C6EFF0E0D6E22ECEDF045EFC3
:10C21000E1F0400E016E050E026E000E036E090E77
:10C22000046E000E066EC00E056E7AECE3F000C2DE
:10C2300090F101C291F102C292F103C293F104C2E2
:10C24000F9F105C2FAF106C2FBF107C2FCF108C21E
:10C25000F5F109C2F6F10AC2F7F10BC2F8F1DE0EF0
:10C26000016E020E026ED60E036E030E046E000EF9
:10C27000066E040E056E7AECE3F0BFECC9F09E0E7C
:10C280000C6EFE0E0D6E22ECEDF012006CEFE1F084
:10C29000680E086EE40EE82EFED7082EFCD700D0FC
:10C2A00066ECECF00009D8B458EFE1F05AEFE1F099
:10C2B0005CEFE1F073ECE9F060001BF0D9FF600087
:10C2C0001FF0DAFF000EDE6E000EDD6E000E076E50
:10C2D000020E066E94EFE1F060001BF0D9FF6000E3
:10C2E0001FF0DAFF6F0078FF08F06F0074FF09F0AD
:10C2F0000950000AD8B47FEFE1F086EFE1F0085072
:10C30000000AD8B448EFE1F086EFE1F060001BF0DE
:10C31000D9FF60001FF0DAFF000EDE6E000EDD6E4A
:10C32000000E076E030E066E12006000E8F02EF09D
:10C330006000ECF02FF06000F0F030F06000F4F0FE
:10C3400031F0000E326E000E336E960E346E420ED9
:10C35000356EAEECD5F0D8A0B0EFE1F0B2EFE1F081
:10C36000CFEFE1F0000E2E6E800E2F6E3B0E306E82
:10C37000450E316E6000E8F032F06000ECF033F012
:10C380006000F0F034F06000F4F035F0AEECD5F081
:10C39000D8B0CDEFE1F0CFEFE1F0D7EFE1F0000E54
:10C3A0003A6E000E3B6E000E3C6E000E3D6E60005D
:10C3B000E8F03AF06000ECF03BF06000F0F03CF0A8
:10C3C0006000F4F03DF01200600007F0D9FF60005B
:10C3D0000BF0DAFFDF50D8B4F0EFE1F0F2EFE1F06C
:10C3E00000EFE2F020EE01F00150D9260250DA22EF
:10C3F000DF50D8B4FEEFE1F000EFE2F003EFE2F03F
:10C40000FF0E2CEFE2F0000E046E600007F0D9FF83
:10C4100060000BF0DAFF210E0424F66EF76AFD0EC1
:10C42000F722F86A000EF822DE500900F518D8A4A9
:10C430001CEFE2F01EEFE2F021EFE2F004502CEFEF
:10C44000E2F0042A0B0E046428EFE2F02AEFE2F097
:10C4500005EFE2F000EFE2F012004BEFE2F05AECF1
:10C46000ECF00009D8B437EFE2F039EFE2F03BEF3F
:10C47000E2F026ECCFF060002BF0D9FF60002FF047
:10C48000DAFF000EDE6E000EDD6E000E0B6E020E89
:10C490000A6E73EFE2F060002BF0D9FF60002FF01E
:10C4A000DAFF6F0078FF0CF06F0074FF0DF00D5095
:10C4B000000AD8B45EEFE2F065EFE2F00C50000A3B
:10C4C000D8B42FEFE2F065EFE2F060002BF0D9FF77
:10C4D00060002FF0DAFF000EDE6E000EDD6E000E43
:10C4E0000B6E030E0A6E12007AEFE2F0014A022A86
:10C4F000034A042A600007F0D9FF60000BF0DAFF5E
:10C50000DF50056E60000FF0F6FF600013F0F7FFDC
:10C51000000EF86E0800F5500518D8A492EFE2F06E
:10C5200094EFE2F0A2EFE2F0600007F0D9FF6000C4
:10C530000BF0DAFFDF50D8A4A0EFE2F0A2EFE2F0B8
:10C5400076EFE2F0600007F0D9FF60000BF0DAFF51
:10C55000DF50056E60000FF0F6FF600013F0F7FF8C
:10C56000000EF86E0800F550055C016E026AD8A056
:10C5700002061200600068F3DEF060006CF3DFF08A
:10C58000000E0201B76F000EB66FE2EFE2F060003E
:10C5900060F3B4F0600064F3B5F0DE0E0001B66F36
:10C5A000000EB76F600070F3B8F0600074F3B9F07C
:10C5B0002CEC98F00001B4510201B6270001B551EE
:10C5C0000201B72360007BF3F6FF60007FF3F7FF03
:10C5D000000EF86E0800F5500009D8A4F2EFE2F062
:10C5E000F4EFE2F0C7EFE2F06000D8FAD8F06000B4
:10C5F000DCFAD9F01200600014F001F0600018F0CD
:10C6000002F09AECE6F0040E01180210D8B40BEF19
:10C61000E3F00DEFE3F010EFE3F0000E3AEFE3F09C
:10C62000000E086E08500524D96E000E0620DA6E42
:10C630002F0EDF641EEFE3F020EFE3F00DEFE3F0E9
:10C6400008500524D96E000E0620DA6E390EDF641C
:10C650002CEFE3F02EEFE3F030EFE3F00DEFE3F03B
:10C66000082A030E086437EFE3F039EFE3F012EF26
:10C67000E3F0010E1200600014F001F0600018F009
:10C6800002F09AECE6F0600004F009F0600008F0B7
:10C690000AF0000E0B6E6BEFE3F00B500524076EF3
:10C6A000000E0620086E60001FF0F6FF600023F009
:10C6B000F7FF000EF86E1F0EF76403D00800F55068
:10C6C00007D06F00DBFFE9FF6F00DFFFEAFFEF50ED
:10C6D0000CECE6F00B2A0B50076E086A0950075C59
:10C6E0000A500858D8A077EFE3F079EFE3F04DEF68
:10C6F000E3F0120060000CF009F0600010F00AF0A6
:10C70000600004F007F0600008F008F0ABEFE3F021
:10C71000600027F0F6FF60002BF0F7FF000EF86EC8
:10C720001F0EF76403D00800F55007D06F00DBFF41
:10C73000E9FF6F00DFFFEAFFEF500B6E094A0A2A9C
:10C7400060001FF0D9FF600023F0DAFF60002FF0D7
:10C75000DFFF074A082A0506D8A00606052806E1D5
:10C760000628D8A4B6EFE3F0B8EFE3F088EFE3F0E3
:10C770001200000E066E000E056E03500410D8B4B1
:10C78000C4EFE3F0C6EFE3F0EEEFE3F0010E076E67
:10C79000CEEFE3F0D89003360436072A04AED3EF89
:10C7A000E3F0D5EFE3F0CAEFE3F0D89005360636B4
:10C7B0000350015C04500258D8A0E1EFE3F0E3EF2E
:10C7C000E3F0E8EFE3F00350015E0450025A058005
:10C7D000D89004320332072ED5EFE3F0600014F056
:10C7E00001F0600018F002F01200010E076ED00E8A
:10C7F000036EFF0E046E600004F005F0600008F0A8
:10C8000006F00350052604500622065009E10A0EE0
:10C81000055CD8A00EEFE4F010EFE4F02BEFE4F0AD
:10C820009F0E036EFF0E046E200E0110056E000EAB
:10C830000210066E0350052604500622065009E138
:10C84000060E055CD8A027EFE4F029EFE4F02BEF0B
:10C85000E4F0000E076E60001CF001F0026A1200A6
:10C86000000E096E000E0A6E000E0B6E000E0C6EAE
:10C8700001A03DEFE4F03FEFE4F047EFE4F00550B6
:10C88000092606500A2207500B2208500C22D89085
:10C890000536063607360836D8900432033202329F
:10C8A00001320150021003100410D8A45AEFE4F032
:10C8B0005CEFE4F038EFE4F0600024F001F0600099
:10C8C00028F002F060002CF003F0600030F004F07B
:10C8D000120060001CF00BF0600020F00CF0600013
:10C8E00014F00DF0600018F00EF00B50096E0C50B3
:10C8F0000A6E0B4A0C2A600027F0F6FF60002BF04E
:10C90000F7FF000EF86E600037F0D9FF60003BF0D3
:10C91000DAFF0D4A0E2A1F0EF76403D00800F55007
:10C9200007D06F00DBFFE9FF6F00DFFFEAFFEF508A
:10C93000DF6EDF50D8A49FEFE4F0A1EFE4F075EFD5
:10C94000E4F01200016E01A0A8EFE4F0AAEFE4F019
:10C95000ADEFE4F0BD88AEEFE4F0BD9801A2B3EF17
:10C96000E4F0B5EFE4F0B8EFE4F0BD8AB9EFE4F03D
:10C97000BD9A01A4BEEFE4F0C0EFE4F0C3EFE4F031
:10C98000BD8CC4EFE4F0BD9C01A6C9EFE4F0CBEF91
:10C99000E4F0CEEFE4F0BD8ECFEFE4F0BD9EBD86B7
:10C9A000D29E850EE82EFED700F0D28EBD961200E4
:10C9B0001350156E146A1450111A1550121A000EE5
:10C9C000166E12AEE6EFE4F0E8EFE4F0F9EFE4F013
:10C9D000600044F014F0600048F015F0D890143670
:10C9E0001536210E1418116E100E1518126EFEEF6A
:10C9F000E4F0D8901134116E1234126E162A070E1C
:10CA0000166405EFE5F007EFE5F0E1EFE4F0600014
:10CA100044F011F0600048F012F01200000E016EB8
:10CA2000090E026E400E036E050E046E000E066EB9
:10CA3000C00E056E7AECE3F090C100F291C101F2F4
:10CA400092C102F293C103F2F9C104F2FAC105F2F4
:10CA5000FBC106F2FCC107F2F5C108F2F6C109F20A
:10CA6000F7C10AF2F8C10BF2D60E016E030E026E88
:10CA7000DE0E036E020E046E000E066E040E056ED0
:10CA80007AECE3F01200BF0E096EFF0E0A6E600032
:10CA90001CF00BF0600020F00CF009500B260A503F
:10CAA0000C220C500AE11A0E0B5CD8A05AEFE5F0EC
:10CAB0005DEFE5F0010E5EEFE5F0000E0D6E0E6A23
:10CAC0000D500E10D8B467EFE5F069EFE5F070EFA8
:10CAD000E5F0200E0710076E0850086E76EFE5F0BF
:10CAE00060001CF007F0600020F008F012009F0EBC
:10CAF000096EFF0E0A6E60001CF00BF0600020F063
:10CB00000CF009500B260A500C220C500AE11A0EA8
:10CB10000B5CD8A08EEFE5F091EFE5F0010E92EFFF
:10CB2000E5F0000E0D6E0E6A0D500E10D8B49BEF9E
:10CB3000E5F09DEFE5F0A3EFE5F05F0E0714076E5B
:10CB4000086AA9EFE5F060001CF007F0600020F033
:10CB500008F01200000E0F6E600034F001F060006B
:10CB600038F002F09AECE6F0040E01180210D8A496
:10CB7000BCEFE5F0BEEFE5F0D9EFE5F0600034F092
:10CB800001F0600038F002F0DE0E036E020E046E5B
:10CB9000000E066E040E056EF6ECDEF0015002107B
:10CBA000D8A4D5EFE5F0D7EFE5F0D9EFE5F0010E29
:10CBB0000F6E0F501200016E0101FD51D8B4E3EF6A
:10CBC000E5F0E5EFE5F0DCEFE5F0390196B7EBEFE6
:10CBD000E5F0EDEFE5F0F2EFE5F0600007F0D2FDF3
:10CBE00009EFE6F09697200E0101D225D96EDA6A98
:10CBF000050EDA22600007F0DFFFD22B1F0ED26590
:10CC000004EFE6F006EFE6F008EFE6F0000ED26F74
:10CC1000FD07390196871200016E0101FE51D8B45B
:10CC200014EFE6F016EFE6F00DEFE6F0390193B9F8
:10CC30001CEFE6F01EEFE6F023EFE6F0600007F0F1
:10CC4000EAFD3AEFE6F09399000E0101D825D96E7E
:10CC5000DA6A030EDA22600007F0DFFFD82B0F0E2E
:10CC6000D86535EFE6F037EFE6F039EFE6F0000E85
:10CC7000D86FFE07390193891200000E421A000E88
:10CC8000431A000E441A800E451A6000F8F02EF088
:10CC90006000FCF02FF0600000F130F0600004F163
:10CCA00031F0600008F132F060000CF133F0600008
:10CCB00010F134F0600014F135F0E0ECAEF06000FB
:10CCC000B8F03EF06000BCF03FF06000C0F040F013
:10CCD0006000C4F041F01200036E2E0E0101B32576
:10CCE000D96EDA6A030EDA22DF50046E100E046089
:10CCF0007CEFE6F07EEFE6F099EFE6F0B351100D31
:10CD0000000E016E0A0E026EF3500126F45002224C
:10CD100004500124D96E000E0220DA6E60000FF07C
:10CD2000DFFF2E0EB325D96EDA6A030EDA2204284D
:10CD3000DF6E1200600004F003F0600008F004F001
:10CD4000A4EFE6F0014A022A600007F0F6FF600057
:10CD50000BF0F7FF000EF86E1F0EF76403D008000B
:10CD6000F55007D06F00DBFFE9FF6F00DFFFEAFF40
:10CD7000EF500009D8A4BFEFE6F0C1EFE6F0A2EF54
:10CD8000E6F00350015C016E04500258026E12007E
:10CD9000000E3E01DE6F000EDF6F000EE06F000E32
:10CDA000E16F000EE46F000EE56F000EEA6F000EFB
:10CDB000EC6F000EF16F000EF36F000EF46F000EBB
:10CDC000F56F000EF66F000EF76F000EF96F020E92
:10CDD000FA6F000EFB6F000EFC6F020EFD6F000E6F
:10CDE000FE6F000EFF6F800EF86F1200E40E000160
:10CDF000EC6F000EED6F600080F3EEF0600084F3E6
:10CE0000EFF0000EF16F000EF06F000EF36F000EEA
:10CE1000F26FEE0ED86F000ED96F600088F3DAF073
:10CE200060008CF3DBF0EC0EDC6F000EDD6FBAEC13
:10CE3000E2F00001F051E025D96EF151E121DA6E06
:10CE4000000EDF6E12000101D451D8B42AEFE7F0D2
:10CE50002CEFE7F023EFE7F0400ED525D96EDA6A24
:10CE6000070EDA22DF50D36F800ED525D96EDA6A2D
:10CE7000070EDA22DF50016ED52B3F0ED56543EF4A
:10CE8000E7F045EFE7F047EFE7F0000ED56F390127
:10CE900093970101D40739019387015012000101D2
:10CEA000CE51D8B456EFE7F058EFE7F04FEFE7F088
:10CEB000000ECF25D96EDA6A070EDA22DF50CD6F69
:10CEC000000ECF25D96EDA6A080EDA22DF50016E25
:10CED000CF2B3F0ECF656FEFE7F071EFE7F073EF09
:10CEE000E7F0000ECF6F390196950101CE073901A9
:10CEF000968501501200010E076E200E01180210D7
:10CF0000D8B485EFE7F087EFE7F0A2EFE7F0F70E90
:10CF1000036EFF0E046E600004F005F0600008F080
:10CF200006F00350052604500622065009E1050EBE
:10CF3000055CD8A09EEFE7F0A0EFE7F0A2EFE7F0E6
:10CF4000000E076E60001CF001F0026A1200010181
:10CF5000B551D8B4AEEFE7F0B0EFE7F0D1EFE7F0BE
:10CF6000E0ECEAF002012451015C096E25510258FF
:10CF70000A6E265103580B6E275104580C6E0C5044
:10CF80000DE1C10E095C270E0A58090E0B58D8A0F6
:10CF9000CCEFE7F0CEEFE7F0D1EFE7F0000E0101C4
:10CFA000B56F1200196E1A681B68000E1C6E6000C7
:10CFB00068F011F060006CF012F0600070F009F0A1
:10CFC000195089ECD3F0136ED8ECE4F0600044F013
:10CFD0001AF0600048F01BF01C2A0F0E1C64F3EFDF
:10CFE000E7F0F5EFE7F0D7EFE7F0600068F017F053
:10CFF00060006CF018F01200026E000E016E1F0E41
:10D00000026405EFE8F007EFE8F023EFE8F07F0EA9
:10D0100002600DEFE8F00FEFE8F023EFE8F0230EE9
:10D020000218D8B416EFE8F018EFE8F023EFE8F0B4
:10D030002C0E0218D8B41FEFE8F021EFE8F023EF30
:10D04000E8F0010E016E01501200066E60001BF048
:10D05000F1FE3E01F88FF89DF881F8B132EFE8F06B
:10D0600034EFE8F02DEFE8F06F00BCFB03F0033A7B
:10D070000F0E0316F051046E056A043A053AF00EDD
:10D08000051604500F0B0512F00E0416035004246D
:10D09000016E000E0520026E1200000E0B6E070ED0
:10D0A0000B24D96EDA6A000EDA220B500324016ECB
:10D0B000000E0420026E23ECECF0DF6E0B2A030E50
:10D0C0000B6465EFE8F067EFE8F04FEFE8F0600021
:10D0D0001CF003F0600020F004F0600024F005F084
:10D0E000600028F006F01200076E0750046E056A13
:10D0F000060ED89004360536E82E79EFE8F0035096
:10D100000426000E0522800E0426000E0522040EC1
:10D11000066E053405320432062E89EFE8F004501D
:10D120006BECEDF00750400DF3500324800F6BECD7
:10D13000EDF01200000ED2BE010E046E0250030B81
:10D140003901E16F600007F0E0F960000FF0E3F9EA
:10D150003F0EE517E585D29E550EE66FAA0EE66FE7
:10D16000E583E5B3B6EFE8F0B8EFE8F0B1EFE8F04B
:10D17000E59504B002D0D29E01D0D28E1200000EEE
:10D18000106E000E0F6ED3EFE8F0600038F001F083
:10D19000026A600030F003F0600034F004F0B1EC9B
:10D1A000DAF00F4A102A0F500A24D96E10500B20C3
:10D1B000DA6EDF500E6E0E50D8A4E1EFE8F0E3EF28
:10D1C000E8F0C5EFE8F01200046E04380F0B026EB1
:10D1D000036A040E0224F66EFD0E0320F76EF86A51
:10D1E000000EF8220800F5500CECE6F004500F0B8E
:10D1F000026E036A040E0224F66EFD0E0320F76E23
:10D20000F86A000EF8220800F5500CECE6F0120067
:10D21000200E0101FD610FEFE9F011EFE9F029EFB8
:10D22000E9F0200ED125D96EDA6A050EDA22DF5038
:10D230003D01D26F0101D12B1F0ED16522EFE9F024
:10D2400024EFE9F026EFE9F0000ED16FFD2B2BEF74
:10D25000E9F0390196971200100E0101FE6133EFDB
:10D26000E9F035EFE9F04DEFE9F0000ED725D96E82
:10D27000DA6A030EDA22DF503D01EA6F0101D72B93
:10D280000F0ED76546EFE9F048EFE9F04AEFE9F015
:10D29000000ED76FFE2B4FEFE9F039019399120082
:10D2A000600004F006F0600008F007F060000CF089
:10D2B00008F0600010F009F0010E056E09507F0BB8
:10D2C0007F0AD8A466EFE9F068EFE9F071EFE9F0C2
:10D2D00008AE6DEFE9F06FEFE9F071EFE9F0000EE5
:10D2E000056E05501200AAECECF089EFE9F04FEC66
:10D2F000E7F0056E05506CECE6F0000E0101AE257E
:10D30000D96E040EAF21DA6E600017F0DFFFAE4B6E
:10D31000AF2B66ECECF00009D8A491EFE9F093EFA5
:10D32000E9F077EFE9F06DECEAF01200A50EDBEC26
:10D33000E5F05A0EDBECE5F0050EDBECE5F0820ED5
:10D34000DBECE5F0000EDBECE5F0600028F14CF0E2
:10D350004C50DBECE5F049504C6E4C50DBECE5F00A
:10D36000600020F14CF04C50DBECE5F012003E5038
:10D370003F1040104110D8B4C0EFE9F0C2EFE9F01F
:10D38000CAEFE9F0000E3E1A000E3F1A000E401AD6
:10D39000800E411A6000F8F03EF06000FCF03FF0B3
:10D3A000600000F140F0600004F141F01200000E56
:10D3B0000001E06F010EE16F7F0EE26FFF0EE36F81
:10D3C0006000D0F3E4F06000D4F3E5F06000D8F33F
:10D3D000E6F06000DCF3E7F0F6ECE6F0000E056E38
:10D3E000010E066E3BECE3F012009F0E036EFF0E83
:10D3F000046E600004F005F0600008F006F00350D1
:10D4000005260450062206500AE11A0E055CD8A033
:10D410000CEFEAF00FEFEAF0010E10EFEAF0000E69
:10D42000016E026A12009F0E036EFF0E046E200E44
:10D430000110056E000E0210066E03500526045002
:10D44000062206500AE11A0E055CD8A02AEFEAF07F
:10D450002DEFEAF0010E2EEFEAF0000E016E026AE7
:10D460001200BF0E036EFF0E046E600004F005F0A4
:10D47000600008F006F0035005260450062206500E
:10D480000AE11A0E055CD8A048EFEAF04BEFEAF08B
:10D49000010E4CEFEAF0000E016E026A1200D00E8F
:10D4A000036EFF0E046E600004F005F0600008F0EB
:10D4B00006F0035005260450062206500AE10A0E23
:10D4C000055CD8A066EFEAF069EFEAF0010E6AEFBA
:10D4D000EAF0000E016E026A12000101B32B070E82
:10D4E000B36575EFEAF077EFEAF079EFEAF0000E56
:10D4F000B36F080EB2617FEFEAF081EFEAF082EFDE
:10D50000EAF0B22B010E02012027000E2123222374
:10D5100023231200600004F003F0600008F004F020
:10D52000D89004320332D890043203320350656E2F
:10D53000600004F003F0030E0316060E046ED8908C
:10D540000336042E9FEFEAF00350646E1200600071
:10D5500004F003F0600008F004F0D89004320332C5
:10D56000D8900432033203506D6E600004F003F073
:10D57000030E0316060E046ED8900336042EBCEF7D
:10D58000EAF003506C6E1200600044F001F060009D
:10D5900048F002F023ECECF01318D8B4D2EFEAF024
:10D5A000D4EFEAF0DFEFEAF0600044F001F0600051
:10D5B00048F002F060004CF003F09AECE8F0120042
:10D5C0003901939F6000C0FA05F06000C4FA06F0CC
:10D5D0006000C8FA07F06000CCFA08F0938F600092
:10D5E00014F001F0600018F002F060001CF003F08D
:10D5F000600020F004F012003901A39F0301DA510A
:10D60000DB11DC11D8B407EFEBF009EFEBF016EF0C
:10D61000EBF002D816EFEBF00500FA6EDA51FD6E72
:10D62000DB51FE6EDC51FF6EFA50120012005EEC10
:10D63000EBF03AECC4F0D28E65ECEDF02BECEDF0B3
:10D640005FECEDF0A0ECECF051ECEDF033ECEDF034
:10D650004AECEDF08AECECF024EFEBF00DEF00F08B
:10D6600060003CF001F0600040F002F09AECE6F05F
:10D6700001500F24056E02501020066E600044F029
:10D6800007F0600048F008F069ECE4F01200015087
:10D6900003026F00CCFF05F06F00D0FF06F00150D1
:10D6A0000402F350062602500302F35006266000DF
:10D6B00014F001F0600018F002F01200ADECEDF093
:10D6C000E0ECEBF0A6ECDFF07EECECF0C8ECE6F082
:10D6D00032ECECF072ECECF095ECECF0CCECEBF026
:10D6E0004FECDFF08AECDDF01200000E0101D025D6
:10D6F000D96EDA6A080EDA226F0043F7DFFFD02B0B
:10D700003F0ED06586EFEBF088EFEBF08AEFEBF0A1
:10D71000000ED06FCE2B1200800E0101D625D96EDF
:10D72000DA6A070EDA226F00A3F7DFFFD62B3F0E6F
:10D73000D6659DEFEBF09FEFEBF0A1EFEBF0000E65
:10D74000D66FD42B1200FF0E056EFF0E066EFF0E75
:10D75000076E7F0E086E600014F001F0600018F094
:10D7600002F060001CF003F0600020F004F01200F2
:10D77000000E0101B16F000EB06F8C0E016E040E31
:10D78000026E000E046E000E036E000E066E320E68
:10D79000056E9FECCDF01200660EB96EF90EB76EF5
:10D7A000000EB66E3901A39F938F760E016EDA0ECE
:10D7B000026E010E036E18ECEDF0800EB86E1200D2
:10D7C000000E3901C06F000EC16F000EC26F000E57
:10D7D000C36F000EC46F000EC56F000EC66F000E43
:10D7E000C76F1200000E6BECEDF0010E6BECEDF06C
:10D7F000D29E1A0E036EF80EE82EFED7032EFCD72B
:10D8000000D0D28E1200A10E0101AC5D0F0EAD59F9
:10D81000D8A00DEFECF00FEFECF013EFECF0000EF2
:10D82000AD6F000EAC6F12002020202020534C481A
:10D830002D30343600000000002020202020204120
:10D84000494D202020000250030B3901E16F600098
:10D8500007F0E0F93F0EE517E58100F000F039012F
:10D86000E3511200010EAE6E200EAD6E000EAF6ED3
:10D87000AB68000EAA6E3901A495800EAC6E120042
:10D88000600050F901F0600054F902F0600058F9AE
:10D8900003F060005CF904F01200600030F901F060
:10D8A000600034F902F0600038F903F060003CF9E0
:10D8B00004F012000101D451D8A461EFECF064EF40
:10D8C000ECF0010E65EFECF0000E12000101CE51FC
:10D8D000D8A46DEFECF070EFECF0010E71EFECF00E
:10D8E000000E1200800E6E6EFD0E6D6E400E6C6EA0
:10D8F0003F015F51FC0B01095F6F1200600E39019F
:10D90000D96F000EDB6F000EDD6F050EDF6F000EAE
:10D91000DE6F1200F00E0F6E020E106E1DECDBF0CB
:10D9200051ECE0F0A7ECE7F01200800E666E65683F
:10D93000C00E646E3F015F51CF0B10095F6F120084
:10D94000000E0201F16F000EF06F000EC16F000EAD
:10D95000C06F12002E0E0101B325D96EDA6A030ED4
:10D96000DA22000EDF6E1200600004F0F5F36000B2
:10D9700008F0F6F360000CF0F7F31200600004F01A
:10D98000F8F3600008F0F9F360000CF0FAF312000D
:10D99000600004F0E0F3600008F0E1F360000CF0D8
:10D9A000E2F31200600004F0E3F3600008F0E4F337
:10D9B00060000CF0E5F31200600004F0DDF360009D
:10D9C00008F0DEF360000CF0DFF31200600004F0FA
:10D9D000EFF3600008F0F0F360000CF0F1F31200D8
:10D9E000600004F0F2F3600008F0F3F360000CF064
:10D9F000F4F31200600004F0E9F3600008F0EAF3C9
:10DA000060000CF0EBF31200600004F0ECF3600037
:10DA100008F0EDF360000CF0EEF31200600004F08B
:10DA2000E6F3600008F0E7F360000CF0E8F31200A2
:10DA3000600004F0DAF3600008F0DBF360000CF043
:10DA4000DCF31200600030F005F0600034F006F006
:10DA50003BECE3F01200000E0101F26F000EF16FDB
:10DA6000A1ECD7F01200F10E0101126F010E136F3D
:10DA700082ECB5F01200010E0201B027000EB123B6
:10DA8000B223B3231200820E0C6EFE0E0D6E22EC3A
:10DA9000EDF01200EA0E0B6E020E0C6E87ECDBF05E
:10DAA0001200EE0E096E020E0A6E44ECDAF012005D
:10DAB000600068F601F060006CF602F01200000EE3
:10DAC0000201EB6F000EEA6F1200000E0201EF6F11
:10DAD000000EEE6F1200026EBD940250A2ECE4F054
:10DAE0001200D2C7663F2A8EE239080EAFECBAF0B8
:10DAF0001200020EAFECBAF01200090EAFECBAF051
:10DB00001200030EAFECBAF012000B0EAFECBAF03D
:10DB10001200050EAFECBAF01200060EAFECBAF030
:10DB20001200000EAFECBAF012000A0EAFECBAF021
:10DB30001200040EAFECBAF01200070EAFECBAF010
:10DB40001200010EAFECBAF0120075ECEBF012000F
:10DB50008CECEBF012005F708930D29A1200120048
:08DB6000120012001200120075
:020000040020DA
:10000000FF0FFF0FFF0FFF0FFF0FFF0FFF0FFF0F80
:020000040030CA
:0A000000ECFFF7FF9FFFFFDFFEFF9C
:00000001FF
