:020000040000FA
:100000000DEF00F0FFFFFFFF1FEFC2F0FFFFFFFF4C
:10001000FFFFFFFFFFFFFFFFFF0077EFC1F0FFFFD4
:10002000FFFFFFFFFFFFFFFFFFFFFFFFFFFFFFFFE0
:10003000FFFFFFFFFFFFFFFFFFFFFFFFFFFFFFFFD0
:10004000FFFFFFFFFFFFFFFFFFFFFFFFFFFFFFFFC0
:10005000FFFFFFFFFFFFFFFFFFFFFFFFFFFFFFFFB0
:10006000FFFFFFFFFFFFFFFFFFFFFFFFFFFFFFFFA0
:10007000FFFFFFFFFFFFFFFFFFFFFFFFFFFFFFFF90
:10008000FFFFFFFFFFFFFFFFFFFFFFFFFFFFFFFF80
:10009000FFFFFFFFFFFFFFFFFFFFFFFFFFFFFFFF70
:1000A000FFFFFFFFFFFFFFFFFFFFFFFFFFFFFFFF60
:1000B000FFFFFFFFFFFFFFFFFFFFFFFFFFFFFFFF50
:1000C000FFFFFFFFFFFFFFFFFFFFFFFFFFFFFFFF40
:1000D000FFFFFFFFFFFFFFFFFFFFFFFFFFFFFFFF30
:1000E000FFFFFFFFFFFFFFFFFFFFFFFFFFFFFFFF20
:1000F000FFFFFFFFFFFFFFFFFFFFFFFFFFFFFFFF10
:10010000FFFFFFFFFFFFFFFFFFFFFFFFFFFFFFFFFF
:10011000FFFFFFFFFFFFFFFFFFFFFFFFFFFFFFFFEF
:10012000FFFFFFFFFFFFFFFFFFFFFFFFFFFFFFFFDF
:10013000FFFFFFFFFFFFFFFFFFFFFFFFFFFFFFFFCF
:10014000FFFFFFFFFFFFFFFFFFFFFFFFFFFFFFFFBF
:10015000FFFFFFFFFFFFFFFFFFFFFFFFFFFFFFFFAF
:10016000FFFFFFFFFFFFFFFFFFFFFFFFFFFFFFFF9F
:10017000FFFFFFFFFFFFFFFFFFFFFFFFFFFFFFFF8F
:10018000FFFFFFFFFFFFFFFFFFFFFFFFFFFFFFFF7F
:10019000FFFFFFFFFFFFFFFFFFFFFFFFFFFFFFFF6F
:1001A000FFFFFFFFFFFFFFFFFFFFFFFFFFFFFFFF5F
:1001B000FFFFFFFFFFFFFFFFFFFFFFFFFFFFFFFF4F
:1001C000FFFFFFFFFFFFFFFFFFFFFFFFFFFFFFFF3F
:1001D000FFFFFFFFFFFFFFFFFFFFFFFFFFFFFFFF2F
:1001E000FFFFFFFFFFFFFFFFFFFFFFFFFFFFFFFF1F
:1001F000FFFFFFFFFFFFFFFFFFFFFFFFFFFFFFFF0F
:10020000FFFFFFFFFFFFFFFFFFFFFFFFFFFFFFFFFE
:10021000FFFFFFFFFFFFFFFFFFFFFFFFFFFFFFFFEE
:10022000FFFFFFFFFFFFFFFFFFFFFFFFFFFFFFFFDE
:10023000FFFFFFFFFFFFFFFFFFFFFFFFFFFFFFFFCE
:10024000FFFFFFFFFFFFFFFFFFFFFFFFFFFFFFFFBE
:10025000FFFFFFFFFFFFFFFFFFFFFFFFFFFFFFFFAE
:10026000FFFFFFFFFFFFFFFFFFFFFFFFFFFFFFFF9E
:10027000FFFFFFFFFFFFFFFFFFFFFFFFFFFFFFFF8E
:10028000FFFFFFFFFFFFFFFFFFFFFFFFFFFFFFFF7E
:10029000FFFFFFFFFFFFFFFFFFFFFFFFFFFFFFFF6E
:1002A000FFFFFFFFFFFFFFFFFFFFFFFFFFFFFFFF5E
:1002B000FFFFFFFFFFFFFFFFFFFFFFFFFFFFFFFF4E
:1002C000FFFFFFFFFFFFFFFFFFFFFFFFFFFFFFFF3E
:1002D000FFFFFFFFFFFFFFFFFFFFFFFFFFFFFFFF2E
:1002E000FFFFFFFFFFFFFFFFFFFFFFFFFFFFFFFF1E
:1002F000FFFFFFFFFFFFFFFFFFFFFFFFFFFFFFFF0E
:10030000FFFFFFFFFFFFFFFFFFFFFFFFFFFFFFFFFD
:10031000FFFFFFFFFFFFFFFFFFFFFFFFFFFFFFFFED
:10032000FFFFFFFFFFFFFFFFFFFFFFFFFFFFFFFFDD
:10033000FFFFFFFFFFFFFFFFFFFFFFFFFFFFFFFFCD
:10034000FFFFFFFFFFFFFFFFFFFFFFFFFFFFFFFFBD
:10035000FFFFFFFFFFFFFFFFFFFFFFFFFFFFFFFFAD
:10036000FFFFFFFFFFFFFFFFFFFFFFFFFFFFFFFF9D
:10037000FFFFFFFFFFFFFFFFFFFFFFFFFFFFFFFF8D
:10038000FFFFFFFFFFFFFFFFFFFFFFFFFFFFFFFF7D
:10039000FFFFFFFFFFFFFFFFFFFFFFFFFFFFFFFF6D
:1003A000FFFFFFFFFFFFFFFFFFFFFFFFFFFFFFFF5D
:1003B000FFFFFFFFFFFFFFFFFFFFFFFFFFFFFFFF4D
:1003C000FFFFFFFFFFFFFFFFFFFFFFFFFFFFFFFF3D
:1003D000FFFFFFFFFFFFFFFFFFFFFFFFFFFFFFFF2D
:1003E000FFFFFFFFFFFFFFFFFFFFFFFFFFFFFFFF1D
:1003F000FFFFFFFFFFFFFFFFFFFFFFFFFFFFFFFF0D
:10040000FFFFFFFFFFFFFFFFFFFFFFFFFFFFFFFFFC
:10041000FFFFFFFFFFFFFFFFFFFFFFFFFFFFFFFFEC
:10042000FFFFFFFFFFFFFFFFFFFFFFFFFFFFFFFFDC
:10043000FFFFFFFFFFFFFFFFFFFFFFFFFFFFFFFFCC
:10044000FFFFFFFFFFFFFFFFFFFFFFFFFFFFFFFFBC
:10045000FFFFFFFFFFFFFFFFFFFFFFFFFFFFFFFFAC
:10046000FFFFFFFFFFFFFFFFFFFFFFFFFFFFFFFF9C
:10047000FFFFFFFFFFFFFFFFFFFFFFFFFFFFFFFF8C
:10048000FFFFFFFFFFFFFFFFFFFFFFFFFFFFFFFF7C
:10049000FFFFFFFFFFFFFFFFFFFFFFFFFFFFFFFF6C
:1004A000FFFFFFFFFFFFFFFFFFFFFFFFFFFFFFFF5C
:1004B000FFFFFFFFFFFFFFFFFFFFFFFFFFFFFFFF4C
:1004C000FFFFFFFFFFFFFFFFFFFFFFFFFFFFFFFF3C
:1004D000FFFFFFFFFFFFFFFFFFFFFFFFFFFFFFFF2C
:1004E000FFFFFFFFFFFFFFFFFFFFFFFFFFFFFFFF1C
:1004F000FFFFFFFFFFFFFFFFFFFFFFFFFFFFFFFF0C
:10050000FFFFFFFFFFFFFFFFFFFFFFFFFFFFFFFFFB
:10051000FFFFFFFFFFFFFFFFFFFFFFFFFFFFFFFFEB
:10052000FFFFFFFFFFFFFFFFFFFFFFFFFFFFFFFFDB
:10053000FFFFFFFFFFFFFFFFFFFFFFFFFFFFFFFFCB
:10054000FFFFFFFFFFFFFFFFFFFFFFFFFFFFFFFFBB
:10055000FFFFFFFFFFFFFFFFFFFFFFFFFFFFFFFFAB
:10056000FFFFFFFFFFFFFFFFFFFFFFFFFFFFFFFF9B
:10057000FFFFFFFFFFFFFFFFFFFFFFFFFFFFFFFF8B
:10058000FFFFFFFFFFFFFFFFFFFFFFFFFFFFFFFF7B
:10059000FFFFFFFFFFFFFFFFFFFFFFFFFFFFFFFF6B
:1005A000FFFFFFFFFFFFFFFFFFFFFFFFFFFFFFFF5B
:1005B000FFFFFFFFFFFFFFFFFFFFFFFFFFFFFFFF4B
:1005C000FFFFFFFFFFFFFFFFFFFFFFFFFFFFFFFF3B
:1005D000FFFFFFFFFFFFFFFFFFFFFFFFFFFFFFFF2B
:1005E000FFFFFFFFFFFFFFFFFFFFFFFFFFFFFFFF1B
:1005F000FFFFFFFFFFFFFFFFFFFFFFFFFFFFFFFF0B
:10060000FFFFFFFFFFFFFFFFFFFFFFFFFFFFFFFFFA
:10061000FFFFFFFFFFFFFFFFFFFFFFFFFFFFFFFFEA
:10062000FFFFFFFFFFFFFFFFFFFFFFFFFFFFFFFFDA
:10063000FFFFFFFFFFFFFFFFFFFFFFFFFFFFFFFFCA
:10064000FFFFFFFFFFFFFFFFFFFFFFFFFFFFFFFFBA
:10065000FFFFFFFFFFFFFFFFFFFFFFFFFFFFFFFFAA
:10066000FFFFFFFFFFFFFFFFFFFFFFFFFFFFFFFF9A
:10067000FFFFFFFFFFFFFFFFFFFFFFFFFFFFFFFF8A
:10068000FFFFFFFFFFFFFFFFFFFFFFFFFFFFFFFF7A
:10069000FFFFFFFFFFFFFFFFFFFFFFFFFFFFFFFF6A
:1006A000FFFFFFFFFFFFFFFFFFFFFFFFFFFFFFFF5A
:1006B000FFFFFFFFFFFFFFFFFFFFFFFFFFFFFFFF4A
:1006C000FFFFFFFFFFFFFFFFFFFFFFFFFFFFFFFF3A
:1006D000FFFFFFFFFFFFFFFFFFFFFFFFFFFFFFFF2A
:1006E000FFFFFFFFFFFFFFFFFFFFFFFFFFFFFFFF1A
:1006F000FFFFFFFFFFFFFFFFFFFFFFFFFFFFFFFF0A
:10070000FFFFFFFFFFFFFFFFFFFFFFFFFFFFFFFFF9
:10071000FFFFFFFFFFFFFFFFFFFFFFFFFFFFFFFFE9
:10072000FFFFFFFFFFFFFFFFFFFFFFFFFFFFFFFFD9
:10073000FFFFFFFFFFFFFFFFFFFFFFFFFFFFFFFFC9
:10074000FFFFFFFFFFFFFFFFFFFFFFFFFFFFFFFFB9
:10075000FFFFFFFFFFFFFFFFFFFFFFFFFFFFFFFFA9
:10076000FFFFFFFFFFFFFFFFFFFFFFFFFFFFFFFF99
:10077000FFFFFFFFFFFFFFFFFFFFFFFFFFFFFFFF89
:10078000FFFFFFFFFFFFFFFFFFFFFFFFFFFFFFFF79
:10079000FFFFFFFFFFFFFFFFFFFFFFFFFFFFFFFF69
:1007A000FFFFFFFFFFFFFFFFFFFFFFFFFFFFFFFF59
:1007B000FFFFFFFFFFFFFFFFFFFFFFFFFFFFFFFF49
:1007C000FFFFFFFFFFFFFFFFFFFFFFFFFFFFFFFF39
:1007D000FFFFFFFFFFFFFFFFFFFFFFFFFFFFFFFF29
:1007E000FFFFFFFFFFFFFFFFFFFFFFFFFFFFFFFF19
:1007F000FFFFFFFFFFFFFFFFFFFFFFFFFFFFFFFF09
:10080000FFFFFFFFFFFFFFFFFFFFFFFFFFFFFFFFF8
:10081000FFFFFFFFFFFFFFFFFFFFFFFFFFFFFFFFE8
:10082000FFFFFFFFFFFFFFFFFFFFFFFFFFFFFFFFD8
:10083000FFFFFFFFFFFFFFFFFFFFFFFFFFFFFFFFC8
:10084000FFFFFFFFFFFFFFFFFFFFFFFFFFFFFFFFB8
:10085000FFFFFFFFFFFFFFFFFFFFFFFFFFFFFFFFA8
:10086000FFFFFFFFFFFFFFFFFFFFFFFFFFFFFFFF98
:10087000FFFFFFFFFFFFFFFFFFFFFFFFFFFFFFFF88
:10088000FFFFFFFFFFFFFFFFFFFFFFFFFFFFFFFF78
:10089000FFFFFFFFFFFFFFFFFFFFFFFFFFFFFFFF68
:1008A000FFFFFFFFFFFFFFFFFFFFFFFFFFFFFFFF58
:1008B000FFFFFFFFFFFFFFFFFFFFFFFFFFFFFFFF48
:1008C000FFFFFFFFFFFFFFFFFFFFFFFFFFFFFFFF38
:1008D000FFFFFFFFFFFFFFFFFFFFFFFFFFFFFFFF28
:1008E000FFFFFFFFFFFFFFFFFFFFFFFFFFFFFFFF18
:1008F000FFFFFFFFFFFFFFFFFFFFFFFFFFFFFFFF08
:10090000FFFFFFFFFFFFFFFFFFFFFFFFFFFFFFFFF7
:10091000FFFFFFFFFFFFFFFFFFFFFFFFFFFFFFFFE7
:10092000FFFFFFFFFFFFFFFFFFFFFFFFFFFFFFFFD7
:10093000FFFFFFFFFFFFFFFFFFFFFFFFFFFFFFFFC7
:10094000FFFFFFFFFFFFFFFFFFFFFFFFFFFFFFFFB7
:10095000FFFFFFFFFFFFFFFFFFFFFFFFFFFFFFFFA7
:10096000FFFFFFFFFFFFFFFFFFFFFFFFFFFFFFFF97
:10097000FFFFFFFFFFFFFFFFFFFFFFFFFFFFFFFF87
:10098000FFFFFFFFFFFFFFFFFFFFFFFFFFFFFFFF77
:10099000FFFFFFFFFFFFFFFFFFFFFFFFFFFFFFFF67
:1009A000FFFFFFFFFFFFFFFFFFFFFFFFFFFFFFFF57
:1009B000FFFFFFFFFFFFFFFFFFFFFFFFFFFFFFFF47
:1009C000FFFFFFFFFFFFFFFFFFFFFFFFFFFFFFFF37
:1009D000FFFFFFFFFFFFFFFFFFFFFFFFFFFFFFFF27
:1009E000FFFFFFFFFFFFFFFFFFFFFFFFFFFFFFFF17
:1009F000FFFFFFFFFFFFFFFFFFFFFFFFFFFFFFFF07
:100A0000FFFFFFFFFFFFFFFFFFFFFFFFFFFFFFFFF6
:100A1000FFFFFFFFFFFFFFFFFFFFFFFFFFFFFFFFE6
:100A2000FFFFFFFFFFFFFFFFFFFFFFFFFFFFFFFFD6
:100A3000FFFFFFFFFFFFFFFFFFFFFFFFFFFFFFFFC6
:100A4000FFFFFFFFFFFFFFFFFFFFFFFFFFFFFFFFB6
:100A5000FFFFFFFFFFFFFFFFFFFFFFFFFFFFFFFFA6
:100A6000FFFFFFFFFFFFFFFFFFFFFFFFFFFFFFFF96
:100A7000FFFFFFFFFFFFFFFFFFFFFFFFFFFFFFFF86
:100A8000FFFFFFFFFFFFFFFFFFFFFFFFFFFFFFFF76
:100A9000FFFFFFFFFFFFFFFFFFFFFFFFFFFFFFFF66
:100AA000FFFFFFFFFFFFFFFFFFFFFFFFFFFFFFFF56
:100AB000FFFFFFFFFFFFFFFFFFFFFFFFFFFFFFFF46
:100AC000FFFFFFFFFFFFFFFFFFFFFFFFFFFFFFFF36
:100AD000FFFFFFFFFFFFFFFFFFFFFFFFFFFFFFFF26
:100AE000FFFFFFFFFFFFFFFFFFFFFFFFFFFFFFFF16
:100AF000FFFFFFFFFFFFFFFFFFFFFFFFFFFFFFFF06
:100B0000FFFFFFFFFFFFFFFFFFFFFFFFFFFFFFFFF5
:100B1000FFFFFFFFFFFFFFFFFFFFFFFFFFFFFFFFE5
:100B2000FFFFFFFFFFFFFFFFFFFFFFFFFFFFFFFFD5
:100B3000FFFFFFFFFFFFFFFFFFFFFFFFFFFFFFFFC5
:100B4000FFFFFFFFFFFFFFFFFFFFFFFFFFFFFFFFB5
:100B5000FFFFFFFFFFFFFFFFFFFFFFFFFFFFFFFFA5
:100B6000FFFFFFFFFFFFFFFFFFFFFFFFFFFFFFFF95
:100B7000FFFFFFFFFFFFFFFFFFFFFFFFFFFFFFFF85
:100B8000FFFFFFFFFFFFFFFFFFFFFFFFFFFFFFFF75
:100B9000FFFFFFFFFFFFFFFFFFFFFFFFFFFFFFFF65
:100BA000FFFFFFFFFFFFFFFFFFFFFFFFFFFFFFFF55
:100BB000FFFFFFFFFFFFFFFFFFFFFFFFFFFFFFFF45
:100BC000FFFFFFFFFFFFFFFFFFFFFFFFFFFFFFFF35
:100BD000FFFFFFFFFFFFFFFFFFFFFFFFFFFFFFFF25
:100BE000FFFFFFFFFFFFFFFFFFFFFFFFFFFFFFFF15
:100BF000FFFFFFFFFFFFFFFFFFFFFFFFFFFFFFFF05
:100C0000FFFFFFFFFFFFFFFFFFFFFFFFFFFFFFFFF4
:100C1000FFFFFFFFFFFFFFFFFFFFFFFFFFFFFFFFE4
:100C2000FFFFFFFFFFFFFFFFFFFFFFFFFFFFFFFFD4
:100C3000FFFFFFFFFFFFFFFFFFFFFFFFFFFFFFFFC4
:100C4000FFFFFFFFFFFFFFFFFFFFFFFFFFFFFFFFB4
:100C5000FFFFFFFFFFFFFFFFFFFFFFFFFFFFFFFFA4
:100C6000FFFFFFFFFFFFFFFFFFFFFFFFFFFFFFFF94
:100C7000FFFFFFFFFFFFFFFFFFFFFFFFFFFFFFFF84
:100C8000FFFFFFFFFFFFFFFFFFFFFFFFFFFFFFFF74
:100C9000FFFFFFFFFFFFFFFFFFFFFFFFFFFFFFFF64
:100CA000FFFFFFFFFFFFFFFFFFFFFFFFFFFFFFFF54
:100CB000FFFFFFFFFFFFFFFFFFFFFFFFFFFFFFFF44
:100CC000FFFFFFFFFFFFFFFFFFFFFFFFFFFFFFFF34
:100CD000FFFFFFFFFFFFFFFFFFFFFFFFFFFFFFFF24
:100CE000FFFFFFFFFFFFFFFFFFFFFFFFFFFFFFFF14
:100CF000FFFFFFFFFFFFFFFFFFFFFFFFFFFFFFFF04
:100D0000FFFFFFFFFFFFFFFFFFFFFFFFFFFFFFFFF3
:100D1000FFFFFFFFFFFFFFFFFFFFFFFFFFFFFFFFE3
:100D2000FFFFFFFFFFFFFFFFFFFFFFFFFFFFFFFFD3
:100D3000FFFFFFFFFFFFFFFFFFFFFFFFFFFFFFFFC3
:100D4000FFFFFFFFFFFFFFFFFFFFFFFFFFFFFFFFB3
:100D5000FFFFFFFFFFFFFFFFFFFFFFFFFFFFFFFFA3
:100D6000FFFFFFFFFFFFFFFFFFFFFFFFFFFFFFFF93
:100D7000FFFFFFFFFFFFFFFFFFFFFFFFFFFFFFFF83
:100D8000FFFFFFFFFFFFFFFFFFFFFFFFFFFFFFFF73
:100D9000FFFFFFFFFFFFFFFFFFFFFFFFFFFFFFFF63
:100DA000FFFFFFFFFFFFFFFFFFFFFFFFFFFFFFFF53
:100DB000FFFFFFFFFFFFFFFFFFFFFFFFFFFFFFFF43
:100DC000FFFFFFFFFFFFFFFFFFFFFFFFFFFFFFFF33
:100DD000FFFFFFFFFFFFFFFFFFFFFFFFFFFFFFFF23
:100DE000FFFFFFFFFFFFFFFFFFFFFFFFFFFFFFFF13
:100DF000FFFFFFFFFFFFFFFFFFFFFFFFFFFFFFFF03
:100E0000FFFFFFFFFFFFFFFFFFFFFFFFFFFFFFFFF2
:100E1000FFFFFFFFFFFFFFFFFFFFFFFFFFFFFFFFE2
:100E2000FFFFFFFFFFFFFFFFFFFFFFFFFFFFFFFFD2
:100E3000FFFFFFFFFFFFFFFFFFFFFFFFFFFFFFFFC2
:100E4000FFFFFFFFFFFFFFFFFFFFFFFFFFFFFFFFB2
:100E5000FFFFFFFFFFFFFFFFFFFFFFFFFFFFFFFFA2
:100E6000FFFFFFFFFFFFFFFFFFFFFFFFFFFFFFFF92
:100E7000FFFFFFFFFFFFFFFFFFFFFFFFFFFFFFFF82
:100E8000FFFFFFFFFFFFFFFFFFFFFFFFFFFFFFFF72
:100E9000FFFFFFFFFFFFFFFFFFFFFFFFFFFFFFFF62
:100EA000FFFFFFFFFFFFFFFFFFFFFFFFFFFFFFFF52
:100EB000FFFFFFFFFFFFFFFFFFFFFFFFFFFFFFFF42
:100EC000FFFFFFFFFFFFFFFFFFFFFFFFFFFFFFFF32
:100ED000FFFFFFFFFFFFFFFFFFFFFFFFFFFFFFFF22
:100EE000FFFFFFFFFFFFFFFFFFFFFFFFFFFFFFFF12
:100EF000FFFFFFFFFFFFFFFFFFFFFFFFFFFFFFFF02
:100F0000FFFFFFFFFFFFFFFFFFFFFFFFFFFFFFFFF1
:100F1000FFFFFFFFFFFFFFFFFFFFFFFFFFFFFFFFE1
:100F2000FFFFFFFFFFFFFFFFFFFFFFFFFFFFFFFFD1
:100F3000FFFFFFFFFFFFFFFFFFFFFFFFFFFFFFFFC1
:100F4000FFFFFFFFFFFFFFFFFFFFFFFFFFFFFFFFB1
:100F5000FFFFFFFFFFFFFFFFFFFFFFFFFFFFFFFFA1
:100F6000FFFFFFFFFFFFFFFFFFFFFFFFFFFFFFFF91
:100F7000FFFFFFFFFFFFFFFFFFFFFFFFFFFFFFFF81
:100F8000FFFFFFFFFFFFFFFFFFFFFFFFFFFFFFFF71
:100F9000FFFFFFFFFFFFFFFFFFFFFFFFFFFFFFFF61
:100FA000FFFFFFFFFFFFFFFFFFFFFFFFFFFFFFFF51
:100FB000FFFFFFFFFFFFFFFFFFFFFFFFFFFFFFFF41
:100FC000FFFFFFFFFFFFFFFFFFFFFFFFFFFFFFFF31
:100FD000FFFFFFFFFFFFFFFFFFFFFFFFFFFFFFFF21
:100FE000FFFFFFFFFFFFFFFFFFFFFFFFFFFFFFFF11
:100FF000FFFFFFFFFFFFFFFFFFFFFFFFFFFFFFFF01
:10100000FFFFFFFFFFFFFFFFFFFFFFFFFFFFFFFFF0
:10101000FFFFFFFFFFFFFFFFFFFFFFFFFFFFFFFFE0
:10102000FFFFFFFFFFFFFFFFFFFFFFFFFFFFFFFFD0
:10103000FFFFFFFFFFFFFFFFFFFFFFFFFFFFFFFFC0
:10104000FFFFFFFFFFFFFFFFFFFFFFFFFFFFFFFFB0
:10105000FFFFFFFFFFFFFFFFFFFFFFFFFFFFFFFFA0
:10106000FFFFFFFFFFFFFFFFFFFFFFFFFFFFFFFF90
:10107000FFFFFFFFFFFFFFFFFFFFFFFFFFFFFFFF80
:10108000FFFFFFFFFFFFFFFFFFFFFFFFFFFFFFFF70
:10109000FFFFFFFFFFFFFFFFFFFFFFFFFFFFFFFF60
:1010A000FFFFFFFFFFFFFFFFFFFFFFFFFFFFFFFF50
:1010B000FFFFFFFFFFFFFFFFFFFFFFFFFFFFFFFF40
:1010C000FFFFFFFFFFFFFFFFFFFFFFFFFFFFFFFF30
:1010D000FFFFFFFFFFFFFFFFFFFFFFFFFFFFFFFF20
:1010E000FFFFFFFFFFFFFFFFFFFFFFFFFFFFFFFF10
:1010F000FFFFFFFFFFFFFFFFFFFFFFFFFFFFFFFF00
:10110000FFFFFFFFFFFFFFFFFFFFFFFFFFFFFFFFEF
:10111000FFFFFFFFFFFFFFFFFFFFFFFFFFFFFFFFDF
:10112000FFFFFFFFFFFFFFFFFFFFFFFFFFFFFFFFCF
:10113000FFFFFFFFFFFFFFFFFFFFFFFFFFFFFFFFBF
:10114000FFFFFFFFFFFFFFFFFFFFFFFFFFFFFFFFAF
:10115000FFFFFFFFFFFFFFFFFFFFFFFFFFFFFFFF9F
:10116000FFFFFFFFFFFFFFFFFFFFFFFFFFFFFFFF8F
:10117000FFFFFFFFFFFFFFFFFFFFFFFFFFFFFFFF7F
:10118000FFFFFFFFFFFFFFFFFFFFFFFFFFFFFFFF6F
:10119000FFFFFFFFFFFFFFFFFFFFFFFFFFFFFFFF5F
:1011A000FFFFFFFFFFFFFFFFFFFFFFFFFFFFFFFF4F
:1011B000FFFFFFFFFFFFFFFFFFFFFFFFFFFFFFFF3F
:1011C000FFFFFFFFFFFFFFFFFFFFFFFFFFFFFFFF2F
:1011D000FFFFFFFFFFFFFFFFFFFFFFFFFFFFFFFF1F
:1011E000FFFFFFFFFFFFFFFFFFFFFFFFFFFFFFFF0F
:1011F000FFFFFFFFFFFFFFFFFFFFFFFFFFFFFFFFFF
:10120000FFFFFFFFFFFFFFFFFFFFFFFFFFFFFFFFEE
:10121000FFFFFFFFFFFFFFFFFFFFFFFFFFFFFFFFDE
:10122000FFFFFFFFFFFFFFFFFFFFFFFFFFFFFFFFCE
:10123000FFFFFFFFFFFFFFFFFFFFFFFFFFFFFFFFBE
:10124000FFFFFFFFFFFFFFFFFFFFFFFFFFFFFFFFAE
:10125000FFFFFFFFFFFFFFFFFFFFFFFFFFFFFFFF9E
:10126000FFFFFFFFFFFFFFFFFFFFFFFFFFFFFFFF8E
:10127000FFFFFFFFFFFFFFFFFFFFFFFFFFFFFFFF7E
:10128000FFFFFFFFFFFFFFFFFFFFFFFFFFFFFFFF6E
:10129000FFFFFFFFFFFFFFFFFFFFFFFFFFFFFFFF5E
:1012A000FFFFFFFFFFFFFFFFFFFFFFFFFFFFFFFF4E
:1012B000FFFFFFFFFFFFFFFFFFFFFFFFFFFFFFFF3E
:1012C000FFFFFFFFFFFFFFFFFFFFFFFFFFFFFFFF2E
:1012D000FFFFFFFFFFFFFFFFFFFFFFFFFFFFFFFF1E
:1012E000FFFFFFFFFFFFFFFFFFFFFFFFFFFFFFFF0E
:1012F000FFFFFFFFFFFFFFFFFFFFFFFFFFFFFFFFFE
:10130000FFFFFFFFFFFFFFFFFFFFFFFFFFFFFFFFED
:10131000FFFFFFFFFFFFFFFFFFFFFFFFFFFFFFFFDD
:10132000FFFFFFFFFFFFFFFFFFFFFFFFFFFFFFFFCD
:10133000FFFFFFFFFFFFFFFFFFFFFFFFFFFFFFFFBD
:10134000FFFFFFFFFFFFFFFFFFFFFFFFFFFFFFFFAD
:10135000FFFFFFFFFFFFFFFFFFFFFFFFFFFFFFFF9D
:10136000FFFFFFFFFFFFFFFFFFFFFFFFFFFFFFFF8D
:10137000FFFFFFFFFFFFFFFFFFFFFFFFFFFFFFFF7D
:10138000FFFFFFFFFFFFFFFFFFFFFFFFFFFFFFFF6D
:10139000FFFFFFFFFFFFFFFFFFFFFFFFFFFFFFFF5D
:1013A000FFFFFFFFFFFFFFFFFFFFFFFFFFFFFFFF4D
:1013B000FFFFFFFFFFFFFFFFFFFFFFFFFFFFFFFF3D
:1013C000FFFFFFFFFFFFFFFFFFFFFFFFFFFFFFFF2D
:1013D000FFFFFFFFFFFFFFFFFFFFFFFFFFFFFFFF1D
:1013E000FFFFFFFFFFFFFFFFFFFFFFFFFFFFFFFF0D
:1013F000FFFFFFFFFFFFFFFFFFFFFFFFFFFFFFFFFD
:10140000FFFFFFFFFFFFFFFFFFFFFFFFFFFFFFFFEC
:10141000FFFFFFFFFFFFFFFFFFFFFFFFFFFFFFFFDC
:10142000FFFFFFFFFFFFFFFFFFFFFFFFFFFFFFFFCC
:10143000FFFFFFFFFFFFFFFFFFFFFFFFFFFFFFFFBC
:10144000FFFFFFFFFFFFFFFFFFFFFFFFFFFFFFFFAC
:10145000FFFFFFFFFFFFFFFFFFFFFFFFFFFFFFFF9C
:10146000FFFFFFFFFFFFFFFFFFFFFFFFFFFFFFFF8C
:10147000FFFFFFFFFFFFFFFFFFFFFFFFFFFFFFFF7C
:10148000FFFFFFFFFFFFFFFFFFFFFFFFFFFFFFFF6C
:10149000FFFFFFFFFFFFFFFFFFFFFFFFFFFFFFFF5C
:1014A000FFFFFFFFFFFFFFFFFFFFFFFFFFFFFFFF4C
:1014B000FFFFFFFFFFFFFFFFFFFFFFFFFFFFFFFF3C
:1014C000FFFFFFFFFFFFFFFFFFFFFFFFFFFFFFFF2C
:1014D000FFFFFFFFFFFFFFFFFFFFFFFFFFFFFFFF1C
:1014E000FFFFFFFFFFFFFFFFFFFFFFFFFFFFFFFF0C
:1014F000FFFFFFFFFFFFFFFFFFFFFFFFFFFFFFFFFC
:10150000FFFFFFFFFFFFFFFFFFFFFFFFFFFFFFFFEB
:10151000FFFFFFFFFFFFFFFFFFFFFFFFFFFFFFFFDB
:10152000FFFFFFFFFFFFFFFFFFFFFFFFFFFFFFFFCB
:10153000FFFFFFFFFFFFFFFFFFFFFFFFFFFFFFFFBB
:10154000FFFFFFFFFFFFFFFFFFFFFFFFFFFFFFFFAB
:10155000FFFFFFFFFFFFFFFFFFFFFFFFFFFFFFFF9B
:10156000FFFFFFFFFFFFFFFFFFFFFFFFFFFFFFFF8B
:10157000FFFFFFFFFFFFFFFFFFFFFFFFFFFFFFFF7B
:10158000FFFFFFFFFFFFFFFFFFFFFFFFFFFFFFFF6B
:10159000FFFFFFFFFFFFFFFFFFFFFFFFFFFFFFFF5B
:1015A000FFFFFFFFFFFFFFFFFFFFFFFFFFFFFFFF4B
:1015B000FFFFFFFFFFFFFFFFFFFFFFFFFFFFFFFF3B
:1015C000FFFFFFFFFFFFFFFFFFFFFFFFFFFFFFFF2B
:1015D000FFFFFFFFFFFFFFFFFFFFFFFFFFFFFFFF1B
:1015E000FFFFFFFFFFFFFFFFFFFFFFFFFFFFFFFF0B
:1015F000FFFFFFFFFFFFFFFFFFFFFFFFFFFFFFFFFB
:10160000FFFFFFFFFFFFFFFFFFFFFFFFFFFFFFFFEA
:10161000FFFFFFFFFFFFFFFFFFFFFFFFFFFFFFFFDA
:10162000FFFFFFFFFFFFFFFFFFFFFFFFFFFFFFFFCA
:10163000FFFFFFFFFFFFFFFFFFFFFFFFFFFFFFFFBA
:10164000FFFFFFFFFFFFFFFFFFFFFFFFFFFFFFFFAA
:10165000FFFFFFFFFFFFFFFFFFFFFFFFFFFFFFFF9A
:10166000FFFFFFFFFFFFFFFFFFFFFFFFFFFFFFFF8A
:10167000FFFFFFFFFFFFFFFFFFFFFFFFFFFFFFFF7A
:10168000FFFFFFFFFFFFFFFFFFFFFFFFFFFFFFFF6A
:10169000FFFFFFFFFFFFFFFFFFFFFFFFFFFFFFFF5A
:1016A000FFFFFFFFFFFFFFFFFFFFFFFFFFFFFFFF4A
:1016B000FFFFFFFFFFFFFFFFFFFFFFFFFFFFFFFF3A
:1016C000FFFFFFFFFFFFFFFFFFFFFFFFFFFFFFFF2A
:1016D000FFFFFFFFFFFFFFFFFFFFFFFFFFFFFFFF1A
:1016E000FFFFFFFFFFFFFFFFFFFFFFFFFFFFFFFF0A
:1016F000FFFFFFFFFFFFFFFFFFFFFFFFFFFFFFFFFA
:10170000FFFFFFFFFFFFFFFFFFFFFFFFFFFFFFFFE9
:10171000FFFFFFFFFFFFFFFFFFFFFFFFFFFFFFFFD9
:10172000FFFFFFFFFFFFFFFFFFFFFFFFFFFFFFFFC9
:10173000FFFFFFFFFFFFFFFFFFFFFFFFFFFFFFFFB9
:10174000FFFFFFFFFFFFFFFFFFFFFFFFFFFFFFFFA9
:10175000FFFFFFFFFFFFFFFFFFFFFFFFFFFFFFFF99
:10176000FFFFFFFFFFFFFFFFFFFFFFFFFFFFFFFF89
:10177000FFFFFFFFFFFFFFFFFFFFFFFFFFFFFFFF79
:10178000FFFFFFFFFFFFFFFFFFFFFFFFFFFFFFFF69
:10179000FFFFFFFFFFFFFFFFFFFFFFFFFFFFFFFF59
:1017A000FFFFFFFFFFFFFFFFFFFFFFFFFFFFFFFF49
:1017B000FFFFFFFFFFFFFFFFFFFFFFFFFFFFFFFF39
:1017C000FFFFFFFFFFFFFFFFFFFFFFFFFFFFFFFF29
:1017D000FFFFFFFFFFFFFFFFFFFFFFFFFFFFFFFF19
:1017E000FFFFFFFFFFFFFFFFFFFFFFFFFFFFFFFF09
:1017F000FFFFFFFFFFFFFFFFFFFFFFFFFFFFFFFFF9
:10180000FFFFFFFFFFFFFFFFFFFFFFFFFFFFFFFFE8
:10181000FFFFFFFFFFFFFFFFFFFFFFFFFFFFFFFFD8
:10182000FFFFFFFFFFFFFFFFFFFFFFFFFFFFFFFFC8
:10183000FFFFFFFFFFFFFFFFFFFFFFFFFFFFFFFFB8
:10184000FFFFFFFFFFFFFFFFFFFFFFFFFFFFFFFFA8
:10185000FFFFFFFFFFFFFFFFFFFFFFFFFFFFFFFF98
:10186000FFFFFFFFFFFFFFFFFFFFFFFFFFFFFFFF88
:10187000FFFFFFFFFFFFFFFFFFFFFFFFFFFFFFFF78
:10188000FFFFFFFFFFFFFFFFFFFFFFFFFFFFFFFF68
:10189000FFFFFFFFFFFFFFFFFFFFFFFFFFFFFFFF58
:1018A000FFFFFFFFFFFFFFFFFFFFFFFFFFFFFFFF48
:1018B000FFFFFFFFFFFFFFFFFFFFFFFFFFFFFFFF38
:1018C000FFFFFFFFFFFFFFFFFFFFFFFFFFFFFFFF28
:1018D000FFFFFFFFFFFFFFFFFFFFFFFFFFFFFFFF18
:1018E000FFFFFFFFFFFFFFFFFFFFFFFFFFFFFFFF08
:1018F000FFFFFFFFFFFFFFFFFFFFFFFFFFFFFFFFF8
:10190000FFFFFFFFFFFFFFFFFFFFFFFFFFFFFFFFE7
:10191000FFFFFFFFFFFFFFFFFFFFFFFFFFFFFFFFD7
:10192000FFFFFFFFFFFFFFFFFFFFFFFFFFFFFFFFC7
:10193000FFFFFFFFFFFFFFFFFFFFFFFFFFFFFFFFB7
:10194000FFFFFFFFFFFFFFFFFFFFFFFFFFFFFFFFA7
:10195000FFFFFFFFFFFFFFFFFFFFFFFFFFFFFFFF97
:10196000FFFFFFFFFFFFFFFFFFFFFFFFFFFFFFFF87
:10197000FFFFFFFFFFFFFFFFFFFFFFFFFFFFFFFF77
:10198000FFFFFFFFFFFFFFFFFFFFFFFFFFFFFFFF67
:10199000FFFFFFFFFFFFFFFFFFFFFFFFFFFFFFFF57
:1019A000FFFFFFFFFFFFFFFFFFFFFFFFFFFFFFFF47
:1019B000FFFFFFFFFFFFFFFFFFFFFFFFFFFFFFFF37
:1019C000FFFFFFFFFFFFFFFFFFFFFFFFFFFFFFFF27
:1019D000FFFFFFFFFFFFFFFFFFFFFFFFFFFFFFFF17
:1019E000FFFFFFFFFFFFFFFFFFFFFFFFFFFFFFFF07
:1019F000FFFFFFFFFFFFFFFFFFFFFFFFFFFFFFFFF7
:101A0000FFFFFFFFFFFFFFFFFFFFFFFFFFFFFFFFE6
:101A1000FFFFFFFFFFFFFFFFFFFFFFFFFFFFFFFFD6
:101A2000FFFFFFFFFFFFFFFFFFFFFFFFFFFFFFFFC6
:101A3000FFFFFFFFFFFFFFFFFFFFFFFFFFFFFFFFB6
:101A4000FFFFFFFFFFFFFFFFFFFFFFFFFFFFFFFFA6
:101A5000FFFFFFFFFFFFFFFFFFFFFFFFFFFFFFFF96
:101A6000FFFFFFFFFFFFFFFFFFFFFFFFFFFFFFFF86
:101A7000FFFFFFFFFFFFFFFFFFFFFFFFFFFFFFFF76
:101A8000FFFFFFFFFFFFFFFFFFFFFFFFFFFFFFFF66
:101A9000FFFFFFFFFFFFFFFFFFFFFFFFFFFFFFFF56
:101AA000FFFFFFFFFFFFFFFFFFFFFFFFFFFFFFFF46
:101AB000FFFFFFFFFFFFFFFFFFFFFFFFFFFFFFFF36
:101AC000FFFFFFFFFFFFFFFFFFFFFFFFFFFFFFFF26
:101AD000FFFFFFFFFFFFFFFFFFFFFFFFFFFFFFFF16
:101AE000FFFFFFFFFFFFFFFFFFFFFFFFFFFFFFFF06
:101AF000FFFFFFFFFFFFFFFFFFFFFFFFFFFFFFFFF6
:101B0000FFFFFFFFFFFFFFFFFFFFFFFFFFFFFFFFE5
:101B1000FFFFFFFFFFFFFFFFFFFFFFFFFFFFFFFFD5
:101B2000FFFFFFFFFFFFFFFFFFFFFFFFFFFFFFFFC5
:101B3000FFFFFFFFFFFFFFFFFFFFFFFFFFFFFFFFB5
:101B4000FFFFFFFFFFFFFFFFFFFFFFFFFFFFFFFFA5
:101B5000FFFFFFFFFFFFFFFFFFFFFFFFFFFFFFFF95
:101B6000FFFFFFFFFFFFFFFFFFFFFFFFFFFFFFFF85
:101B7000FFFFFFFFFFFFFFFFFFFFFFFFFFFFFFFF75
:101B8000FFFFFFFFFFFFFFFFFFFFFFFFFFFFFFFF65
:101B9000FFFFFFFFFFFFFFFFFFFFFFFFFFFFFFFF55
:101BA000FFFFFFFFFFFFFFFFFFFFFFFFFFFFFFFF45
:101BB000FFFFFFFFFFFFFFFFFFFFFFFFFFFFFFFF35
:101BC000FFFFFFFFFFFFFFFFFFFFFFFFFFFFFFFF25
:101BD000FFFFFFFFFFFFFFFFFFFFFFFFFFFFFFFF15
:101BE000FFFFFFFFFFFFFFFFFFFFFFFFFFFFFFFF05
:101BF000FFFFFFFFFFFFFFFFFFFFFFFFFFFFFFFFF5
:101C0000FFFFFFFFFFFFFFFFFFFFFFFFFFFFFFFFE4
:101C1000FFFFFFFFFFFFFFFFFFFFFFFFFFFFFFFFD4
:101C2000FFFFFFFFFFFFFFFFFFFFFFFFFFFFFFFFC4
:101C3000FFFFFFFFFFFFFFFFFFFFFFFFFFFFFFFFB4
:101C4000FFFFFFFFFFFFFFFFFFFFFFFFFFFFFFFFA4
:101C5000FFFFFFFFFFFFFFFFFFFFFFFFFFFFFFFF94
:101C6000FFFFFFFFFFFFFFFFFFFFFFFFFFFFFFFF84
:101C7000FFFFFFFFFFFFFFFFFFFFFFFFFFFFFFFF74
:101C8000FFFFFFFFFFFFFFFFFFFFFFFFFFFFFFFF64
:101C9000FFFFFFFFFFFFFFFFFFFFFFFFFFFFFFFF54
:101CA000FFFFFFFFFFFFFFFFFFFFFFFFFFFFFFFF44
:101CB000FFFFFFFFFFFFFFFFFFFFFFFFFFFFFFFF34
:101CC000FFFFFFFFFFFFFFFFFFFFFFFFFFFFFFFF24
:101CD000FFFFFFFFFFFFFFFFFFFFFFFFFFFFFFFF14
:101CE000FFFFFFFFFFFFFFFFFFFFFFFFFFFFFFFF04
:101CF000FFFFFFFFFFFFFFFFFFFFFFFFFFFFFFFFF4
:101D0000FFFFFFFFFFFFFFFFFFFFFFFFFFFFFFFFE3
:101D1000FFFFFFFFFFFFFFFFFFFFFFFFFFFFFFFFD3
:101D2000FFFFFFFFFFFFFFFFFFFFFFFFFFFFFFFFC3
:101D3000FFFFFFFFFFFFFFFFFFFFFFFFFFFFFFFFB3
:101D4000FFFFFFFFFFFFFFFFFFFFFFFFFFFFFFFFA3
:101D5000FFFFFFFFFFFFFFFFFFFFFFFFFFFFFFFF93
:101D6000FFFFFFFFFFFFFFFFFFFFFFFFFFFFFFFF83
:101D7000FFFFFFFFFFFFFFFFFFFFFFFFFFFFFFFF73
:101D8000FFFFFFFFFFFFFFFFFFFFFFFFFFFFFFFF63
:101D9000FFFFFFFFFFFFFFFFFFFFFFFFFFFFFFFF53
:101DA000FFFFFFFFFFFFFFFFFFFFFFFFFFFFFFFF43
:101DB000FFFFFFFFFFFFFFFFFFFFFFFFFFFFFFFF33
:101DC000FFFFFFFFFFFFFFFFFFFFFFFFFFFFFFFF23
:101DD000FFFFFFFFFFFFFFFFFFFFFFFFFFFFFFFF13
:101DE000FFFFFFFFFFFFFFFFFFFFFFFFFFFFFFFF03
:101DF000FFFFFFFFFFFFFFFFFFFFFFFFFFFFFFFFF3
:101E0000FFFFFFFFFFFFFFFFFFFFFFFFFFFFFFFFE2
:101E1000FFFFFFFFFFFFFFFFFFFFFFFFFFFFFFFFD2
:101E2000FFFFFFFFFFFFFFFFFFFFFFFFFFFFFFFFC2
:101E3000FFFFFFFFFFFFFFFFFFFFFFFFFFFFFFFFB2
:101E4000FFFFFFFFFFFFFFFFFFFFFFFFFFFFFFFFA2
:101E5000FFFFFFFFFFFFFFFFFFFFFFFFFFFFFFFF92
:101E6000FFFFFFFFFFFFFFFFFFFFFFFFFFFFFFFF82
:101E7000FFFFFFFFFFFFFFFFFFFFFFFFFFFFFFFF72
:101E8000FFFFFFFFFFFFFFFFFFFFFFFFFFFFFFFF62
:101E9000FFFFFFFFFFFFFFFFFFFFFFFFFFFFFFFF52
:101EA000FFFFFFFFFFFFFFFFFFFFFFFFFFFFFFFF42
:101EB000FFFFFFFFFFFFFFFFFFFFFFFFFFFFFFFF32
:101EC000FFFFFFFFFFFFFFFFFFFFFFFFFFFFFFFF22
:101ED000FFFFFFFFFFFFFFFFFFFFFFFFFFFFFFFF12
:101EE000FFFFFFFFFFFFFFFFFFFFFFFFFFFFFFFF02
:101EF000FFFFFFFFFFFFFFFFFFFFFFFFFFFFFFFFF2
:101F0000FFFFFFFFFFFFFFFFFFFFFFFFFFFFFFFFE1
:101F1000FFFFFFFFFFFFFFFFFFFFFFFFFFFFFFFFD1
:101F2000FFFFFFFFFFFFFFFFFFFFFFFFFFFFFFFFC1
:101F3000FFFFFFFFFFFFFFFFFFFFFFFFFFFFFFFFB1
:101F4000FFFFFFFFFFFFFFFFFFFFFFFFFFFFFFFFA1
:101F5000FFFFFFFFFFFFFFFFFFFFFFFFFFFFFFFF91
:101F6000FFFFFFFFFFFFFFFFFFFFFFFFFFFFFFFF81
:101F7000FFFFFFFFFFFFFFFFFFFFFFFFFFFFFFFF71
:101F8000FFFFFFFFFFFFFFFFFFFFFFFFFFFFFFFF61
:101F9000FFFFFFFFFFFFFFFFFFFFFFFFFFFFFFFF51
:101FA000FFFFFFFFFFFFFFFFFFFFFFFFFFFFFFFF41
:101FB000FFFFFFFFFFFFFFFFFFFFFFFFFFFFFFFF31
:101FC000FFFFFFFFFFFFFFFFFFFFFFFFFFFFFFFF21
:101FD000FFFFFFFFFFFFFFFFFFFFFFFFFFFFFFFF11
:101FE000FFFFFFFFFFFFFFFFFFFFFFFFFFFFFFFF01
:101FF000FFFFFFFFFFFFFFFFFFFFFFFFFFFFFFFFF1
:10200000FFFFFFFFFFFFFFFFFFFFFFFFFFFFFFFFE0
:10201000FFFFFFFFFFFFFFFFFFFFFFFFFFFFFFFFD0
:10202000FFFFFFFFFFFFFFFFFFFFFFFFFFFFFFFFC0
:10203000FFFFFFFFFFFFFFFFFFFFFFFFFFFFFFFFB0
:10204000FFFFFFFFFFFFFFFFFFFFFFFFFFFFFFFFA0
:10205000FFFFFFFFFFFFFFFFFFFFFFFFFFFFFFFF90
:10206000FFFFFFFFFFFFFFFFFFFFFFFFFFFFFFFF80
:10207000FFFFFFFFFFFFFFFFFFFFFFFFFFFFFFFF70
:10208000FFFFFFFFFFFFFFFFFFFFFFFFFFFFFFFF60
:10209000FFFFFFFFFFFFFFFFFFFFFFFFFFFFFFFF50
:1020A000FFFFFFFFFFFFFFFFFFFFFFFFFFFFFFFF40
:1020B000FFFFFFFFFFFFFFFFFFFFFFFFFFFFFFFF30
:1020C000FFFFFFFFFFFFFFFFFFFFFFFFFFFFFFFF20
:1020D000FFFFFFFFFFFFFFFFFFFFFFFFFFFFFFFF10
:1020E000FFFFFFFFFFFFFFFFFFFFFFFFFFFFFFFF00
:1020F000FFFFFFFFFFFFFFFFFFFFFFFFFFFFFFFFF0
:10210000FFFFFFFFFFFFFFFFFFFFFFFFFFFFFFFFDF
:10211000FFFFFFFFFFFFFFFFFFFFFFFFFFFFFFFFCF
:10212000FFFFFFFFFFFFFFFFFFFFFFFFFFFFFFFFBF
:10213000FFFFFFFFFFFFFFFFFFFFFFFFFFFFFFFFAF
:10214000FFFFFFFFFFFFFFFFFFFFFFFFFFFFFFFF9F
:10215000FFFFFFFFFFFFFFFFFFFFFFFFFFFFFFFF8F
:10216000FFFFFFFFFFFFFFFFFFFFFFFFFFFFFFFF7F
:10217000FFFFFFFFFFFFFFFFFFFFFFFFFFFFFFFF6F
:10218000FFFFFFFFFFFFFFFFFFFFFFFFFFFFFFFF5F
:10219000FFFFFFFFFFFFFFFFFFFFFFFFFFFFFFFF4F
:1021A000FFFFFFFFFFFFFFFFFFFFFFFFFFFFFFFF3F
:1021B000FFFFFFFFFFFFFFFFFFFFFFFFFFFFFFFF2F
:1021C000FFFFFFFFFFFFFFFFFFFFFFFFFFFFFFFF1F
:1021D000FFFFFFFFFFFFFFFFFFFFFFFFFFFFFFFF0F
:1021E000FFFFFFFFFFFFFFFFFFFFFFFFFFFFFFFFFF
:1021F000FFFFFFFFFFFFFFFFFFFFFFFFFFFFFFFFEF
:10220000FFFFFFFFFFFFFFFFFFFFFFFFFFFFFFFFDE
:10221000FFFFFFFFFFFFFFFFFFFFFFFFFFFFFFFFCE
:10222000FFFFFFFFFFFFFFFFFFFFFFFFFFFFFFFFBE
:10223000FFFFFFFFFFFFFFFFFFFFFFFFFFFFFFFFAE
:10224000FFFFFFFFFFFFFFFFFFFFFFFFFFFFFFFF9E
:10225000FFFFFFFFFFFFFFFFFFFFFFFFFFFFFFFF8E
:10226000FFFFFFFFFFFFFFFFFFFFFFFFFFFFFFFF7E
:10227000FFFFFFFFFFFFFFFFFFFFFFFFFFFFFFFF6E
:10228000FFFFFFFFFFFFFFFFFFFFFFFFFFFFFFFF5E
:10229000FFFFFFFFFFFFFFFFFFFFFFFFFFFFFFFF4E
:1022A000FFFFFFFFFFFFFFFFFFFFFFFFFFFFFFFF3E
:1022B000FFFFFFFFFFFFFFFFFFFFFFFFFFFFFFFF2E
:1022C000FFFFFFFFFFFFFFFFFFFFFFFFFFFFFFFF1E
:1022D000FFFFFFFFFFFFFFFFFFFFFFFFFFFFFFFF0E
:1022E000FFFFFFFFFFFFFFFFFFFFFFFFFFFFFFFFFE
:1022F000FFFFFFFFFFFFFFFFFFFFFFFFFFFFFFFFEE
:10230000FFFFFFFFFFFFFFFFFFFFFFFFFFFFFFFFDD
:10231000FFFFFFFFFFFFFFFFFFFFFFFFFFFFFFFFCD
:10232000FFFFFFFFFFFFFFFFFFFFFFFFFFFFFFFFBD
:10233000FFFFFFFFFFFFFFFFFFFFFFFFFFFFFFFFAD
:10234000FFFFFFFFFFFFFFFFFFFFFFFFFFFFFFFF9D
:10235000FFFFFFFFFFFFFFFFFFFFFFFFFFFFFFFF8D
:10236000FFFFFFFFFFFFFFFFFFFFFFFFFFFFFFFF7D
:10237000FFFFFFFFFFFFFFFFFFFFFFFFFFFFFFFF6D
:10238000FFFFFFFFFFFFFFFFFFFFFFFFFFFFFFFF5D
:10239000FFFFFFFFFFFFFFFFFFFFFFFFFFFFFFFF4D
:1023A000FFFFFFFFFFFFFFFFFFFFFFFFFFFFFFFF3D
:1023B000FFFFFFFFFFFFFFFFFFFFFFFFFFFFFFFF2D
:1023C000FFFFFFFFFFFFFFFFFFFFFFFFFFFFFFFF1D
:1023D000FFFFFFFFFFFFFFFFFFFFFFFFFFFFFFFF0D
:1023E000FFFFFFFFFFFFFFFFFFFFFFFFFFFFFFFFFD
:1023F000FFFFFFFFFFFFFFFFFFFFFFFFFFFFFFFFED
:10240000FFFFFFFFFFFFFFFFFFFFFFFFFFFFFFFFDC
:10241000FFFFFFFFFFFFFFFFFFFFFFFFFFFFFFFFCC
:10242000FFFFFFFFFFFFFFFFFFFFFFFFFFFFFFFFBC
:10243000FFFFFFFFFFFFFFFFFFFFFFFFFFFFFFFFAC
:10244000FFFFFFFFFFFFFFFFFFFFFFFFFFFFFFFF9C
:10245000FFFFFFFFFFFFFFFFFFFFFFFFFFFFFFFF8C
:10246000FFFFFFFFFFFFFFFFFFFFFFFFFFFFFFFF7C
:10247000FFFFFFFFFFFFFFFFFFFFFFFFFFFFFFFF6C
:10248000FFFFFFFFFFFFFFFFFFFFFFFFFFFFFFFF5C
:10249000FFFFFFFFFFFFFFFFFFFFFFFFFFFFFFFF4C
:1024A000FFFFFFFFFFFFFFFFFFFFFFFFFFFFFFFF3C
:1024B000FFFFFFFFFFFFFFFFFFFFFFFFFFFFFFFF2C
:1024C000FFFFFFFFFFFFFFFFFFFFFFFFFFFFFFFF1C
:1024D000FFFFFFFFFFFFFFFFFFFFFFFFFFFFFFFF0C
:1024E000FFFFFFFFFFFFFFFFFFFFFFFFFFFFFFFFFC
:1024F000FFFFFFFFFFFFFFFFFFFFFFFFFFFFFFFFEC
:10250000FFFFFFFFFFFFFFFFFFFFFFFFFFFFFFFFDB
:10251000FFFFFFFFFFFFFFFFFFFFFFFFFFFFFFFFCB
:10252000FFFFFFFFFFFFFFFFFFFFFFFFFFFFFFFFBB
:10253000FFFFFFFFFFFFFFFFFFFFFFFFFFFFFFFFAB
:10254000FFFFFFFFFFFFFFFFFFFFFFFFFFFFFFFF9B
:10255000FFFFFFFFFFFFFFFFFFFFFFFFFFFFFFFF8B
:10256000FFFFFFFFFFFFFFFFFFFFFFFFFFFFFFFF7B
:10257000FFFFFFFFFFFFFFFFFFFFFFFFFFFFFFFF6B
:10258000FFFFFFFFFFFFFFFFFFFFFFFFFFFFFFFF5B
:10259000FFFFFFFFFFFFFFFFFFFFFFFFFFFFFFFF4B
:1025A000FFFFFFFFFFFFFFFFFFFFFFFFFFFFFFFF3B
:1025B000FFFFFFFFFFFFFFFFFFFFFFFFFFFFFFFF2B
:1025C000FFFFFFFFFFFFFFFFFFFFFFFFFFFFFFFF1B
:1025D000FFFFFFFFFFFFFFFFFFFFFFFFFFFFFFFF0B
:1025E000FFFFFFFFFFFFFFFFFFFFFFFFFFFFFFFFFB
:1025F000FFFFFFFFFFFFFFFFFFFFFFFFFFFFFFFFEB
:10260000FFFFFFFFFFFFFFFFFFFFFFFFFFFFFFFFDA
:10261000FFFFFFFFFFFFFFFFFFFFFFFFFFFFFFFFCA
:10262000FFFFFFFFFFFFFFFFFFFFFFFFFFFFFFFFBA
:10263000FFFFFFFFFFFFFFFFFFFFFFFFFFFFFFFFAA
:10264000FFFFFFFFFFFFFFFFFFFFFFFFFFFFFFFF9A
:10265000FFFFFFFFFFFFFFFFFFFFFFFFFFFFFFFF8A
:10266000FFFFFFFFFFFFFFFFFFFFFFFFFFFFFFFF7A
:10267000FFFFFFFFFFFFFFFFFFFFFFFFFFFFFFFF6A
:10268000FFFFFFFFFFFFFFFFFFFFFFFFFFFFFFFF5A
:10269000FFFFFFFFFFFFFFFFFFFFFFFFFFFFFFFF4A
:1026A000FFFFFFFFFFFFFFFFFFFFFFFFFFFFFFFF3A
:1026B000FFFFFFFFFFFFFFFFFFFFFFFFFFFFFFFF2A
:1026C000FFFFFFFFFFFFFFFFFFFFFFFFFFFFFFFF1A
:1026D000FFFFFFFFFFFFFFFFFFFFFFFFFFFFFFFF0A
:1026E000FFFFFFFFFFFFFFFFFFFFFFFFFFFFFFFFFA
:1026F000FFFFFFFFFFFFFFFFFFFFFFFFFFFFFFFFEA
:10270000FFFFFFFFFFFFFFFFFFFFFFFFFFFFFFFFD9
:10271000FFFFFFFFFFFFFFFFFFFFFFFFFFFFFFFFC9
:10272000FFFFFFFFFFFFFFFFFFFFFFFFFFFFFFFFB9
:10273000FFFFFFFFFFFFFFFFFFFFFFFFFFFFFFFFA9
:10274000FFFFFFFFFFFFFFFFFFFFFFFFFFFFFFFF99
:10275000FFFFFFFFFFFFFFFFFFFFFFFFFFFFFFFF89
:10276000FFFFFFFFFFFFFFFFFFFFFFFFFFFFFFFF79
:10277000FFFFFFFFFFFFFFFFFFFFFFFFFFFFFFFF69
:10278000FFFFFFFFFFFFFFFFFFFFFFFFFFFFFFFF59
:10279000FFFFFFFFFFFFFFFFFFFFFFFFFFFFFFFF49
:1027A000FFFFFFFFFFFFFFFFFFFFFFFFFFFFFFFF39
:1027B000FFFFFFFFFFFFFFFFFFFFFFFFFFFFFFFF29
:1027C000FFFFFFFFFFFFFFFFFFFFFFFFFFFFFFFF19
:1027D000FFFFFFFFFFFFFFFFFFFFFFFFFFFFFFFF09
:1027E000FFFFFFFFFFFFFFFFFFFFFFFFFFFFFFFFF9
:1027F000FFFFFFFFFFFFFFFFFFFFFFFFFFFFFFFFE9
:10280000FFFFFFFFFFFFFFFFFFFFFFFFFFFFFFFFD8
:10281000FFFFFFFFFFFFFFFFFFFFFFFFFFFFFFFFC8
:10282000FFFFFFFFFFFFFFFFFFFFFFFFFFFFFFFFB8
:10283000FFFFFFFFFFFFFFFFFFFFFFFFFFFFFFFFA8
:10284000FFFFFFFFFFFFFFFFFFFFFFFFFFFFFFFF98
:10285000FFFFFFFFFFFFFFFFFFFFFFFFFFFFFFFF88
:10286000FFFFFFFFFFFFFFFFFFFFFFFFFFFFFFFF78
:10287000FFFFFFFFFFFFFFFFFFFFFFFFFFFFFFFF68
:10288000FFFFFFFFFFFFFFFFFFFFFFFFFFFFFFFF58
:10289000FFFFFFFFFFFFFFFFFFFFFFFFFFFFFFFF48
:1028A000FFFFFFFFFFFFFFFFFFFFFFFFFFFFFFFF38
:1028B000FFFFFFFFFFFFFFFFFFFFFFFFFFFFFFFF28
:1028C000FFFFFFFFFFFFFFFFFFFFFFFFFFFFFFFF18
:1028D000FFFFFFFFFFFFFFFFFFFFFFFFFFFFFFFF08
:1028E000FFFFFFFFFFFFFFFFFFFFFFFFFFFFFFFFF8
:1028F000FFFFFFFFFFFFFFFFFFFFFFFFFFFFFFFFE8
:10290000FFFFFFFFFFFFFFFFFFFFFFFFFFFFFFFFD7
:10291000FFFFFFFFFFFFFFFFFFFFFFFFFFFFFFFFC7
:10292000FFFFFFFFFFFFFFFFFFFFFFFFFFFFFFFFB7
:10293000FFFFFFFFFFFFFFFFFFFFFFFFFFFFFFFFA7
:10294000FFFFFFFFFFFFFFFFFFFFFFFFFFFFFFFF97
:10295000FFFFFFFFFFFFFFFFFFFFFFFFFFFFFFFF87
:10296000FFFFFFFFFFFFFFFFFFFFFFFFFFFFFFFF77
:10297000FFFFFFFFFFFFFFFFFFFFFFFFFFFFFFFF67
:10298000FFFFFFFFFFFFFFFFFFFFFFFFFFFFFFFF57
:10299000FFFFFFFFFFFFFFFFFFFFFFFFFFFFFFFF47
:1029A000FFFFFFFFFFFFFFFFFFFFFFFFFFFFFFFF37
:1029B000FFFFFFFFFFFFFFFFFFFFFFFFFFFFFFFF27
:1029C000FFFFFFFFFFFFFFFFFFFFFFFFFFFFFFFF17
:1029D000FFFFFFFFFFFFFFFFFFFFFFFFFFFFFFFF07
:1029E000FFFFFFFFFFFFFFFFFFFFFFFFFFFFFFFFF7
:1029F000FFFFFFFFFFFFFFFFFFFFFFFFFFFFFFFFE7
:102A0000FFFFFFFFFFFFFFFFFFFFFFFFFFFFFFFFD6
:102A1000FFFFFFFFFFFFFFFFFFFFFFFFFFFFFFFFC6
:102A2000FFFFFFFFFFFFFFFFFFFFFFFFFFFFFFFFB6
:102A3000FFFFFFFFFFFFFFFFFFFFFFFFFFFFFFFFA6
:102A4000FFFFFFFFFFFFFFFFFFFFFFFFFFFFFFFF96
:102A5000FFFFFFFFFFFFFFFFFFFFFFFFFFFFFFFF86
:102A6000FFFFFFFFFFFFFFFFFFFFFFFFFFFFFFFF76
:102A7000FFFFFFFFFFFFFFFFFFFFFFFFFFFFFFFF66
:102A8000FFFFFFFFFFFFFFFFFFFFFFFFFFFFFFFF56
:102A9000FFFFFFFFFFFFFFFFFFFFFFFFFFFFFFFF46
:102AA000FFFFFFFFFFFFFFFFFFFFFFFFFFFFFFFF36
:102AB000FFFFFFFFFFFFFFFFFFFFFFFFFFFFFFFF26
:102AC000FFFFFFFFFFFFFFFFFFFFFFFFFFFFFFFF16
:102AD000FFFFFFFFFFFFFFFFFFFFFFFFFFFFFFFF06
:102AE000FFFFFFFFFFFFFFFFFFFFFFFFFFFFFFFFF6
:102AF000FFFFFFFFFFFFFFFFFFFFFFFFFFFFFFFFE6
:102B0000FFFFFFFFFFFFFFFFFFFFFFFFFFFFFFFFD5
:102B1000FFFFFFFFFFFFFFFFFFFFFFFFFFFFFFFFC5
:102B2000FFFFFFFFFFFFFFFFFFFFFFFFFFFFFFFFB5
:102B3000FFFFFFFFFFFFFFFFFFFFFFFFFFFFFFFFA5
:102B4000FFFFFFFFFFFFFFFFFFFFFFFFFFFFFFFF95
:102B5000FFFFFFFFFFFFFFFFFFFFFFFFFFFFFFFF85
:102B6000FFFFFFFFFFFFFFFFFFFFFFFFFFFFFFFF75
:102B7000FFFFFFFFFFFFFFFFFFFFFFFFFFFFFFFF65
:102B8000FFFFFFFFFFFFFFFFFFFFFFFFFFFFFFFF55
:102B9000FFFFFFFFFFFFFFFFFFFFFFFFFFFFFFFF45
:102BA000FFFFFFFFFFFFFFFFFFFFFFFFFFFFFFFF35
:102BB000FFFFFFFFFFFFFFFFFFFFFFFFFFFFFFFF25
:102BC000FFFFFFFFFFFFFFFFFFFFFFFFFFFFFFFF15
:102BD000FFFFFFFFFFFFFFFFFFFFFFFFFFFFFFFF05
:102BE000FFFFFFFFFFFFFFFFFFFFFFFFFFFFFFFFF5
:102BF000FFFFFFFFFFFFFFFFFFFFFFFFFFFFFFFFE5
:102C0000FFFFFFFFFFFFFFFFFFFFFFFFFFFFFFFFD4
:102C1000FFFFFFFFFFFFFFFFFFFFFFFFFFFFFFFFC4
:102C2000FFFFFFFFFFFFFFFFFFFFFFFFFFFFFFFFB4
:102C3000FFFFFFFFFFFFFFFFFFFFFFFFFFFFFFFFA4
:102C4000FFFFFFFFFFFFFFFFFFFFFFFFFFFFFFFF94
:102C5000FFFFFFFFFFFFFFFFFFFFFFFFFFFFFFFF84
:102C6000FFFFFFFFFFFFFFFFFFFFFFFFFFFFFFFF74
:102C7000FFFFFFFFFFFFFFFFFFFFFFFFFFFFFFFF64
:102C8000FFFFFFFFFFFFFFFFFFFFFFFFFFFFFFFF54
:102C9000FFFFFFFFFFFFFFFFFFFFFFFFFFFFFFFF44
:102CA000FFFFFFFFFFFFFFFFFFFFFFFFFFFFFFFF34
:102CB000FFFFFFFFFFFFFFFFFFFFFFFFFFFFFFFF24
:102CC000FFFFFFFFFFFFFFFFFFFFFFFFFFFFFFFF14
:102CD000FFFFFFFFFFFFFFFFFFFFFFFFFFFFFFFF04
:102CE000FFFFFFFFFFFFFFFFFFFFFFFFFFFFFFFFF4
:102CF000FFFFFFFFFFFFFFFFFFFFFFFFFFFFFFFFE4
:102D0000FFFFFFFFFFFFFFFFFFFFFFFFFFFFFFFFD3
:102D1000FFFFFFFFFFFFFFFFFFFFFFFFFFFFFFFFC3
:102D2000FFFFFFFFFFFFFFFFFFFFFFFFFFFFFFFFB3
:102D3000FFFFFFFFFFFFFFFFFFFFFFFFFFFFFFFFA3
:102D4000FFFFFFFFFFFFFFFFFFFFFFFFFFFFFFFF93
:102D5000FFFFFFFFFFFFFFFFFFFFFFFFFFFFFFFF83
:102D6000FFFFFFFFFFFFFFFFFFFFFFFFFFFFFFFF73
:102D7000FFFFFFFFFFFFFFFFFFFFFFFFFFFFFFFF63
:102D8000FFFFFFFFFFFFFFFFFFFFFFFFFFFFFFFF53
:102D9000FFFFFFFFFFFFFFFFFFFFFFFFFFFFFFFF43
:102DA000FFFFFFFFFFFFFFFFFFFFFFFFFFFFFFFF33
:102DB000FFFFFFFFFFFFFFFFFFFFFFFFFFFFFFFF23
:102DC000FFFFFFFFFFFFFFFFFFFFFFFFFFFFFFFF13
:102DD000FFFFFFFFFFFFFFFFFFFFFFFFFFFFFFFF03
:102DE000FFFFFFFFFFFFFFFFFFFFFFFFFFFFFFFFF3
:102DF000FFFFFFFFFFFFFFFFFFFFFFFFFFFFFFFFE3
:102E0000FFFFFFFFFFFFFFFFFFFFFFFFFFFFFFFFD2
:102E1000FFFFFFFFFFFFFFFFFFFFFFFFFFFFFFFFC2
:102E2000FFFFFFFFFFFFFFFFFFFFFFFFFFFFFFFFB2
:102E3000FFFFFFFFFFFFFFFFFFFFFFFFFFFFFFFFA2
:102E4000FFFFFFFFFFFFFFFFFFFFFFFFFFFFFFFF92
:102E5000FFFFFFFFFFFFFFFFFFFFFFFFFFFFFFFF82
:102E6000FFFFFFFFFFFFFFFFFFFFFFFFFFFFFFFF72
:102E7000FFFFFFFFFFFFFFFFFFFFFFFFFFFFFFFF62
:102E8000FFFFFFFFFFFFFFFFFFFFFFFFFFFFFFFF52
:102E9000FFFFFFFFFFFFFFFFFFFFFFFFFFFFFFFF42
:102EA000FFFFFFFFFFFFFFFFFFFFFFFFFFFFFFFF32
:102EB000FFFFFFFFFFFFFFFFFFFFFFFFFFFFFFFF22
:102EC000FFFFFFFFFFFFFFFFFFFFFFFFFFFFFFFF12
:102ED000FFFFFFFFFFFFFFFFFFFFFFFFFFFFFFFF02
:102EE000FFFFFFFFFFFFFFFFFFFFFFFFFFFFFFFFF2
:102EF000FFFFFFFFFFFFFFFFFFFFFFFFFFFFFFFFE2
:102F0000FFFFFFFFFFFFFFFFFFFFFFFFFFFFFFFFD1
:102F1000FFFFFFFFFFFFFFFFFFFFFFFFFFFFFFFFC1
:102F2000FFFFFFFFFFFFFFFFFFFFFFFFFFFFFFFFB1
:102F3000FFFFFFFFFFFFFFFFFFFFFFFFFFFFFFFFA1
:102F4000FFFFFFFFFFFFFFFFFFFFFFFFFFFFFFFF91
:102F5000FFFFFFFFFFFFFFFFFFFFFFFFFFFFFFFF81
:102F6000FFFFFFFFFFFFFFFFFFFFFFFFFFFFFFFF71
:102F7000FFFFFFFFFFFFFFFFFFFFFFFFFFFFFFFF61
:102F8000FFFFFFFFFFFFFFFFFFFFFFFFFFFFFFFF51
:102F9000FFFFFFFFFFFFFFFFFFFFFFFFFFFFFFFF41
:102FA000FFFFFFFFFFFFFFFFFFFFFFFFFFFFFFFF31
:102FB000FFFFFFFFFFFFFFFFFFFFFFFFFFFFFFFF21
:102FC000FFFFFFFFFFFFFFFFFFFFFFFFFFFFFFFF11
:102FD000FFFFFFFFFFFFFFFFFFFFFFFFFFFFFFFF01
:102FE000FFFFFFFFFFFFFFFFFFFFFFFFFFFFFFFFF1
:102FF000FFFFFFFFFFFFFFFFFFFFFFFFFFFFFFFFE1
:10300000FFFFFFFFFFFFFFFFFFFFFFFFFFFFFFFFD0
:10301000FFFFFFFFFFFFFFFFFFFFFFFFFFFFFFFFC0
:10302000FFFFFFFFFFFFFFFFFFFFFFFFFFFFFFFFB0
:10303000FFFFFFFFFFFFFFFFFFFFFFFFFFFFFFFFA0
:10304000FFFFFFFFFFFFFFFFFFFFFFFFFFFFFFFF90
:10305000FFFFFFFFFFFFFFFFFFFFFFFFFFFFFFFF80
:10306000FFFFFFFFFFFFFFFFFFFFFFFFFFFFFFFF70
:10307000FFFFFFFFFFFFFFFFFFFFFFFFFFFFFFFF60
:10308000FFFFFFFFFFFFFFFFFFFFFFFFFFFFFFFF50
:10309000FFFFFFFFFFFFFFFFFFFFFFFFFFFFFFFF40
:1030A000FFFFFFFFFFFFFFFFFFFFFFFFFFFFFFFF30
:1030B000FFFFFFFFFFFFFFFFFFFFFFFFFFFFFFFF20
:1030C000FFFFFFFFFFFFFFFFFFFFFFFFFFFFFFFF10
:1030D000FFFFFFFFFFFFFFFFFFFFFFFFFFFFFFFF00
:1030E000FFFFFFFFFFFFFFFFFFFFFFFFFFFFFFFFF0
:1030F000FFFFFFFFFFFFFFFFFFFFFFFFFFFFFFFFE0
:10310000FFFFFFFFFFFFFFFFFFFFFFFFFFFFFFFFCF
:10311000FFFFFFFFFFFFFFFFFFFFFFFFFFFFFFFFBF
:10312000FFFFFFFFFFFFFFFFFFFFFFFFFFFFFFFFAF
:10313000FFFFFFFFFFFFFFFFFFFFFFFFFFFFFFFF9F
:10314000FFFFFFFFFFFFFFFFFFFFFFFFFFFFFFFF8F
:10315000FFFFFFFFFFFFFFFFFFFFFFFFFFFFFFFF7F
:10316000FFFFFFFFFFFFFFFFFFFFFFFFFFFFFFFF6F
:10317000FFFFFFFFFFFFFFFFFFFFFFFFFFFFFFFF5F
:10318000FFFFFFFFFFFFFFFFFFFFFFFFFFFFFFFF4F
:10319000FFFFFFFFFFFFFFFFFFFFFFFFFFFFFFFF3F
:1031A000FFFFFFFFFFFFFFFFFFFFFFFFFFFFFFFF2F
:1031B000FFFFFFFFFFFFFFFFFFFFFFFFFFFFFFFF1F
:1031C000FFFFFFFFFFFFFFFFFFFFFFFFFFFFFFFF0F
:1031D000FFFFFFFFFFFFFFFFFFFFFFFFFFFFFFFFFF
:1031E000FFFFFFFFFFFFFFFFFFFFFFFFFFFFFFFFEF
:1031F000FFFFFFFFFFFFFFFFFFFFFFFFFFFFFFFFDF
:10320000FFFFFFFFFFFFFFFFFFFFFFFFFFFFFFFFCE
:10321000FFFFFFFFFFFFFFFFFFFFFFFFFFFFFFFFBE
:10322000FFFFFFFFFFFFFFFFFFFFFFFFFFFFFFFFAE
:10323000FFFFFFFFFFFFFFFFFFFFFFFFFFFFFFFF9E
:10324000FFFFFFFFFFFFFFFFFFFFFFFFFFFFFFFF8E
:10325000FFFFFFFFFFFFFFFFFFFFFFFFFFFFFFFF7E
:10326000FFFFFFFFFFFFFFFFFFFFFFFFFFFFFFFF6E
:10327000FFFFFFFFFFFFFFFFFFFFFFFFFFFFFFFF5E
:10328000FFFFFFFFFFFFFFFFFFFFFFFFFFFFFFFF4E
:10329000FFFFFFFFFFFFFFFFFFFFFFFFFFFFFFFF3E
:1032A000FFFFFFFFFFFFFFFFFFFFFFFFFFFFFFFF2E
:1032B000FFFFFFFFFFFFFFFFFFFFFFFFFFFFFFFF1E
:1032C000FFFFFFFFFFFFFFFFFFFFFFFFFFFFFFFF0E
:1032D000FFFFFFFFFFFFFFFFFFFFFFFFFFFFFFFFFE
:1032E000FFFFFFFFFFFFFFFFFFFFFFFFFFFFFFFFEE
:1032F000FFFFFFFFFFFFFFFFFFFFFFFFFFFFFFFFDE
:10330000FFFFFFFFFFFFFFFFFFFFFFFFFFFFFFFFCD
:10331000FFFFFFFFFFFFFFFFFFFFFFFFFFFFFFFFBD
:10332000FFFFFFFFFFFFFFFFFFFFFFFFFFFFFFFFAD
:10333000FFFFFFFFFFFFFFFFFFFFFFFFFFFFFFFF9D
:10334000FFFFFFFFFFFFFFFFFFFFFFFFFFFFFFFF8D
:10335000FFFFFFFFFFFFFFFFFFFFFFFFFFFFFFFF7D
:10336000FFFFFFFFFFFFFFFFFFFFFFFFFFFFFFFF6D
:10337000FFFFFFFFFFFFFFFFFFFFFFFFFFFFFFFF5D
:10338000FFFFFFFFFFFFFFFFFFFFFFFFFFFFFFFF4D
:10339000FFFFFFFFFFFFFFFFFFFFFFFFFFFFFFFF3D
:1033A000FFFFFFFFFFFFFFFFFFFFFFFFFFFFFFFF2D
:1033B000FFFFFFFFFFFFFFFFFFFFFFFFFFFFFFFF1D
:1033C000FFFFFFFFFFFFFFFFFFFFFFFFFFFFFFFF0D
:1033D000FFFFFFFFFFFFFFFFFFFFFFFFFFFFFFFFFD
:1033E000FFFFFFFFFFFFFFFFFFFFFFFFFFFFFFFFED
:1033F000FFFFFFFFFFFFFFFFFFFFFFFFFFFFFFFFDD
:10340000FFFFFFFFFFFFFFFFFFFFFFFFFFFFFFFFCC
:10341000FFFFFFFFFFFFFFFFFFFFFFFFFFFFFFFFBC
:10342000FFFFFFFFFFFFFFFFFFFFFFFFFFFFFFFFAC
:10343000FFFFFFFFFFFFFFFFFFFFFFFFFFFFFFFF9C
:10344000FFFFFFFFFFFFFFFFFFFFFFFFFFFFFFFF8C
:10345000FFFFFFFFFFFFFFFFFFFFFFFFFFFFFFFF7C
:10346000FFFFFFFFFFFFFFFFFFFFFFFFFFFFFFFF6C
:10347000FFFFFFFFFFFFFFFFFFFFFFFFFFFFFFFF5C
:10348000FFFFFFFFFFFFFFFFFFFFFFFFFFFFFFFF4C
:10349000FFFFFFFFFFFFFFFFFFFFFFFFFFFFFFFF3C
:1034A000FFFFFFFFFFFFFFFFFFFFFFFFFFFFFFFF2C
:1034B000FFFFFFFFFFFFFFFFFFFFFFFFFFFFFFFF1C
:1034C000FFFFFFFFFFFFFFFFFFFFFFFFFFFFFFFF0C
:1034D000FFFFFFFFFFFFFFFFFFFFFFFFFFFFFFFFFC
:1034E000FFFFFFFFFFFFFFFFFFFFFFFFFFFFFFFFEC
:1034F000FFFFFFFFFFFFFFFFFFFFFFFFFFFFFFFFDC
:10350000FFFFFFFFFFFFFFFFFFFFFFFFFFFFFFFFCB
:10351000FFFFFFFFFFFFFFFFFFFFFFFFFFFFFFFFBB
:10352000FFFFFFFFFFFFFFFFFFFFFFFFFFFFFFFFAB
:10353000FFFFFFFFFFFFFFFFFFFFFFFFFFFFFFFF9B
:10354000FFFFFFFFFFFFFFFFFFFFFFFFFFFFFFFF8B
:10355000FFFFFFFFFFFFFFFFFFFFFFFFFFFFFFFF7B
:10356000FFFFFFFFFFFFFFFFFFFFFFFFFFFFFFFF6B
:10357000FFFFFFFFFFFFFFFFFFFFFFFFFFFFFFFF5B
:10358000FFFFFFFFFFFFFFFFFFFFFFFFFFFFFFFF4B
:10359000FFFFFFFFFFFFFFFFFFFFFFFFFFFFFFFF3B
:1035A000FFFFFFFFFFFFFFFFFFFFFFFFFFFFFFFF2B
:1035B000FFFFFFFFFFFFFFFFFFFFFFFFFFFFFFFF1B
:1035C000FFFFFFFFFFFFFFFFFFFFFFFFFFFFFFFF0B
:1035D000FFFFFFFFFFFFFFFFFFFFFFFFFFFFFFFFFB
:1035E000FFFFFFFFFFFFFFFFFFFFFFFFFFFFFFFFEB
:1035F000FFFFFFFFFFFFFFFFFFFFFFFFFFFFFFFFDB
:10360000FFFFFFFFFFFFFFFFFFFFFFFFFFFFFFFFCA
:10361000FFFFFFFFFFFFFFFFFFFFFFFFFFFFFFFFBA
:10362000FFFFFFFFFFFFFFFFFFFFFFFFFFFFFFFFAA
:10363000FFFFFFFFFFFFFFFFFFFFFFFFFFFFFFFF9A
:10364000FFFFFFFFFFFFFFFFFFFFFFFFFFFFFFFF8A
:10365000FFFFFFFFFFFFFFFFFFFFFFFFFFFFFFFF7A
:10366000FFFFFFFFFFFFFFFFFFFFFFFFFFFFFFFF6A
:10367000FFFFFFFFFFFFFFFFFFFFFFFFFFFFFFFF5A
:10368000FFFFFFFFFFFFFFFFFFFFFFFFFFFFFFFF4A
:10369000FFFFFFFFFFFFFFFFFFFFFFFFFFFFFFFF3A
:1036A000FFFFFFFFFFFFFFFFFFFFFFFFFFFFFFFF2A
:1036B000FFFFFFFFFFFFFFFFFFFFFFFFFFFFFFFF1A
:1036C000FFFFFFFFFFFFFFFFFFFFFFFFFFFFFFFF0A
:1036D000FFFFFFFFFFFFFFFFFFFFFFFFFFFFFFFFFA
:1036E000FFFFFFFFFFFFFFFFFFFFFFFFFFFFFFFFEA
:1036F000FFFFFFFFFFFFFFFFFFFFFFFFFFFFFFFFDA
:10370000FFFFFFFFFFFFFFFFFFFFFFFFFFFFFFFFC9
:10371000FFFFFFFFFFFFFFFFFFFFFFFFFFFFFFFFB9
:10372000FFFFFFFFFFFFFFFFFFFFFFFFFFFFFFFFA9
:10373000FFFFFFFFFFFFFFFFFFFFFFFFFFFFFFFF99
:10374000FFFFFFFFFFFFFFFFFFFFFFFFFFFFFFFF89
:10375000FFFFFFFFFFFFFFFFFFFFFFFFFFFFFFFF79
:10376000FFFFFFFFFFFFFFFFFFFFFFFFFFFFFFFF69
:10377000FFFFFFFFFFFFFFFFFFFFFFFFFFFFFFFF59
:10378000FFFFFFFFFFFFFFFFFFFFFFFFFFFFFFFF49
:10379000FFFFFFFFFFFFFFFFFFFFFFFFFFFFFFFF39
:1037A000FFFFFFFFFFFFFFFFFFFFFFFFFFFFFFFF29
:1037B000FFFFFFFFFFFFFFFFFFFFFFFFFFFFFFFF19
:1037C000FFFFFFFFFFFFFFFFFFFFFFFFFFFFFFFF09
:1037D000FFFFFFFFFFFFFFFFFFFFFFFFFFFFFFFFF9
:1037E000FFFFFFFFFFFFFFFFFFFFFFFFFFFFFFFFE9
:1037F000FFFFFFFFFFFFFFFFFFFFFFFFFFFFFFFFD9
:10380000FFFFFFFFFFFFFFFFFFFFFFFFFFFFFFFFC8
:10381000FFFFFFFFFFFFFFFFFFFFFFFFFFFFFFFFB8
:10382000FFFFFFFFFFFFFFFFFFFFFFFFFFFFFFFFA8
:10383000FFFFFFFFFFFFFFFFFFFFFFFFFFFFFFFF98
:10384000FFFFFFFFFFFFFFFFFFFFFFFFFFFFFFFF88
:10385000FFFFFFFFFFFFFFFFFFFFFFFFFFFFFFFF78
:10386000FFFFFFFFFFFFFFFFFFFFFFFFFFFFFFFF68
:10387000FFFFFFFFFFFFFFFFFFFFFFFFFFFFFFFF58
:10388000FFFFFFFFFFFFFFFFFFFFFFFFFFFFFFFF48
:10389000FFFFFFFFFFFFFFFFFFFFFFFFFFFFFFFF38
:1038A000FFFFFFFFFFFFFFFFFFFFFFFFFFFFFFFF28
:1038B000FFFFFFFFFFFFFFFFFFFFFFFFFFFFFFFF18
:1038C000FFFFFFFFFFFFFFFFFFFFFFFFFFFFFFFF08
:1038D000FFFFFFFFFFFFFFFFFFFFFFFFFFFFFFFFF8
:1038E000FFFFFFFFFFFFFFFFFFFFFFFFFFFFFFFFE8
:1038F000FFFFFFFFFFFFFFFFFFFFFFFFFFFFFFFFD8
:10390000FFFFFFFFFFFFFFFFFFFFFFFFFFFFFFFFC7
:10391000FFFFFFFFFFFFFFFFFFFFFFFFFFFFFFFFB7
:10392000FFFFFFFFFFFFFFFFFFFFFFFFFFFFFFFFA7
:10393000FFFFFFFFFFFFFFFFFFFFFFFFFFFFFFFF97
:10394000FFFFFFFFFFFFFFFFFFFFFFFFFFFFFFFF87
:10395000FFFFFFFFFFFFFFFFFFFFFFFFFFFFFFFF77
:10396000FFFFFFFFFFFFFFFFFFFFFFFFFFFFFFFF67
:10397000FFFFFFFFFFFFFFFFFFFFFFFFFFFFFFFF57
:10398000FFFFFFFFFFFFFFFFFFFFFFFFFFFFFFFF47
:10399000FFFFFFFFFFFFFFFFFFFFFFFFFFFFFFFF37
:1039A000FFFFFFFFFFFFFFFFFFFFFFFFFFFFFFFF27
:1039B000FFFFFFFFFFFFFFFFFFFFFFFFFFFFFFFF17
:1039C000FFFFFFFFFFFFFFFFFFFFFFFFFFFFFFFF07
:1039D000FFFFFFFFFFFFFFFFFFFFFFFFFFFFFFFFF7
:1039E000FFFFFFFFFFFFFFFFFFFFFFFFFFFFFFFFE7
:1039F000FFFFFFFFFFFFFFFFFFFFFFFFFFFFFFFFD7
:103A0000FFFFFFFFFFFFFFFFFFFFFFFFFFFFFFFFC6
:103A1000FFFFFFFFFFFFFFFFFFFFFFFFFFFFFFFFB6
:103A2000FFFFFFFFFFFFFFFFFFFFFFFFFFFFFFFFA6
:103A3000FFFFFFFFFFFFFFFFFFFFFFFFFFFFFFFF96
:103A4000FFFFFFFFFFFFFFFFFFFFFFFFFFFFFFFF86
:103A5000FFFFFFFFFFFFFFFFFFFFFFFFFFFFFFFF76
:103A6000FFFFFFFFFFFFFFFFFFFFFFFFFFFFFFFF66
:103A7000FFFFFFFFFFFFFFFFFFFFFFFFFFFFFFFF56
:103A8000FFFFFFFFFFFFFFFFFFFFFFFFFFFFFFFF46
:103A9000FFFFFFFFFFFFFFFFFFFFFFFFFFFFFFFF36
:103AA000FFFFFFFFFFFFFFFFFFFFFFFFFFFFFFFF26
:103AB000FFFFFFFFFFFFFFFFFFFFFFFFFFFFFFFF16
:103AC000FFFFFFFFFFFFFFFFFFFFFFFFFFFFFFFF06
:103AD000FFFFFFFFFFFFFFFFFFFFFFFFFFFFFFFFF6
:103AE000FFFFFFFFFFFFFFFFFFFFFFFFFFFFFFFFE6
:103AF000FFFFFFFFFFFFFFFFFFFFFFFFFFFFFFFFD6
:103B0000FFFFFFFFFFFFFFFFFFFFFFFFFFFFFFFFC5
:103B1000FFFFFFFFFFFFFFFFFFFFFFFFFFFFFFFFB5
:103B2000FFFFFFFFFFFFFFFFFFFFFFFFFFFFFFFFA5
:103B3000FFFFFFFFFFFFFFFFFFFFFFFFFFFFFFFF95
:103B4000FFFFFFFFFFFFFFFFFFFFFFFFFFFFFFFF85
:103B5000FFFFFFFFFFFFFFFFFFFFFFFFFFFFFFFF75
:103B6000FFFFFFFFFFFFFFFFFFFFFFFFFFFFFFFF65
:103B7000FFFFFFFFFFFFFFFFFFFFFFFFFFFFFFFF55
:103B8000FFFFFFFFFFFFFFFFFFFFFFFFFFFFFFFF45
:103B9000FFFFFFFFFFFFFFFFFFFFFFFFFFFFFFFF35
:103BA000FFFFFFFFFFFFFFFFFFFFFFFFFFFFFFFF25
:103BB000FFFFFFFFFFFFFFFFFFFFFFFFFFFFFFFF15
:103BC000FFFFFFFFFFFFFFFFFFFFFFFFFFFFFFFF05
:103BD000FFFFFFFFFFFFFFFFFFFFFFFFFFFFFFFFF5
:103BE000FFFFFFFFFFFFFFFFFFFFFFFFFFFFFFFFE5
:103BF000FFFFFFFFFFFFFFFFFFFFFFFFFFFFFFFFD5
:103C0000FFFFFFFFFFFFFFFFFFFFFFFFFFFFFFFFC4
:103C1000FFFFFFFFFFFFFFFFFFFFFFFFFFFFFFFFB4
:103C2000FFFFFFFFFFFFFFFFFFFFFFFFFFFFFFFFA4
:103C3000FFFFFFFFFFFFFFFFFFFFFFFFFFFFFFFF94
:103C4000FFFFFFFFFFFFFFFFFFFFFFFFFFFFFFFF84
:103C5000FFFFFFFFFFFFFFFFFFFFFFFFFFFFFFFF74
:103C6000FFFFFFFFFFFFFFFFFFFFFFFFFFFFFFFF64
:103C7000FFFFFFFFFFFFFFFFFFFFFFFFFFFFFFFF54
:103C8000FFFFFFFFFFFFFFFFFFFFFFFFFFFFFFFF44
:103C9000FFFFFFFFFFFFFFFFFFFFFFFFFFFFFFFF34
:103CA000FFFFFFFFFFFFFFFFFFFFFFFFFFFFFFFF24
:103CB000FFFFFFFFFFFFFFFFFFFFFFFFFFFFFFFF14
:103CC000FFFFFFFFFFFFFFFFFFFFFFFFFFFFFFFF04
:103CD000FFFFFFFFFFFFFFFFFFFFFFFFFFFFFFFFF4
:103CE000FFFFFFFFFFFFFFFFFFFFFFFFFFFFFFFFE4
:103CF000FFFFFFFFFFFFFFFFFFFFFFFFFFFFFFFFD4
:103D0000FFFFFFFFFFFFFFFFFFFFFFFFFFFFFFFFC3
:103D1000FFFFFFFFFFFFFFFFFFFFFFFFFFFFFFFFB3
:103D2000FFFFFFFFFFFFFFFFFFFFFFFFFFFFFFFFA3
:103D3000FFFFFFFFFFFFFFFFFFFFFFFFFFFFFFFF93
:103D4000FFFFFFFFFFFFFFFFFFFFFFFFFFFFFFFF83
:103D5000FFFFFFFFFFFFFFFFFFFFFFFFFFFFFFFF73
:103D6000FFFFFFFFFFFFFFFFFFFFFFFFFFFFFFFF63
:103D7000FFFFFFFFFFFFFFFFFFFFFFFFFFFFFFFF53
:103D8000FFFFFFFFFFFFFFFFFFFFFFFFFFFFFFFF43
:103D9000FFFFFFFFFFFFFFFFFFFFFFFFFFFFFFFF33
:103DA000FFFFFFFFFFFFFFFFFFFFFFFFFFFFFFFF23
:103DB000FFFFFFFFFFFFFFFFFFFFFFFFFFFFFFFF13
:103DC000FFFFFFFFFFFFFFFFFFFFFFFFFFFFFFFF03
:103DD000FFFFFFFFFFFFFFFFFFFFFFFFFFFFFFFFF3
:103DE000FFFFFFFFFFFFFFFFFFFFFFFFFFFFFFFFE3
:103DF000FFFFFFFFFFFFFFFFFFFFFFFFFFFFFFFFD3
:103E0000FFFFFFFFFFFFFFFFFFFFFFFFFFFFFFFFC2
:103E1000FFFFFFFFFFFFFFFFFFFFFFFFFFFFFFFFB2
:103E2000FFFFFFFFFFFFFFFFFFFFFFFFFFFFFFFFA2
:103E3000FFFFFFFFFFFFFFFFFFFFFFFFFFFFFFFF92
:103E4000FFFFFFFFFFFFFFFFFFFFFFFFFFFFFFFF82
:103E5000FFFFFFFFFFFFFFFFFFFFFFFFFFFFFFFF72
:103E6000FFFFFFFFFFFFFFFFFFFFFFFFFFFFFFFF62
:103E7000FFFFFFFFFFFFFFFFFFFFFFFFFFFFFFFF52
:103E8000FFFFFFFFFFFFFFFFFFFFFFFFFFFFFFFF42
:103E9000FFFFFFFFFFFFFFFFFFFFFFFFFFFFFFFF32
:103EA000FFFFFFFFFFFFFFFFFFFFFFFFFFFFFFFF22
:103EB000FFFFFFFFFFFFFFFFFFFFFFFFFFFFFFFF12
:103EC000FFFFFFFFFFFFFFFFFFFFFFFFFFFFFFFF02
:103ED000FFFFFFFFFFFFFFFFFFFFFFFFFFFFFFFFF2
:103EE000FFFFFFFFFFFFFFFFFFFFFFFFFFFFFFFFE2
:103EF000FFFFFFFFFFFFFFFFFFFFFFFFFFFFFFFFD2
:103F0000FFFFFFFFFFFFFFFFFFFFFFFFFFFFFFFFC1
:103F1000FFFFFFFFFFFFFFFFFFFFFFFFFFFFFFFFB1
:103F2000FFFFFFFFFFFFFFFFFFFFFFFFFFFFFFFFA1
:103F3000FFFFFFFFFFFFFFFFFFFFFFFFFFFFFFFF91
:103F4000FFFFFFFFFFFFFFFFFFFFFFFFFFFFFFFF81
:103F5000FFFFFFFFFFFFFFFFFFFFFFFFFFFFFFFF71
:103F6000FFFFFFFFFFFFFFFFFFFFFFFFFFFFFFFF61
:103F7000FFFFFFFFFFFFFFFFFFFFFFFFFFFFFFFF51
:103F8000FFFFFFFFFFFFFFFFFFFFFFFFFFFFFFFF41
:103F9000FFFFFFFFFFFFFFFFFFFFFFFFFFFFFFFF31
:103FA000FFFFFFFFFFFFFFFFFFFFFFFFFFFFFFFF21
:103FB000FFFFFFFFFFFFFFFFFFFFFFFFFFFFFFFF11
:103FC000FFFFFFFFFFFFFFFFFFFFFFFFFFFFFFFF01
:103FD000FFFFFFFFFFFFFFFFFFFFFFFFFFFFFFFFF1
:103FE000FFFFFFFFFFFFFFFFFFFFFFFFFFFFFFFFE1
:103FF000FFFFFFFFFFFFFFFFFFFFFFFFFFFFFFFFD1
:10400000FFFFFFFFFFFFFFFFFFFFFFFFFFFFFFFFC0
:10401000FFFFFFFFFFFFFFFFFFFFFFFFFFFFFFFFB0
:10402000FFFFFFFFFFFFFFFFFFFFFFFFFFFFFFFFA0
:10403000FFFFFFFFFFFFFFFFFFFFFFFFFFFFFFFF90
:10404000FFFFFFFFFFFFFFFFFFFFFFFFFFFFFFFF80
:10405000FFFFFFFFFFFFFFFFFFFFFFFFFFFFFFFF70
:10406000FFFFFFFFFFFFFFFFFFFFFFFFFFFFFFFF60
:10407000FFFFFFFFFFFFFFFFFFFFFFFFFFFFFFFF50
:10408000FFFFFFFFFFFFFFFFFFFFFFFFFFFFFFFF40
:10409000FFFFFFFFFFFFFFFFFFFFFFFFFFFFFFFF30
:1040A000FFFFFFFFFFFFFFFFFFFFFFFFFFFFFFFF20
:1040B000FFFFFFFFFFFFFFFFFFFFFFFFFFFFFFFF10
:1040C000FFFFFFFFFFFFFFFFFFFFFFFFFFFFFFFF00
:1040D000FFFFFFFFFFFFFFFFFFFFFFFFFFFFFFFFF0
:1040E000FFFFFFFFFFFFFFFFFFFFFFFFFFFFFFFFE0
:1040F000FFFFFFFFFFFFFFFFFFFFFFFFFFFFFFFFD0
:10410000FFFFFFFFFFFFFFFFFFFFFFFFFFFFFFFFBF
:10411000FFFFFFFFFFFFFFFFFFFFFFFFFFFFFFFFAF
:10412000FFFFFFFFFFFFFFFFFFFFFFFFFFFFFFFF9F
:10413000FFFFFFFFFFFFFFFFFFFFFFFFFFFFFFFF8F
:10414000FFFFFFFFFFFFFFFFFFFFFFFFFFFFFFFF7F
:10415000FFFFFFFFFFFFFFFFFFFFFFFFFFFFFFFF6F
:10416000FFFFFFFFFFFFFFFFFFFFFFFFFFFFFFFF5F
:10417000FFFFFFFFFFFFFFFFFFFFFFFFFFFFFFFF4F
:10418000FFFFFFFFFFFFFFFFFFFFFFFFFFFFFFFF3F
:10419000FFFFFFFFFFFFFFFFFFFFFFFFFFFFFFFF2F
:1041A000FFFFFFFFFFFFFFFFFFFFFFFFFFFFFFFF1F
:1041B000FFFFFFFFFFFFFFFFFFFFFFFFFFFFFFFF0F
:1041C000FFFFFFFFFFFFFFFFFFFFFFFFFFFFFFFFFF
:1041D000FFFFFFFFFFFFFFFFFFFFFFFFFFFFFFFFEF
:1041E000FFFFFFFFFFFFFFFFFFFFFFFFFFFFFFFFDF
:1041F000FFFFFFFFFFFFFFFFFFFFFFFFFFFFFFFFCF
:10420000FFFFFFFFFFFFFFFFFFFFFFFFFFFFFFFFBE
:10421000FFFFFFFFFFFFFFFFFFFFFFFFFFFFFFFFAE
:10422000FFFFFFFFFFFFFFFFFFFFFFFFFFFFFFFF9E
:10423000FFFFFFFFFFFFFFFFFFFFFFFFFFFFFFFF8E
:10424000FFFFFFFFFFFFFFFFFFFFFFFFFFFFFFFF7E
:10425000FFFFFFFFFFFFFFFFFFFFFFFFFFFFFFFF6E
:10426000FFFFFFFFFFFFFFFFFFFFFFFFFFFFFFFF5E
:10427000FFFFFFFFFFFFFFFFFFFFFFFFFFFFFFFF4E
:10428000FFFFFFFFFFFFFFFFFFFFFFFFFFFFFFFF3E
:10429000FFFFFFFFFFFFFFFFFFFFFFFFFFFFFFFF2E
:1042A000FFFFFFFFFFFFFFFFFFFFFFFFFFFFFFFF1E
:1042B000FFFFFFFFFFFFFFFFFFFFFFFFFFFFFFFF0E
:1042C000FFFFFFFFFFFFFFFFFFFFFFFFFFFFFFFFFE
:1042D000FFFFFFFFFFFFFFFFFFFFFFFFFFFFFFFFEE
:1042E000FFFFFFFFFFFFFFFFFFFFFFFFFFFFFFFFDE
:1042F000FFFFFFFFFFFFFFFFFFFFFFFFFFFFFFFFCE
:10430000FFFFFFFFFFFFFFFFFFFFFFFFFFFFFFFFBD
:10431000FFFFFFFFFFFFFFFFFFFFFFFFFFFFFFFFAD
:10432000FFFFFFFFFFFFFFFFFFFFFFFFFFFFFFFF9D
:10433000FFFFFFFFFFFFFFFFFFFFFFFFFFFFFFFF8D
:10434000FFFFFFFFFFFFFFFFFFFFFFFFFFFFFFFF7D
:10435000FFFFFFFFFFFFFFFFFFFFFFFFFFFFFFFF6D
:10436000FFFFFFFFFFFFFFFFFFFFFFFFFFFFFFFF5D
:10437000FFFFFFFFFFFFFFFFFFFFFFFFFFFFFFFF4D
:10438000FFFFFFFFFFFFFFFFFFFFFFFFFFFFFFFF3D
:10439000FFFFFFFFFFFFFFFFFFFFFFFFFFFFFFFF2D
:1043A000FFFFFFFFFFFFFFFFFFFFFFFFFFFFFFFF1D
:1043B000FFFFFFFFFFFFFFFFFFFFFFFFFFFFFFFF0D
:1043C000FFFFFFFFFFFFFFFFFFFFFFFFFFFFFFFFFD
:1043D000FFFFFFFFFFFFFFFFFFFFFFFFFFFFFFFFED
:1043E000FFFFFFFFFFFFFFFFFFFFFFFFFFFFFFFFDD
:1043F000FFFFFFFFFFFFFFFFFFFFFFFFFFFFFFFFCD
:10440000FFFFFFFFFFFFFFFFFFFFFFFFFFFFFFFFBC
:10441000FFFFFFFFFFFFFFFFFFFFFFFFFFFFFFFFAC
:10442000FFFFFFFFFFFFFFFFFFFFFFFFFFFFFFFF9C
:10443000FFFFFFFFFFFFFFFFFFFFFFFFFFFFFFFF8C
:10444000FFFFFFFFFFFFFFFFFFFFFFFFFFFFFFFF7C
:10445000FFFFFFFFFFFFFFFFFFFFFFFFFFFFFFFF6C
:10446000FFFFFFFFFFFFFFFFFFFFFFFFFFFFFFFF5C
:10447000FFFFFFFFFFFFFFFFFFFFFFFFFFFFFFFF4C
:10448000FFFFFFFFFFFFFFFFFFFFFFFFFFFFFFFF3C
:10449000FFFFFFFFFFFFFFFFFFFFFFFFFFFFFFFF2C
:1044A000FFFFFFFFFFFFFFFFFFFFFFFFFFFFFFFF1C
:1044B000FFFFFFFFFFFFFFFFFFFFFFFFFFFFFFFF0C
:1044C000FFFFFFFFFFFFFFFFFFFFFFFFFFFFFFFFFC
:1044D000FFFFFFFFFFFFFFFFFFFFFFFFFFFFFFFFEC
:1044E000FFFFFFFFFFFFFFFFFFFFFFFFFFFFFFFFDC
:1044F000FFFFFFFFFFFFFFFFFFFFFFFFFFFFFFFFCC
:10450000FFFFFFFFFFFFFFFFFFFFFFFFFFFFFFFFBB
:10451000FFFFFFFFFFFFFFFFFFFFFFFFFFFFFFFFAB
:10452000FFFFFFFFFFFFFFFFFFFFFFFFFFFFFFFF9B
:10453000FFFFFFFFFFFFFFFFFFFFFFFFFFFFFFFF8B
:10454000FFFFFFFFFFFFFFFFFFFFFFFFFFFFFFFF7B
:10455000FFFFFFFFFFFFFFFFFFFFFFFFFFFFFFFF6B
:10456000FFFFFFFFFFFFFFFFFFFFFFFFFFFFFFFF5B
:10457000FFFFFFFFFFFFFFFFFFFFFFFFFFFFFFFF4B
:10458000FFFFFFFFFFFFFFFFFFFFFFFFFFFFFFFF3B
:10459000FFFFFFFFFFFFFFFFFFFFFFFFFFFFFFFF2B
:1045A000FFFFFFFFFFFFFFFFFFFFFFFFFFFFFFFF1B
:1045B000FFFFFFFFFFFFFFFFFFFFFFFFFFFFFFFF0B
:1045C000FFFFFFFFFFFFFFFFFFFFFFFFFFFFFFFFFB
:1045D000FFFFFFFFFFFFFFFFFFFFFFFFFFFFFFFFEB
:1045E000FFFFFFFFFFFFFFFFFFFFFFFFFFFFFFFFDB
:1045F000FFFFFFFFFFFFFFFFFFFFFFFFFFFFFFFFCB
:10460000FFFFFFFFFFFFFFFFFFFFFFFFFFFFFFFFBA
:10461000FFFFFFFFFFFFFFFFFFFFFFFFFFFFFFFFAA
:10462000FFFFFFFFFFFFFFFFFFFFFFFFFFFFFFFF9A
:10463000FFFFFFFFFFFFFFFFFFFFFFFFFFFFFFFF8A
:10464000FFFFFFFFFFFFFFFFFFFFFFFFFFFFFFFF7A
:10465000FFFFFFFFFFFFFFFFFFFFFFFFFFFFFFFF6A
:10466000FFFFFFFFFFFFFFFFFFFFFFFFFFFFFFFF5A
:10467000FFFFFFFFFFFFFFFFFFFFFFFFFFFFFFFF4A
:10468000FFFFFFFFFFFFFFFFFFFFFFFFFFFFFFFF3A
:10469000FFFFFFFFFFFFFFFFFFFFFFFFFFFFFFFF2A
:1046A000FFFFFFFFFFFFFFFFFFFFFFFFFFFFFFFF1A
:1046B000FFFFFFFFFFFFFFFFFFFFFFFFFFFFFFFF0A
:1046C000FFFFFFFFFFFFFFFFFFFFFFFFFFFFFFFFFA
:1046D000FFFFFFFFFFFFFFFFFFFFFFFFFFFFFFFFEA
:1046E000FFFFFFFFFFFFFFFFFFFFFFFFFFFFFFFFDA
:1046F000FFFFFFFFFFFFFFFFFFFFFFFFFFFFFFFFCA
:10470000FFFFFFFFFFFFFFFFFFFFFFFFFFFFFFFFB9
:10471000FFFFFFFFFFFFFFFFFFFFFFFFFFFFFFFFA9
:10472000FFFFFFFFFFFFFFFFFFFFFFFFFFFFFFFF99
:10473000FFFFFFFFFFFFFFFFFFFFFFFFFFFFFFFF89
:10474000FFFFFFFFFFFFFFFFFFFFFFFFFFFFFFFF79
:10475000FFFFFFFFFFFFFFFFFFFFFFFFFFFFFFFF69
:10476000FFFFFFFFFFFFFFFFFFFFFFFFFFFFFFFF59
:10477000FFFFFFFFFFFFFFFFFFFFFFFFFFFFFFFF49
:10478000FFFFFFFFFFFFFFFFFFFFFFFFFFFFFFFF39
:10479000FFFFFFFFFFFFFFFFFFFFFFFFFFFFFFFF29
:1047A000FFFFFFFFFFFFFFFFFFFFFFFFFFFFFFFF19
:1047B000FFFFFFFFFFFFFFFFFFFFFFFFFFFFFFFF09
:1047C000FFFFFFFFFFFFFFFFFFFFFFFFFFFFFFFFF9
:1047D000FFFFFFFFFFFFFFFFFFFFFFFFFFFFFFFFE9
:1047E000FFFFFFFFFFFFFFFFFFFFFFFFFFFFFFFFD9
:1047F000FFFFFFFFFFFFFFFFFFFFFFFFFFFFFFFFC9
:10480000FFFFFFFFFFFFFFFFFFFFFFFFFFFFFFFFB8
:10481000FFFFFFFFFFFFFFFFFFFFFFFFFFFFFFFFA8
:10482000FFFFFFFFFFFFFFFFFFFFFFFFFFFFFFFF98
:10483000FFFFFFFFFFFFFFFFFFFFFFFFFFFFFFFF88
:10484000FFFFFFFFFFFFFFFFFFFFFFFFFFFFFFFF78
:10485000FFFFFFFFFFFFFFFFFFFFFFFFFFFFFFFF68
:10486000FFFFFFFFFFFFFFFFFFFFFFFFFFFFFFFF58
:10487000FFFFFFFFFFFFFFFFFFFFFFFFFFFFFFFF48
:10488000FFFFFFFFFFFFFFFFFFFFFFFFFFFFFFFF38
:10489000FFFFFFFFFFFFFFFFFFFFFFFFFFFFFFFF28
:1048A000FFFFFFFFFFFFFFFFFFFFFFFFFFFFFFFF18
:1048B000FFFFFFFFFFFFFFFFFFFFFFFFFFFFFFFF08
:1048C000FFFFFFFFFFFFFFFFFFFFFFFFFFFFFFFFF8
:1048D000FFFFFFFFFFFFFFFFFFFFFFFFFFFFFFFFE8
:1048E000FFFFFFFFFFFFFFFFFFFFFFFFFFFFFFFFD8
:1048F000FFFFFFFFFFFFFFFFFFFFFFFFFFFFFFFFC8
:10490000FFFFFFFFFFFFFFFFFFFFFFFFFFFFFFFFB7
:10491000FFFFFFFFFFFFFFFFFFFFFFFFFFFFFFFFA7
:10492000FFFFFFFFFFFFFFFFFFFFFFFFFFFFFFFF97
:10493000FFFFFFFFFFFFFFFFFFFFFFFFFFFFFFFF87
:10494000FFFFFFFFFFFFFFFFFFFFFFFFFFFFFFFF77
:10495000FFFFFFFFFFFFFFFFFFFFFFFFFFFFFFFF67
:10496000FFFFFFFFFFFFFFFFFFFFFFFFFFFFFFFF57
:10497000FFFFFFFFFFFFFFFFFFFFFFFFFFFFFFFF47
:10498000FFFFFFFFFFFFFFFFFFFFFFFFFFFFFFFF37
:10499000FFFFFFFFFFFFFFFFFFFFFFFFFFFFFFFF27
:1049A000FFFFFFFFFFFFFFFFFFFFFFFFFFFFFFFF17
:1049B000FFFFFFFFFFFFFFFFFFFFFFFFFFFFFFFF07
:1049C000FFFFFFFFFFFFFFFFFFFFFFFFFFFFFFFFF7
:1049D000FFFFFFFFFFFFFFFFFFFFFFFFFFFFFFFFE7
:1049E000FFFFFFFFFFFFFFFFFFFFFFFFFFFFFFFFD7
:1049F000FFFFFFFFFFFFFFFFFFFFFFFFFFFFFFFFC7
:104A0000FFFFFFFFFFFFFFFFFFFFFFFFFFFFFFFFB6
:104A1000FFFFFFFFFFFFFFFFFFFFFFFFFFFFFFFFA6
:104A2000FFFFFFFFFFFFFFFFFFFFFFFFFFFFFFFF96
:104A3000FFFFFFFFFFFFFFFFFFFFFFFFFFFFFFFF86
:104A4000FFFFFFFFFFFFFFFFFFFFFFFFFFFFFFFF76
:104A5000FFFFFFFFFFFFFFFFFFFFFFFFFFFFFFFF66
:104A6000FFFFFFFFFFFFFFFFFFFFFFFFFFFFFFFF56
:104A7000FFFFFFFFFFFFFFFFFFFFFFFFFFFFFFFF46
:104A8000FFFFFFFFFFFFFFFFFFFFFFFFFFFFFFFF36
:104A9000FFFFFFFFFFFFFFFFFFFFFFFFFFFFFFFF26
:104AA000FFFFFFFFFFFFFFFFFFFFFFFFFFFFFFFF16
:104AB000FFFFFFFFFFFFFFFFFFFFFFFFFFFFFFFF06
:104AC000FFFFFFFFFFFFFFFFFFFFFFFFFFFFFFFFF6
:104AD000FFFFFFFFFFFFFFFFFFFFFFFFFFFFFFFFE6
:104AE000FFFFFFFFFFFFFFFFFFFFFFFFFFFFFFFFD6
:104AF000FFFFFFFFFFFFFFFFFFFFFFFFFFFFFFFFC6
:104B0000FFFFFFFFFFFFFFFFFFFFFFFFFFFFFFFFB5
:104B1000FFFFFFFFFFFFFFFFFFFFFFFFFFFFFFFFA5
:104B2000FFFFFFFFFFFFFFFFFFFFFFFFFFFFFFFF95
:104B3000FFFFFFFFFFFFFFFFFFFFFFFFFFFFFFFF85
:104B4000FFFFFFFFFFFFFFFFFFFFFFFFFFFFFFFF75
:104B5000FFFFFFFFFFFFFFFFFFFFFFFFFFFFFFFF65
:104B6000FFFFFFFFFFFFFFFFFFFFFFFFFFFFFFFF55
:104B7000FFFFFFFFFFFFFFFFFFFFFFFFFFFFFFFF45
:104B8000FFFFFFFFFFFFFFFFFFFFFFFFFFFFFFFF35
:104B9000FFFFFFFFFFFFFFFFFFFFFFFFFFFFFFFF25
:104BA000FFFFFFFFFFFFFFFFFFFFFFFFFFFFFFFF15
:104BB000FFFFFFFFFFFFFFFFFFFFFFFFFFFFFFFF05
:104BC000FFFFFFFFFFFFFFFFFFFFFFFFFFFFFFFFF5
:104BD000FFFFFFFFFFFFFFFFFFFFFFFFFFFFFFFFE5
:104BE000FFFFFFFFFFFFFFFFFFFFFFFFFFFFFFFFD5
:104BF000FFFFFFFFFFFFFFFFFFFFFFFFFFFFFFFFC5
:104C0000FFFFFFFFFFFFFFFFFFFFFFFFFFFFFFFFB4
:104C1000FFFFFFFFFFFFFFFFFFFFFFFFFFFFFFFFA4
:104C2000FFFFFFFFFFFFFFFFFFFFFFFFFFFFFFFF94
:104C3000FFFFFFFFFFFFFFFFFFFFFFFFFFFFFFFF84
:104C4000FFFFFFFFFFFFFFFFFFFFFFFFFFFFFFFF74
:104C5000FFFFFFFFFFFFFFFFFFFFFFFFFFFFFFFF64
:104C6000FFFFFFFFFFFFFFFFFFFFFFFFFFFFFFFF54
:104C7000FFFFFFFFFFFFFFFFFFFFFFFFFFFFFFFF44
:104C8000FFFFFFFFFFFFFFFFFFFFFFFFFFFFFFFF34
:104C9000FFFFFFFFFFFFFFFFFFFFFFFFFFFFFFFF24
:104CA000FFFFFFFFFFFFFFFFFFFFFFFFFFFFFFFF14
:104CB000FFFFFFFFFFFFFFFFFFFFFFFFFFFFFFFF04
:104CC000FFFFFFFFFFFFFFFFFFFFFFFFFFFFFFFFF4
:104CD000FFFFFFFFFFFFFFFFFFFFFFFFFFFFFFFFE4
:104CE000FFFFFFFFFFFFFFFFFFFFFFFFFFFFFFFFD4
:104CF000FFFFFFFFFFFFFFFFFFFFFFFFFFFFFFFFC4
:104D0000FFFFFFFFFFFFFFFFFFFFFFFFFFFFFFFFB3
:104D1000FFFFFFFFFFFFFFFFFFFFFFFFFFFFFFFFA3
:104D2000FFFFFFFFFFFFFFFFFFFFFFFFFFFFFFFF93
:104D3000FFFFFFFFFFFFFFFFFFFFFFFFFFFFFFFF83
:104D4000FFFFFFFFFFFFFFFFFFFFFFFFFFFFFFFF73
:104D5000FFFFFFFFFFFFFFFFFFFFFFFFFFFFFFFF63
:104D6000FFFFFFFFFFFFFFFFFFFFFFFFFFFFFFFF53
:104D7000FFFFFFFFFFFFFFFFFFFFFFFFFFFFFFFF43
:104D8000FFFFFFFFFFFFFFFFFFFFFFFFFFFFFFFF33
:104D9000FFFFFFFFFFFFFFFFFFFFFFFFFFFFFFFF23
:104DA000FFFFFFFFFFFFFFFFFFFFFFFFFFFFFFFF13
:104DB000FFFFFFFFFFFFFFFFFFFFFFFFFFFFFFFF03
:104DC000FFFFFFFFFFFFFFFFFFFFFFFFFFFFFFFFF3
:104DD000FFFFFFFFFFFFFFFFFFFFFFFFFFFFFFFFE3
:104DE000FFFFFFFFFFFFFFFFFFFFFFFFFFFFFFFFD3
:104DF000FFFFFFFFFFFFFFFFFFFFFFFFFFFFFFFFC3
:104E0000FFFFFFFFFFFFFFFFFFFFFFFFFFFFFFFFB2
:104E1000FFFFFFFFFFFFFFFFFFFFFFFFFFFFFFFFA2
:104E2000FFFFFFFFFFFFFFFFFFFFFFFFFFFFFFFF92
:104E3000FFFFFFFFFFFFFFFFFFFFFFFFFFFFFFFF82
:104E4000FFFFFFFFFFFFFFFFFFFFFFFFFFFFFFFF72
:104E5000FFFFFFFFFFFFFFFFFFFFFFFFFFFFFFFF62
:104E6000FFFFFFFFFFFFFFFFFFFFFFFFFFFFFFFF52
:104E7000FFFFFFFFFFFFFFFFFFFFFFFFFFFFFFFF42
:104E8000FFFFFFFFFFFFFFFFFFFFFFFFFFFFFFFF32
:104E9000FFFFFFFFFFFFFFFFFFFFFFFFFFFFFFFF22
:104EA000FFFFFFFFFFFFFFFFFFFFFFFFFFFFFFFF12
:104EB000FFFFFFFFFFFFFFFFFFFFFFFFFFFFFFFF02
:104EC000FFFFFFFFFFFFFFFFFFFFFFFFFFFFFFFFF2
:104ED000FFFFFFFFFFFFFFFFFFFFFFFFFFFFFFFFE2
:104EE000FFFFFFFFFFFFFFFFFFFFFFFFFFFFFFFFD2
:104EF000FFFFFFFFFFFFFFFFFFFFFFFFFFFFFFFFC2
:104F0000FFFFFFFFFFFFFFFFFFFFFFFFFFFFFFFFB1
:104F1000FFFFFFFFFFFFFFFFFFFFFFFFFFFFFFFFA1
:104F2000FFFFFFFFFFFFFFFFFFFFFFFFFFFFFFFF91
:104F3000FFFFFFFFFFFFFFFFFFFFFFFFFFFFFFFF81
:104F4000FFFFFFFFFFFFFFFFFFFFFFFFFFFFFFFF71
:104F5000FFFFFFFFFFFFFFFFFFFFFFFFFFFFFFFF61
:104F6000FFFFFFFFFFFFFFFFFFFFFFFFFFFFFFFF51
:104F7000FFFFFFFFFFFFFFFFFFFFFFFFFFFFFFFF41
:104F8000FFFFFFFFFFFFFFFFFFFFFFFFFFFFFFFF31
:104F9000FFFFFFFFFFFFFFFFFFFFFFFFFFFFFFFF21
:104FA000FFFFFFFFFFFFFFFFFFFFFFFFFFFFFFFF11
:104FB000FFFFFFFFFFFFFFFFFFFFFFFFFFFFFFFF01
:104FC000FFFFFFFFFFFFFFFFFFFFFFFFFFFFFFFFF1
:104FD000FFFFFFFFFFFFFFFFFFFFFFFFFFFFFFFFE1
:104FE000FFFFFFFFFFFFFFFFFFFFFFFFFFFFFFFFD1
:104FF000FFFFFFFFFFFFFFFFFFFFFFFFFFFFFFFFC1
:10500000FFFFFFFFFFFFFFFFFFFFFFFFFFFFFFFFB0
:10501000FFFFFFFFFFFFFFFFFFFFFFFFFFFFFFFFA0
:10502000FFFFFFFFFFFFFFFFFFFFFFFFFFFFFFFF90
:10503000FFFFFFFFFFFFFFFFFFFFFFFFFFFFFFFF80
:10504000FFFFFFFFFFFFFFFFFFFFFFFFFFFFFFFF70
:10505000FFFFFFFFFFFFFFFFFFFFFFFFFFFFFFFF60
:10506000FFFFFFFFFFFFFFFFFFFFFFFFFFFFFFFF50
:10507000FFFFFFFFFFFFFFFFFFFFFFFFFFFFFFFF40
:10508000FFFFFFFFFFFFFFFFFFFFFFFFFFFFFFFF30
:10509000FFFFFFFFFFFFFFFFFFFFFFFFFFFFFFFF20
:1050A000FFFFFFFFFFFFFFFFFFFFFFFFFFFFFFFF10
:1050B000FFFFFFFFFFFFFFFFFFFFFFFFFFFFFFFF00
:1050C000FFFFFFFFFFFFFFFFFFFFFFFFFFFFFFFFF0
:1050D000FFFFFFFFFFFFFFFFFFFFFFFFFFFFFFFFE0
:1050E000FFFFFFFFFFFFFFFFFFFFFFFFFFFFFFFFD0
:1050F000FFFFFFFFFFFFFFFFFFFFFFFFFFFFFFFFC0
:10510000FFFFFFFFFFFFFFFFFFFFFFFFFFFFFFFFAF
:10511000FFFFFFFFFFFFFFFFFFFFFFFFFFFFFFFF9F
:10512000FFFFFFFFFFFFFFFFFFFFFFFFFFFFFFFF8F
:10513000FFFFFFFFFFFFFFFFFFFFFFFFFFFFFFFF7F
:10514000FFFFFFFFFFFFFFFFFFFFFFFFFFFFFFFF6F
:10515000FFFFFFFFFFFFFFFFFFFFFFFFFFFFFFFF5F
:10516000FFFFFFFFFFFFFFFFFFFFFFFFFFFFFFFF4F
:10517000FFFFFFFFFFFFFFFFFFFFFFFFFFFFFFFF3F
:10518000FFFFFFFFFFFFFFFFFFFFFFFFFFFFFFFF2F
:10519000FFFFFFFFFFFFFFFFFFFFFFFFFFFFFFFF1F
:1051A000FFFFFFFFFFFFFFFFFFFFFFFFFFFFFFFF0F
:1051B000FFFFFFFFFFFFFFFFFFFFFFFFFFFFFFFFFF
:1051C000FFFFFFFFFFFFFFFFFFFFFFFFFFFFFFFFEF
:1051D000FFFFFFFFFFFFFFFFFFFFFFFFFFFFFFFFDF
:1051E000FFFFFFFFFFFFFFFFFFFFFFFFFFFFFFFFCF
:1051F000FFFFFFFFFFFFFFFFFFFFFFFFFFFFFFFFBF
:10520000FFFFFFFFFFFFFFFFFFFFFFFFFFFFFFFFAE
:10521000FFFFFFFFFFFFFFFFFFFFFFFFFFFFFFFF9E
:10522000FFFFFFFFFFFFFFFFFFFFFFFFFFFFFFFF8E
:10523000FFFFFFFFFFFFFFFFFFFFFFFFFFFFFFFF7E
:10524000FFFFFFFFFFFFFFFFFFFFFFFFFFFFFFFF6E
:10525000FFFFFFFFFFFFFFFFFFFFFFFFFFFFFFFF5E
:10526000FFFFFFFFFFFFFFFFFFFFFFFFFFFFFFFF4E
:10527000FFFFFFFFFFFFFFFFFFFFFFFFFFFFFFFF3E
:10528000FFFFFFFFFFFFFFFFFFFFFFFFFFFFFFFF2E
:10529000FFFFFFFFFFFFFFFFFFFFFFFFFFFFFFFF1E
:1052A000FFFFFFFFFFFFFFFFFFFFFFFFFFFFFFFF0E
:1052B000FFFFFFFFFFFFFFFFFFFFFFFFFFFFFFFFFE
:1052C000FFFFFFFFFFFFFFFFFFFFFFFFFFFFFFFFEE
:1052D000FFFFFFFFFFFFFFFFFFFFFFFFFFFFFFFFDE
:1052E000FFFFFFFFFFFFFFFFFFFFFFFFFFFFFFFFCE
:1052F000FFFFFFFFFFFFFFFFFFFFFFFFFFFFFFFFBE
:10530000FFFFFFFFFFFFFFFFFFFFFFFFFFFFFFFFAD
:10531000FFFFFFFFFFFFFFFFFFFFFFFFFFFFFFFF9D
:10532000FFFFFFFFFFFFFFFFFFFFFFFFFFFFFFFF8D
:10533000FFFFFFFFFFFFFFFFFFFFFFFFFFFFFFFF7D
:10534000FFFFFFFFFFFFFFFFFFFFFFFFFFFFFFFF6D
:10535000FFFFFFFFFFFFFFFFFFFFFFFFFFFFFFFF5D
:10536000FFFFFFFFFFFFFFFFFFFFFFFFFFFFFFFF4D
:10537000FFFFFFFFFFFFFFFFFFFFFFFFFFFFFFFF3D
:10538000FFFFFFFFFFFFFFFFFFFFFFFFFFFFFFFF2D
:10539000FFFFFFFFFFFFFFFFFFFFFFFFFFFFFFFF1D
:1053A000FFFFFFFFFFFFFFFFFFFFFFFFFFFFFFFF0D
:1053B000FFFFFFFFFFFFFFFFFFFFFFFFFFFFFFFFFD
:1053C000FFFFFFFFFFFFFFFFFFFFFFFFFFFFFFFFED
:1053D000FFFFFFFFFFFFFFFFFFFFFFFFFFFFFFFFDD
:1053E000FFFFFFFFFFFFFFFFFFFFFFFFFFFFFFFFCD
:1053F000FFFFFFFFFFFFFFFFFFFFFFFFFFFFFFFFBD
:10540000FFFFFFFFFFFFFFFFFFFFFFFFFFFFFFFFAC
:10541000FFFFFFFFFFFFFFFFFFFFFFFFFFFFFFFF9C
:10542000FFFFFFFFFFFFFFFFFFFFFFFFFFFFFFFF8C
:10543000FFFFFFFFFFFFFFFFFFFFFFFFFFFFFFFF7C
:10544000FFFFFFFFFFFFFFFFFFFFFFFFFFFFFFFF6C
:10545000FFFFFFFFFFFFFFFFFFFFFFFFFFFFFFFF5C
:10546000FFFFFFFFFFFFFFFFFFFFFFFFFFFFFFFF4C
:10547000FFFFFFFFFFFFFFFFFFFFFFFFFFFFFFFF3C
:10548000FFFFFFFFFFFFFFFFFFFFFFFFFFFFFFFF2C
:10549000FFFFFFFFFFFFFFFFFFFFFFFFFFFFFFFF1C
:1054A000FFFFFFFFFFFFFFFFFFFFFFFFFFFFFFFF0C
:1054B000FFFFFFFFFFFFFFFFFFFFFFFFFFFFFFFFFC
:1054C000FFFFFFFFFFFFFFFFFFFFFFFFFFFFFFFFEC
:1054D000FFFFFFFFFFFFFFFFFFFFFFFFFFFFFFFFDC
:1054E000FFFFFFFFFFFFFFFFFFFFFFFFFFFFFFFFCC
:1054F000FFFFFFFFFFFFFFFFFFFFFFFFFFFFFFFFBC
:10550000FFFFFFFFFFFFFFFFFFFFFFFFFFFFFFFFAB
:10551000FFFFFFFFFFFFFFFFFFFFFFFFFFFFFFFF9B
:10552000FFFFFFFFFFFFFFFFFFFFFFFFFFFFFFFF8B
:10553000FFFFFFFFFFFFFFFFFFFFFFFFFFFFFFFF7B
:10554000FFFFFFFFFFFFFFFFFFFFFFFFFFFFFFFF6B
:10555000FFFFFFFFFFFFFFFFFFFFFFFFFFFFFFFF5B
:10556000FFFFFFFFFFFFFFFFFFFFFFFFFFFFFFFF4B
:10557000FFFFFFFFFFFFFFFFFFFFFFFFFFFFFFFF3B
:10558000FFFFFFFFFFFFFFFFFFFFFFFFFFFFFFFF2B
:10559000FFFFFFFFFFFFFFFFFFFFFFFFFFFFFFFF1B
:1055A000FFFFFFFFFFFFFFFFFFFFFFFFFFFFFFFF0B
:1055B000FFFFFFFFFFFFFFFFFFFFFFFFFFFFFFFFFB
:1055C000FFFFFFFFFFFFFFFFFFFFFFFFFFFFFFFFEB
:1055D000FFFFFFFFFFFFFFFFFFFFFFFFFFFFFFFFDB
:1055E000FFFFFFFFFFFFFFFFFFFFFFFFFFFFFFFFCB
:1055F000FFFFFFFFFFFFFFFFFFFFFFFFFFFFFFFFBB
:10560000FFFFFFFFFFFFFFFFFFFFFFFFFFFFFFFFAA
:10561000FFFFFFFFFFFFFFFFFFFFFFFFFFFFFFFF9A
:10562000FFFFFFFFFFFFFFFFFFFFFFFFFFFFFFFF8A
:10563000FFFFFFFFFFFFFFFFFFFFFFFFFFFFFFFF7A
:10564000FFFFFFFFFFFFFFFFFFFFFFFFFFFFFFFF6A
:10565000FFFFFFFFFFFFFFFFFFFFFFFFFFFFFFFF5A
:10566000FFFFFFFFFFFFFFFFFFFFFFFFFFFFFFFF4A
:10567000FFFFFFFFFFFFFFFFFFFFFFFFFFFFFFFF3A
:10568000FFFFFFFFFFFFFFFFFFFFFFFFFFFFFFFF2A
:10569000FFFFFFFFFFFFFFFFFFFFFFFFFFFFFFFF1A
:1056A000FFFFFFFFFFFFFFFFFFFFFFFFFFFFFFFF0A
:1056B000FFFFFFFFFFFFFFFFFFFFFFFFFFFFFFFFFA
:1056C000FFFFFFFFFFFFFFFFFFFFFFFFFFFFFFFFEA
:1056D000FFFFFFFFFFFFFFFFFFFFFFFFFFFFFFFFDA
:1056E000FFFFFFFFFFFFFFFFFFFFFFFFFFFFFFFFCA
:1056F000FFFFFFFFFFFFFFFFFFFFFFFFFFFFFFFFBA
:10570000FFFFFFFFFFFFFFFFFFFFFFFFFFFFFFFFA9
:10571000FFFFFFFFFFFFFFFFFFFFFFFFFFFFFFFF99
:10572000FFFFFFFFFFFFFFFFFFFFFFFFFFFFFFFF89
:10573000FFFFFFFFFFFFFFFFFFFFFFFFFFFFFFFF79
:10574000FFFFFFFFFFFFFFFFFFFFFFFFFFFFFFFF69
:10575000FFFFFFFFFFFFFFFFFFFFFFFFFFFFFFFF59
:10576000FFFFFFFFFFFFFFFFFFFFFFFFFFFFFFFF49
:10577000FFFFFFFFFFFFFFFFFFFFFFFFFFFFFFFF39
:10578000FFFFFFFFFFFFFFFFFFFFFFFFFFFFFFFF29
:10579000FFFFFFFFFFFFFFFFFFFFFFFFFFFFFFFF19
:1057A000FFFFFFFFFFFFFFFFFFFFFFFFFFFFFFFF09
:1057B000FFFFFFFFFFFFFFFFFFFFFFFFFFFFFFFFF9
:1057C000FFFFFFFFFFFFFFFFFFFFFFFFFFFFFFFFE9
:1057D000FFFFFFFFFFFFFFFFFFFFFFFFFFFFFFFFD9
:1057E000FFFFFFFFFFFFFFFFFFFFFFFFFFFFFFFFC9
:1057F000FFFFFFFFFFFFFFFFFFFFFFFFFFFFFFFFB9
:10580000FFFFFFFFFFFFFFFFFFFFFFFFFFFFFFFFA8
:10581000FFFFFFFFFFFFFFFFFFFFFFFFFFFFFFFF98
:10582000FFFFFFFFFFFFFFFFFFFFFFFFFFFFFFFF88
:10583000FFFFFFFFFFFFFFFFFFFFFFFFFFFFFFFF78
:10584000FFFFFFFFFFFFFFFFFFFFFFFFFFFFFFFF68
:10585000FFFFFFFFFFFFFFFFFFFFFFFFFFFFFFFF58
:10586000FFFFFFFFFFFFFFFFFFFFFFFFFFFFFFFF48
:10587000FFFFFFFFFFFFFFFFFFFFFFFFFFFFFFFF38
:10588000FFFFFFFFFFFFFFFFFFFFFFFFFFFFFFFF28
:10589000FFFFFFFFFFFFFFFFFFFFFFFFFFFFFFFF18
:1058A000FFFFFFFFFFFFFFFFFFFFFFFFFFFFFFFF08
:1058B000FFFFFFFFFFFFFFFFFFFFFFFFFFFFFFFFF8
:1058C000FFFFFFFFFFFFFFFFFFFFFFFFFFFFFFFFE8
:1058D000FFFFFFFFFFFFFFFFFFFFFFFFFFFFFFFFD8
:1058E000FFFFFFFFFFFFFFFFFFFFFFFFFFFFFFFFC8
:1058F000FFFFFFFFFFFFFFFFFFFFFFFFFFFFFFFFB8
:10590000FFFFFFFFFFFFFFFFFFFFFFFFFFFFFFFFA7
:10591000FFFFFFFFFFFFFFFFFFFFFFFFFFFFFFFF97
:10592000FFFFFFFFFFFFFFFFFFFFFFFFFFFFFFFF87
:10593000FFFFFFFFFFFFFFFFFFFFFFFFFFFFFFFF77
:10594000FFFFFFFFFFFFFFFFFFFFFFFFFFFFFFFF67
:10595000FFFFFFFFFFFFFFFFFFFFFFFFFFFFFFFF57
:10596000FFFFFFFFFFFFFFFFFFFFFFFFFFFFFFFF47
:10597000FFFFFFFFFFFFFFFFFFFFFFFFFFFFFFFF37
:10598000FFFFFFFFFFFFFFFFFFFFFFFFFFFFFFFF27
:10599000FFFFFFFFFFFFFFFFFFFFFFFFFFFFFFFF17
:1059A000FFFFFFFFFFFFFFFFFFFFFFFFFFFFFFFF07
:1059B000FFFFFFFFFFFFFFFFFFFFFFFFFFFFFFFFF7
:1059C000FFFFFFFFFFFFFFFFFFFFFFFFFFFFFFFFE7
:1059D000FFFFFFFFFFFFFFFFFFFFFFFFFFFFFFFFD7
:1059E000FFFFFFFFFFFFFFFFFFFFFFFFFFFFFFFFC7
:1059F000FFFFFFFFFFFFFFFFFFFFFFFFFFFFFFFFB7
:105A0000FFFFFFFFFFFFFFFFFFFFFFFFFFFFFFFFA6
:105A1000FFFFFFFFFFFFFFFFFFFFFFFFFFFFFFFF96
:105A2000FFFFFFFFFFFFFFFFFFFFFFFFFFFFFFFF86
:105A3000FFFFFFFFFFFFFFFFFFFFFFFFFFFFFFFF76
:105A4000FFFFFFFFFFFFFFFFFFFFFFFFFFFFFFFF66
:105A5000FFFFFFFFFFFFFFFFFFFFFFFFFFFFFFFF56
:105A6000FFFFFFFFFFFFFFFFFFFFFFFFFFFFFFFF46
:105A7000FFFFFFFFFFFFFFFFFFFFFFFFFFFFFFFF36
:105A8000FFFFFFFFFFFFFFFFFFFFFFFFFFFFFFFF26
:105A9000FFFFFFFFFFFFFFFFFFFFFFFFFFFFFFFF16
:105AA000FFFFFFFFFFFFFFFFFFFFFFFFFFFFFFFF06
:105AB000FFFFFFFFFFFFFFFFFFFFFFFFFFFFFFFFF6
:105AC000FFFFFFFFFFFFFFFFFFFFFFFFFFFFFFFFE6
:105AD000FFFFFFFFFFFFFFFFFFFFFFFFFFFFFFFFD6
:105AE000FFFFFFFFFFFFFFFFFFFFFFFFFFFFFFFFC6
:105AF000FFFFFFFFFFFFFFFFFFFFFFFFFFFFFFFFB6
:105B0000FFFFFFFFFFFFFFFFFFFFFFFFFFFFFFFFA5
:105B1000FFFFFFFFFFFFFFFFFFFFFFFFFFFFFFFF95
:105B2000FFFFFFFFFFFFFFFFFFFFFFFFFFFFFFFF85
:105B3000FFFFFFFFFFFFFFFFFFFFFFFFFFFFFFFF75
:105B4000FFFFFFFFFFFFFFFFFFFFFFFFFFFFFFFF65
:105B5000FFFFFFFFFFFFFFFFFFFFFFFFFFFFFFFF55
:105B6000FFFFFFFFFFFFFFFFFFFFFFFFFFFFFFFF45
:105B7000FFFFFFFFFFFFFFFFFFFFFFFFFFFFFFFF35
:105B8000FFFFFFFFFFFFFFFFFFFFFFFFFFFFFFFF25
:105B9000FFFFFFFFFFFFFFFFFFFFFFFFFFFFFFFF15
:105BA000FFFFFFFFFFFFFFFFFFFFFFFFFFFFFFFF05
:105BB000FFFFFFFFFFFFFFFFFFFFFFFFFFFFFFFFF5
:105BC000FFFFFFFFFFFFFFFFFFFFFFFFFFFFFFFFE5
:105BD000FFFFFFFFFFFFFFFFFFFFFFFFFFFFFFFFD5
:105BE000FFFFFFFFFFFFFFFFFFFFFFFFFFFFFFFFC5
:105BF000FFFFFFFFFFFFFFFFFFFFFFFFFFFFFFFFB5
:105C0000FFFFFFFFFFFFFFFFFFFFFFFFFFFFFFFFA4
:105C1000FFFFFFFFFFFFFFFFFFFFFFFFFFFFFFFF94
:105C2000FFFFFFFFFFFFFFFFFFFFFFFFFFFFFFFF84
:105C3000FFFFFFFFFFFFFFFFFFFFFFFFFFFFFFFF74
:105C4000FFFFFFFFFFFFFFFFFFFFFFFFFFFFFFFF64
:105C5000FFFFFFFFFFFFFFFFFFFFFFFFFFFFFFFF54
:105C6000FFFFFFFFFFFFFFFFFFFFFFFFFFFFFFFF44
:105C7000FFFFFFFFFFFFFFFFFFFFFFFFFFFFFFFF34
:105C8000FFFFFFFFFFFFFFFFFFFFFFFFFFFFFFFF24
:105C9000FFFFFFFFFFFFFFFFFFFFFFFFFFFFFFFF14
:105CA000FFFFFFFFFFFFFFFFFFFFFFFFFFFFFFFF04
:105CB000FFFFFFFFFFFFFFFFFFFFFFFFFFFFFFFFF4
:105CC000FFFFFFFFFFFFFFFFFFFFFFFFFFFFFFFFE4
:105CD000FFFFFFFFFFFFFFFFFFFFFFFFFFFFFFFFD4
:105CE000FFFFFFFFFFFFFFFFFFFFFFFFFFFFFFFFC4
:105CF000FFFFFFFFFFFFFFFFFFFFFFFFFFFFFFFFB4
:105D0000FFFFFFFFFFFFFFFFFFFFFFFFFFFFFFFFA3
:105D1000FFFFFFFFFFFFFFFFFFFFFFFFFFFFFFFF93
:105D2000FFFFFFFFFFFFFFFFFFFFFFFFFFFFFFFF83
:105D3000FFFFFFFFFFFFFFFFFFFFFFFFFFFFFFFF73
:105D4000FFFFFFFFFFFFFFFFFFFFFFFFFFFFFFFF63
:105D5000FFFFFFFFFFFFFFFFFFFFFFFFFFFFFFFF53
:105D6000FFFFFFFFFFFFFFFFFFFFFFFFFFFFFFFF43
:105D7000FFFFFFFFFFFFFFFFFFFFFFFFFFFFFFFF33
:105D8000FFFFFFFFFFFFFFFFFFFFFFFFFFFFFFFF23
:105D9000FFFFFFFFFFFFFFFFFFFFFFFFFFFFFFFF13
:105DA000FFFFFFFFFFFFFFFFFFFFFFFFFFFFFFFF03
:105DB000FFFFFFFFFFFFFFFFFFFFFFFFFFFFFFFFF3
:105DC000FFFFFFFFFFFFFFFFFFFFFFFFFFFFFFFFE3
:105DD000FFFFFFFFFFFFFFFFFFFFFFFFFFFFFFFFD3
:105DE000FFFFFFFFFFFFFFFFFFFFFFFFFFFFFFFFC3
:105DF000FFFFFFFFFFFFFFFFFFFFFFFFFFFFFFFFB3
:105E0000FFFFFFFFFFFFFFFFFFFFFFFFFFFFFFFFA2
:105E1000FFFFFFFFFFFFFFFFFFFFFFFFFFFFFFFF92
:105E2000FFFFFFFFFFFFFFFFFFFFFFFFFFFFFFFF82
:105E3000FFFFFFFFFFFFFFFFFFFFFFFFFFFFFFFF72
:105E4000FFFFFFFFFFFFFFFFFFFFFFFFFFFFFFFF62
:105E5000FFFFFFFFFFFFFFFFFFFFFFFFFFFFFFFF52
:105E6000FFFFFFFFFFFFFFFFFFFFFFFFFFFFFFFF42
:105E7000FFFFFFFFFFFFFFFFFFFFFFFFFFFFFFFF32
:105E8000FFFFFFFFFFFFFFFFFFFFFFFFFFFFFFFF22
:105E9000FFFFFFFFFFFFFFFFFFFFFFFFFFFFFFFF12
:105EA000FFFFFFFFFFFFFFFFFFFFFFFFFFFFFFFF02
:105EB000FFFFFFFFFFFFFFFFFFFFFFFFFFFFFFFFF2
:105EC000FFFFFFFFFFFFFFFFFFFFFFFFFFFFFFFFE2
:105ED000FFFFFFFFFFFFFFFFFFFFFFFFFFFFFFFFD2
:105EE000FFFFFFFFFFFFFFFFFFFFFFFFFFFFFFFFC2
:105EF000FFFFFFFFFFFFFFFFFFFFFFFFFFFFFFFFB2
:105F0000FFFFFFFFFFFFFFFFFFFFFFFFFFFFFFFFA1
:105F1000FFFFFFFFFFFFFFFFFFFFFFFFFFFFFFFF91
:105F2000FFFFFFFFFFFFFFFFFFFFFFFFFFFFFFFF81
:105F3000FFFFFFFFFFFFFFFFFFFFFFFFFFFFFFFF71
:105F4000FFFFFFFFFFFFFFFFFFFFFFFFFFFFFFFF61
:105F5000FFFFFFFFFFFFFFFFFFFFFFFFFFFFFFFF51
:105F6000FFFFFFFFFFFFFFFFFFFFFFFFFFFFFFFF41
:105F7000FFFFFFFFFFFFFFFFFFFFFFFFFFFFFFFF31
:105F8000FFFFFFFFFFFFFFFFFFFFFFFFFFFFFFFF21
:105F9000FFFFFFFFFFFFFFFFFFFFFFFFFFFFFFFF11
:105FA000FFFFFFFFFFFFFFFFFFFFFFFFFFFFFFFF01
:105FB000FFFFFFFFFFFFFFFFFFFFFFFFFFFFFFFFF1
:105FC000FFFFFFFFFFFFFFFFFFFFFFFFFFFFFFFFE1
:105FD000FFFFFFFFFFFFFFFFFFFFFFFFFFFFFFFFD1
:105FE000FFFFFFFFFFFFFFFFFFFFFFFFFFFFFFFFC1
:105FF000FFFFFFFFFFFFFFFFFFFFFFFFFFFFFFFFB1
:10600000FFFFFFFFFFFFFFFFFFFFFFFFFFFFFFFFA0
:10601000FFFFFFFFFFFFFFFFFFFFFFFFFFFFFFFF90
:10602000FFFFFFFFFFFFFFFFFFFFFFFFFFFFFFFF80
:10603000FFFFFFFFFFFFFFFFFFFFFFFFFFFFFFFF70
:10604000FFFFFFFFFFFFFFFFFFFFFFFFFFFFFFFF60
:10605000FFFFFFFFFFFFFFFFFFFFFFFFFFFFFFFF50
:10606000FFFFFFFFFFFFFFFFFFFFFFFFFFFFFFFF40
:10607000FFFFFFFFFFFFFFFFFFFFFFFFFFFFFFFF30
:10608000FFFFFFFFFFFFFFFFFFFFFFFFFFFFFFFF20
:10609000FFFFFFFFFFFFFFFFFFFFFFFFFFFFFFFF10
:1060A000FFFFFFFFFFFFFFFFFFFFFFFFFFFFFFFF00
:1060B000FFFFFFFFFFFFFFFFFFFFFFFFFFFFFFFFF0
:1060C000FFFFFFFFFFFFFFFFFFFFFFFFFFFFFFFFE0
:1060D000FFFFFFFFFFFFFFFFFFFFFFFFFFFFFFFFD0
:1060E000FFFFFFFFFFFFFFFFFFFFFFFFFFFFFFFFC0
:1060F000FFFFFFFFFFFFFFFFFFFFFFFFFFFFFFFFB0
:10610000FFFFFFFFFFFFFFFFFFFFFFFFFFFFFFFF9F
:10611000FFFFFFFFFFFFFFFFFFFFFFFFFFFFFFFF8F
:10612000FFFFFFFFFFFFFFFFFFFFFFFFFFFFFFFF7F
:10613000FFFFFFFFFFFFFFFFFFFFFFFFFFFFFFFF6F
:10614000FFFFFFFFFFFFFFFFFFFFFFFFFFFFFFFF5F
:10615000FFFFFFFFFFFFFFFFFFFFFFFFFFFFFFFF4F
:10616000FFFFFFFFFFFFFFFFFFFFFFFFFFFFFFFF3F
:10617000FFFFFFFFFFFFFFFFFFFFFFFFFFFFFFFF2F
:10618000FFFFFFFFFFFFFFFFFFFFFFFFFFFFFFFF1F
:10619000FFFFFFFFFFFFFFFFFFFFFFFFFFFFFFFF0F
:1061A000FFFFFFFFFFFFFFFFFFFFFFFFFFFFFFFFFF
:1061B000FFFFFFFFFFFFFFFFFFFFFFFFFFFFFFFFEF
:1061C000FFFFFFFFFFFFFFFFFFFFFFFFFFFFFFFFDF
:1061D000FFFFFFFFFFFFFFFFFFFFFFFFFFFFFFFFCF
:1061E000FFFFFFFFFFFFFFFFFFFFFFFFFFFFFFFFBF
:1061F000FFFFFFFFFFFFFFFFFFFFFFFFFFFFFFFFAF
:10620000FFFFFFFFFFFFFFFFFFFFFFFFFFFFFFFF9E
:10621000FFFFFFFFFFFFFFFFFFFFFFFFFFFFFFFF8E
:10622000FFFFFFFFFFFFFFFFFFFFFFFFFFFFFFFF7E
:10623000FFFFFFFFFFFFFFFFFFFFFFFFFFFFFFFF6E
:10624000FFFFFFFFFFFFFFFFFFFFFFFFFFFFFFFF5E
:10625000FFFFFFFFFFFFFFFFFFFFFFFFFFFFFFFF4E
:10626000FFFFFFFFFFFFFFFFFFFFFFFFFFFFFFFF3E
:10627000FFFFFFFFFFFFFFFFFFFFFFFFFFFFFFFF2E
:10628000FFFFFFFFFFFFFFFFFFFFFFFFFFFFFFFF1E
:10629000FFFFFFFFFFFFFFFFFFFFFFFFFFFFFFFF0E
:1062A000FFFFFFFFFFFFFFFFFFFFFFFFFFFFFFFFFE
:1062B000FFFFFFFFFFFFFFFFFFFFFFFFFFFFFFFFEE
:1062C000FFFFFFFFFFFFFFFFFFFFFFFFFFFFFFFFDE
:1062D000FFFFFFFFFFFFFFFFFFFFFFFFFFFFFFFFCE
:1062E000FFFFFFFFFFFFFFFFFFFFFFFFFFFFFFFFBE
:1062F000FFFFFFFFFFFFFFFFFFFFFFFFFFFFFFFFAE
:10630000FFFFFFFFFFFFFFFFFFFFFFFFFFFFFFFF9D
:10631000FFFFFFFFFFFFFFFFFFFFFFFFFFFFFFFF8D
:10632000FFFFFFFFFFFFFFFFFFFFFFFFFFFFFFFF7D
:10633000FFFFFFFFFFFFFFFFFFFFFFFFFFFFFFFF6D
:10634000FFFFFFFFFFFFFFFFFFFFFFFFFFFFFFFF5D
:10635000FFFFFFFFFFFFFFFFFFFFFFFFFFFFFFFF4D
:10636000FFFFFFFFFFFFFFFFFFFFFFFFFFFFFFFF3D
:10637000FFFFFFFFFFFFFFFFFFFFFFFFFFFFFFFF2D
:10638000FFFFFFFFFFFFFFFFFFFFFFFFFFFFFFFF1D
:10639000FFFFFFFFFFFFFFFFFFFFFFFFFFFFFFFF0D
:1063A000FFFFFFFFFFFFFFFFFFFFFFFFFFFFFFFFFD
:1063B000FFFFFFFFFFFFFFFFFFFFFFFFFFFFFFFFED
:1063C000FFFFFFFFFFFFFFFFFFFFFFFFFFFFFFFFDD
:1063D000FFFFFFFFFFFFFFFFFFFFFFFFFFFFFFFFCD
:1063E000FFFFFFFFFFFFFFFFFFFFFFFFFFFFFFFFBD
:1063F000FFFFFFFFFFFFFFFFFFFFFFFFFFFFFFFFAD
:10640000FFFFFFFFFFFFFFFFFFFFFFFFFFFFFFFF9C
:10641000FFFFFFFFFFFFFFFFFFFFFFFFFFFFFFFF8C
:10642000FFFFFFFFFFFFFFFFFFFFFFFFFFFFFFFF7C
:10643000FFFFFFFFFFFFFFFFFFFFFFFFFFFFFFFF6C
:10644000FFFFFFFFFFFFFFFFFFFFFFFFFFFFFFFF5C
:10645000FFFFFFFFFFFFFFFFFFFFFFFFFFFFFFFF4C
:10646000FFFFFFFFFFFFFFFFFFFFFFFFFFFFFFFF3C
:10647000FFFFFFFFFFFFFFFFFFFFFFFFFFFFFFFF2C
:10648000FFFFFFFFFFFFFFFFFFFFFFFFFFFFFFFF1C
:10649000FFFFFFFFFFFFFFFFFFFFFFFFFFFFFFFF0C
:1064A000FFFFFFFFFFFFFFFFFFFFFFFFFFFFFFFFFC
:1064B000FFFFFFFFFFFFFFFFFFFFFFFFFFFFFFFFEC
:1064C000FFFFFFFFFFFFFFFFFFFFFFFFFFFFFFFFDC
:1064D000FFFFFFFFFFFFFFFFFFFFFFFFFFFFFFFFCC
:1064E000FFFFFFFFFFFFFFFFFFFFFFFFFFFFFFFFBC
:1064F000FFFFFFFFFFFFFFFFFFFFFFFFFFFFFFFFAC
:10650000FFFFFFFFFFFFFFFFFFFFFFFFFFFFFFFF9B
:10651000FFFFFFFFFFFFFFFFFFFFFFFFFFFFFFFF8B
:10652000FFFFFFFFFFFFFFFFFFFFFFFFFFFFFFFF7B
:10653000FFFFFFFFFFFFFFFFFFFFFFFFFFFFFFFF6B
:10654000FFFFFFFFFFFFFFFFFFFFFFFFFFFFFFFF5B
:10655000FFFFFFFFFFFFFFFFFFFFFFFFFFFFFFFF4B
:10656000FFFFFFFFFFFFFFFFFFFFFFFFFFFFFFFF3B
:10657000FFFFFFFFFFFFFFFFFFFFFFFFFFFFFFFF2B
:10658000FFFFFFFFFFFFFFFFFFFFFFFFFFFFFFFF1B
:10659000FFFFFFFFFFFFFFFFFFFFFFFFFFFFFFFF0B
:1065A000FFFFFFFFFFFFFFFFFFFFFFFFFFFFFFFFFB
:1065B000FFFFFFFFFFFFFFFFFFFFFFFFFFFFFFFFEB
:1065C000FFFFFFFFFFFFFFFFFFFFFFFFFFFFFFFFDB
:1065D000FFFFFFFFFFFFFFFFFFFFFFFFFFFFFFFFCB
:1065E000FFFFFFFFFFFFFFFFFFFFFFFFFFFFFFFFBB
:1065F000FFFFFFFFFFFFFFFFFFFFFFFFFFFFFFFFAB
:10660000FFFFFFFFFFFFFFFFFFFFFFFFFFFFFFFF9A
:10661000FFFFFFFFFFFFFFFFFFFFFFFFFFFFFFFF8A
:10662000FFFFFFFFFFFFFFFFFFFFFFFFFFFFFFFF7A
:10663000FFFFFFFFFFFFFFFFFFFFFFFFFFFFFFFF6A
:10664000FFFFFFFFFFFFFFFFFFFFFFFFFFFFFFFF5A
:10665000FFFFFFFFFFFFFFFFFFFFFFFFFFFFFFFF4A
:10666000FFFFFFFFFFFFFFFFFFFFFFFFFFFFFFFF3A
:10667000FFFFFFFFFFFFFFFFFFFFFFFFFFFFFFFF2A
:10668000FFFFFFFFFFFFFFFFFFFFFFFFFFFFFFFF1A
:10669000FFFFFFFFFFFFFFFFFFFFFFFFFFFFFFFF0A
:1066A000FFFFFFFFFFFFFFFFFFFFFFFFFFFFFFFFFA
:1066B000FFFFFFFFFFFFFFFFFFFFFFFFFFFFFFFFEA
:1066C000FFFFFFFFFFFFFFFFFFFFFFFFFFFFFFFFDA
:1066D000FFFFFFFFFFFFFFFFFFFFFFFFFFFFFFFFCA
:1066E000FFFFFFFFFFFFFFFFFFFFFFFFFFFFFFFFBA
:1066F000FFFFFFFFFFFFFFFFFFFFFFFFFFFFFFFFAA
:10670000FFFFFFFFFFFFFFFFFFFFFFFFFFFFFFFF99
:10671000FFFFFFFFFFFFFFFFFFFFFFFFFFFFFFFF89
:10672000FFFFFFFFFFFFFFFFFFFFFFFFFFFFFFFF79
:10673000FFFFFFFFFFFFFFFFFFFFFFFFFFFFFFFF69
:10674000FFFFFFFFFFFFFFFFFFFFFFFFFFFFFFFF59
:10675000FFFFFFFFFFFFFFFFFFFFFFFFFFFFFFFF49
:10676000FFFFFFFFFFFFFFFFFFFFFFFFFFFFFFFF39
:10677000FFFFFFFFFFFFFFFFFFFFFFFFFFFFFFFF29
:10678000FFFFFFFFFFFFFFFFFFFFFFFFFFFFFFFF19
:10679000FFFFFFFFFFFFFFFFFFFFFFFFFFFFFFFF09
:1067A000FFFFFFFFFFFFFFFFFFFFFFFFFFFFFFFFF9
:1067B000FFFFFFFFFFFFFFFFFFFFFFFFFFFFFFFFE9
:1067C000FFFFFFFFFFFFFFFFFFFFFFFFFFFFFFFFD9
:1067D000FFFFFFFFFFFFFFFFFFFFFFFFFFFFFFFFC9
:1067E000FFFFFFFFFFFFFFFFFFFFFFFFFFFFFFFFB9
:1067F000FFFFFFFFFFFFFFFFFFFFFFFFFFFFFFFFA9
:10680000FFFFFFFFFFFFFFFFFFFFFFFFFFFFFFFF98
:10681000FFFFFFFFFFFFFFFFFFFFFFFFFFFFFFFF88
:10682000FFFFFFFFFFFFFFFFFFFFFFFFFFFFFFFF78
:10683000FFFFFFFFFFFFFFFFFFFFFFFFFFFFFFFF68
:10684000FFFFFFFFFFFFFFFFFFFFFFFFFFFFFFFF58
:10685000FFFFFFFFFFFFFFFFFFFFFFFFFFFFFFFF48
:10686000FFFFFFFFFFFFFFFFFFFFFFFFFFFFFFFF38
:10687000FFFFFFFFFFFFFFFFFFFFFFFFFFFFFFFF28
:10688000FFFFFFFFFFFFFFFFFFFFFFFFFFFFFFFF18
:10689000FFFFFFFFFFFFFFFFFFFFFFFFFFFFFFFF08
:1068A000FFFFFFFFFFFFFFFFFFFFFFFFFFFFFFFFF8
:1068B000FFFFFFFFFFFFFFFFFFFFFFFFFFFFFFFFE8
:1068C000FFFFFFFFFFFFFFFFFFFFFFFFFFFFFFFFD8
:1068D000FFFFFFFFFFFFFFFFFFFFFFFFFFFFFFFFC8
:1068E000FFFFFFFFFFFFFFFFFFFFFFFFFFFFFFFFB8
:1068F000FFFFFFFFFFFFFFFFFFFFFFFFFFFFFFFFA8
:10690000FFFFFFFFFFFFFFFFFFFFFFFFFFFFFFFF97
:10691000FFFFFFFFFFFFFFFFFFFFFFFFFFFFFFFF87
:10692000FFFFFFFFFFFFFFFFFFFFFFFFFFFFFFFF77
:10693000FFFFFFFFFFFFFFFFFFFFFFFFFFFFFFFF67
:10694000FFFFFFFFFFFFFFFFFFFFFFFFFFFFFFFF57
:10695000FFFFFFFFFFFFFFFFFFFFFFFFFFFFFFFF47
:10696000FFFFFFFFFFFFFFFFFFFFFFFFFFFFFFFF37
:10697000FFFFFFFFFFFFFFFFFFFFFFFFFFFFFFFF27
:10698000FFFFFFFFFFFFFFFFFFFFFFFFFFFFFFFF17
:10699000FFFFFFFFFFFFFFFFFFFFFFFFFFFFFFFF07
:1069A000FFFFFFFFFFFFFFFFFFFFFFFFFFFFFFFFF7
:1069B000FFFFFFFFFFFFFFFFFFFFFFFFFFFFFFFFE7
:1069C000FFFFFFFFFFFFFFFFFFFFFFFFFFFFFFFFD7
:1069D000FFFFFFFFFFFFFFFFFFFFFFFFFFFFFFFFC7
:1069E000FFFFFFFFFFFFFFFFFFFFFFFFFFFFFFFFB7
:1069F000FFFFFFFFFFFFFFFFFFFFFFFFFFFFFFFFA7
:106A0000FFFFFFFFFFFFFFFFFFFFFFFFFFFFFFFF96
:106A1000FFFFFFFFFFFFFFFFFFFFFFFFFFFFFFFF86
:106A2000FFFFFFFFFFFFFFFFFFFFFFFFFFFFFFFF76
:106A3000FFFFFFFFFFFFFFFFFFFFFFFFFFFFFFFF66
:106A4000FFFFFFFFFFFFFFFFFFFFFFFFFFFFFFFF56
:106A5000FFFFFFFFFFFFFFFFFFFFFFFFFFFFFFFF46
:106A6000FFFFFFFFFFFFFFFFFFFFFFFFFFFFFFFF36
:106A7000FFFFFFFFFFFFFFFFFFFFFFFFFFFFFFFF26
:106A8000FFFFFFFFFFFFFFFFFFFFFFFFFFFFFFFF16
:106A9000FFFFFFFFFFFFFFFFFFFFFFFFFFFFFFFF06
:106AA000FFFFFFFFFFFFFFFFFFFFFFFFFFFFFFFFF6
:106AB000FFFFFFFFFFFFFFFFFFFFFFFFFFFFFFFFE6
:106AC000FFFFFFFFFFFFFFFFFFFFFFFFFFFFFFFFD6
:106AD000FFFFFFFFFFFFFFFFFFFFFFFFFFFFFFFFC6
:106AE000FFFFFFFFFFFFFFFFFFFFFFFFFFFFFFFFB6
:106AF000FFFFFFFFFFFFFFFFFFFFFFFFFFFFFFFFA6
:106B0000FFFFFFFFFFFFFFFFFFFFFFFFFFFFFFFF95
:106B1000FFFFFFFFFFFFFFFFFFFFFFFFFFFFFFFF85
:106B2000FFFFFFFFFFFFFFFFFFFFFFFFFFFFFFFF75
:106B3000FFFFFFFFFFFFFFFFFFFFFFFFFFFFFFFF65
:106B4000FFFFFFFFFFFFFFFFFFFFFFFFFFFFFFFF55
:106B5000FFFFFFFFFFFFFFFFFFFFFFFFFFFFFFFF45
:106B6000FFFFFFFFFFFFFFFFFFFFFFFFFFFFFFFF35
:106B7000FFFFFFFFFFFFFFFFFFFFFFFFFFFFFFFF25
:106B8000FFFFFFFFFFFFFFFFFFFFFFFFFFFFFFFF15
:106B9000FFFFFFFFFFFFFFFFFFFFFFFFFFFFFFFF05
:106BA000FFFFFFFFFFFFFFFFFFFFFFFFFFFFFFFFF5
:106BB000FFFFFFFFFFFFFFFFFFFFFFFFFFFFFFFFE5
:106BC000FFFFFFFFFFFFFFFFFFFFFFFFFFFFFFFFD5
:106BD000FFFFFFFFFFFFFFFFFFFFFFFFFFFFFFFFC5
:106BE000FFFFFFFFFFFFFFFFFFFFFFFFFFFFFFFFB5
:106BF000FFFFFFFFFFFFFFFFFFFFFFFFFFFFFFFFA5
:106C0000FFFFFFFFFFFFFFFFFFFFFFFFFFFFFFFF94
:106C1000FFFFFFFFFFFFFFFFFFFFFFFFFFFFFFFF84
:106C2000FFFFFFFFFFFFFFFFFFFFFFFFFFFFFFFF74
:106C3000FFFFFFFFFFFFFFFFFFFFFFFFFFFFFFFF64
:106C4000FFFFFFFFFFFFFFFFFFFFFFFFFFFFFFFF54
:106C5000FFFFFFFFFFFFFFFFFFFFFFFFFFFFFFFF44
:106C6000FFFFFFFFFFFFFFFFFFFFFFFFFFFFFFFF34
:106C7000FFFFFFFFFFFFFFFFFFFFFFFFFFFFFFFF24
:106C8000FFFFFFFFFFFFFFFFFFFFFFFFFFFFFFFF14
:106C9000FFFFFFFFFFFFFFFFFFFFFFFFFFFFFFFF04
:106CA000FFFFFFFFFFFFFFFFFFFFFFFFFFFFFFFFF4
:106CB000FFFFFFFFFFFFFFFFFFFFFFFFFFFFFFFFE4
:106CC000FFFFFFFFFFFFFFFFFFFFFFFFFFFFFFFFD4
:106CD000FFFFFFFFFFFFFFFFFFFFFFFFFFFFFFFFC4
:106CE000FFFFFFFFFFFFFFFFFFFFFFFFFFFFFFFFB4
:106CF000FFFFFFFFFFFFFFFFFFFFFFFFFFFFFFFFA4
:106D0000FFFFFFFFFFFFFFFFFFFFFFFFFFFFFFFF93
:106D1000FFFFFFFFFFFFFFFFFFFFFFFFFFFFFFFF83
:106D2000FFFFFFFFFFFFFFFFFFFFFFFFFFFFFFFF73
:106D3000FFFFFFFFFFFFFFFFFFFFFFFFFFFFFFFF63
:106D4000FFFFFFFFFFFFFFFFFFFFFFFFFFFFFFFF53
:106D5000FFFFFFFFFFFFFFFFFFFFFFFFFFFFFFFF43
:106D6000FFFFFFFFFFFFFFFFFFFFFFFFFFFFFFFF33
:106D7000FFFFFFFFFFFFFFFFFFFFFFFFFFFFFFFF23
:106D8000FFFFFFFFFFFFFFFFFFFFFFFFFFFFFFFF13
:106D9000FFFFFFFFFFFFFFFFFFFFFFFFFFFFFFFF03
:106DA000FFFFFFFFFFFFFFFFFFFFFFFFFFFFFFFFF3
:106DB000FFFFFFFFFFFFFFFFFFFFFFFFFFFFFFFFE3
:106DC000FFFFFFFFFFFFFFFFFFFFFFFFFFFFFFFFD3
:106DD000FFFFFFFFFFFFFFFFFFFFFFFFFFFFFFFFC3
:106DE000FFFFFFFFFFFFFFFFFFFFFFFFFFFFFFFFB3
:106DF000FFFFFFFFFFFFFFFFFFFFFFFFFFFFFFFFA3
:106E0000FFFFFFFFFFFFFFFFFFFFFFFFFFFFFFFF92
:106E1000FFFFFFFFFFFFFFFFFFFFFFFFFFFFFFFF82
:106E2000FFFFFFFFFFFFFFFFFFFFFFFFFFFFFFFF72
:106E3000FFFFFFFFFFFFFFFFFFFFFFFFFFFFFFFF62
:106E4000FFFFFFFFFFFFFFFFFFFFFFFFFFFFFFFF52
:106E5000FFFFFFFFFFFFFFFFFFFFFFFFFFFFFFFF42
:106E6000FFFFFFFFFFFFFFFFFFFFFFFFFFFFFFFF32
:106E7000FFFFFFFFFFFFFFFFFFFFFFFFFFFFFFFF22
:106E8000FFFFFFFFFFFFFFFFFFFFFFFFFFFFFFFF12
:106E9000FFFFFFFFFFFFFFFFFFFFFFFFFFFFFFFF02
:106EA000FFFFFFFFFFFFFFFFFFFFFFFFFFFFFFFFF2
:106EB000FFFFFFFFFFFFFFFFFFFFFFFFFFFFFFFFE2
:106EC000FFFFFFFFFFFFFFFFFFFFFFFFFFFFFFFFD2
:106ED000FFFFFFFFFFFFFFFFFFFFFFFFFFFFFFFFC2
:106EE000FFFFFFFFFFFFFFFFFFFFFFFFFFFFFFFFB2
:106EF000FFFFFFFFFFFFFFFFFFFFFFFFFFFFFFFFA2
:106F0000FFFFFFFFFFFFFFFFFFFFFFFFFFFFFFFF91
:106F1000FFFFFFFFFFFFFFFFFFFFFFFFFFFFFFFF81
:106F2000FFFFFFFFFFFFFFFFFFFFFFFFFFFFFFFF71
:106F3000FFFFFFFFFFFFFFFFFFFFFFFFFFFFFFFF61
:106F4000FFFFFFFFFFFFFFFFFFFFFFFFFFFFFFFF51
:106F5000FFFFFFFFFFFFFFFFFFFFFFFFFFFFFFFF41
:106F6000FFFFFFFFFFFFFFFFFFFFFFFFFFFFFFFF31
:106F7000FFFFFFFFFFFFFFFFFFFFFFFFFFFFFFFF21
:106F8000FFFFFFFFFFFFFFFFFFFFFFFFFFFFFFFF11
:106F9000FFFFFFFFFFFFFFFFFFFFFFFFFFFFFFFF01
:106FA000FFFFFFFFFFFFFFFFFFFFFFFFFFFFFFFFF1
:106FB000FFFFFFFFFFFFFFFFFFFFFFFFFFFFFFFFE1
:106FC000FFFFFFFFFFFFFFFFFFFFFFFFFFFFFFFFD1
:106FD000FFFFFFFFFFFFFFFFFFFFFFFFFFFFFFFFC1
:106FE000FFFFFFFFFFFFFFFFFFFFFFFFFFFFFFFFB1
:106FF000FFFFFFFFFFFFFFFFFFFFFFFFFFFFFFFFA1
:10700000FFFFFFFFFFFFFFFFFFFFFFFFFFFFFFFF90
:10701000FFFFFFFFFFFFFFFFFFFFFFFFFFFFFFFF80
:10702000FFFFFFFFFFFFFFFFFFFFFFFFFFFFFFFF70
:10703000FFFFFFFFFFFFFFFFFFFFFFFFFFFFFFFF60
:10704000FFFFFFFFFFFFFFFFFFFFFFFFFFFFFFFF50
:10705000FFFFFFFFFFFFFFFFFFFFFFFFFFFFFFFF40
:10706000FFFFFFFFFFFFFFFFFFFFFFFFFFFFFFFF30
:10707000FFFFFFFFFFFFFFFFFFFFFFFFFFFFFFFF20
:10708000FFFFFFFFFFFFFFFFFFFFFFFFFFFFFFFF10
:10709000FFFFFFFFFFFFFFFFFFFFFFFFFFFFFFFF00
:1070A000FFFFFFFFFFFFFFFFFFFFFFFFFFFFFFFFF0
:1070B000FFFFFFFFFFFFFFFFFFFFFFFFFFFFFFFFE0
:1070C000FFFFFFFFFFFFFFFFFFFFFFFFFFFFFFFFD0
:1070D000FFFFFFFFFFFFFFFFFFFFFFFFFFFFFFFFC0
:1070E000FFFFFFFFFFFFFFFFFFFFFFFFFFFFFFFFB0
:1070F000FFFFFFFFFFFFFFFFFFFFFFFFFFFFFFFFA0
:10710000FFFFFFFFFFFFFFFFFFFFFFFFFFFFFFFF8F
:10711000FFFFFFFFFFFFFFFFFFFFFFFFFFFFFFFF7F
:10712000FFFFFFFFFFFFFFFFFFFFFFFFFFFFFFFF6F
:10713000FFFFFFFFFFFFFFFFFFFFFFFFFFFFFFFF5F
:10714000FFFFFFFFFFFFFFFFFFFFFFFFFFFFFFFF4F
:10715000FFFFFFFFFFFFFFFFFFFFFFFFFFFFFFFF3F
:10716000FFFFFFFFFFFFFFFFFFFFFFFFFFFFFFFF2F
:10717000FFFFFFFFFFFFFFFFFFFFFFFFFFFFFFFF1F
:10718000FFFFFFFFFFFFFFFFFFFFFFFFFFFFFFFF0F
:10719000FFFFFFFFFFFFFFFFFFFFFFFFFFFFFFFFFF
:1071A000FFFFFFFFFFFFFFFFFFFFFFFFFFFFFFFFEF
:1071B000FFFFFFFFFFFFFFFFFFFFFFFFFFFFFFFFDF
:1071C000FFFFFFFFFFFFFFFFFFFFFFFFFFFFFFFFCF
:1071D000FFFFFFFFFFFFFFFFFFFFFFFFFFFFFFFFBF
:1071E000FFFFFFFFFFFFFFFFFFFFFFFFFFFFFFFFAF
:1071F000FFFFFFFFFFFFFFFFFFFFFFFFFFFFFFFF9F
:10720000FFFFFFFFFFFFFFFFFFFFFFFFFFFFFFFF8E
:10721000FFFFFFFFFFFFFFFFFFFFFFFFFFFFFFFF7E
:10722000FFFFFFFFFFFFFFFFFFFFFFFFFFFFFFFF6E
:10723000FFFFFFFFFFFFFFFFFFFFFFFFFFFFFFFF5E
:10724000FFFFFFFFFFFFFFFFFFFFFFFFFFFFFFFF4E
:10725000FFFFFFFFFFFFFFFFFFFFFFFFFFFFFFFF3E
:10726000FFFFFFFFFFFFFFFFFFFFFFFFFFFFFFFF2E
:10727000FFFFFFFFFFFFFFFFFFFFFFFFFFFFFFFF1E
:10728000FFFFFFFFFFFFFFFFFFFFFFFFFFFFFFFF0E
:10729000FFFFFFFFFFFFFFFFFFFFFFFFFFFFFFFFFE
:1072A000FFFFFFFFFFFFFFFFFFFFFFFFFFFFFFFFEE
:1072B000FFFFFFFFFFFFFFFFFFFFFFFFFFFFFFFFDE
:1072C000FFFFFFFFFFFFFFFFFFFFFFFFFFFFFFFFCE
:1072D000FFFFFFFFFFFFFFFFFFFFFFFFFFFFFFFFBE
:1072E000FFFFFFFFFFFFFFFFFFFFFFFFFFFFFFFFAE
:1072F000FFFFFFFFFFFFFFFFFFFFFFFFFFFFFFFF9E
:10730000FFFFFFFFFFFFFFFFFFFFFFFFFFFFFFFF8D
:10731000FFFFFFFFFFFFFFFFFFFFFFFFFFFFFFFF7D
:10732000FFFFFFFFFFFFFFFFFFFFFFFFFFFFFFFF6D
:10733000FFFFFFFFFFFFFFFFFFFFFFFFFFFFFFFF5D
:10734000FFFFFFFFFFFFFFFFFFFFFFFFFFFFFFFF4D
:10735000FFFFFFFFFFFFFFFFFFFFFFFFFFFFFFFF3D
:10736000FFFFFFFFFFFFFFFFFFFFFFFFFFFFFFFF2D
:10737000FFFFFFFFFFFFFFFFFFFFFFFFFFFFFFFF1D
:10738000FFFFFFFFFFFFFFFFFFFFFFFFFFFFFFFF0D
:10739000FFFFFFFFFFFFFFFFFFFFFFFFFFFFFFFFFD
:1073A000FFFFFFFFFFFFFFFFFFFFFFFFFFFFFFFFED
:1073B000FFFFFFFFFFFFFFFFFFFFFFFFFFFFFFFFDD
:1073C000FFFFFFFFFFFFFFFFFFFFFFFFFFFFFFFFCD
:1073D000FFFFFFFFFFFFFFFFFFFFFFFFFFFFFFFFBD
:1073E000FFFFFFFFFFFFFFFFFFFFFFFFFFFFFFFFAD
:1073F000FFFFFFFFFFFFFFFFFFFFFFFFFFFFFFFF9D
:10740000FFFFFFFFFFFFFFFFFFFFFFFFFFFFFFFF8C
:10741000FFFFFFFFFFFFFFFFFFFFFFFFFFFFFFFF7C
:10742000FFFFFFFFFFFFFFFFFFFFFFFFFFFFFFFF6C
:10743000FFFFFFFFFFFFFFFFFFFFFFFFFFFFFFFF5C
:10744000FFFFFFFFFFFFFFFFFFFFFFFFFFFFFFFF4C
:10745000FFFFFFFFFFFFFFFFFFFFFFFFFFFFFFFF3C
:10746000FFFFFFFFFFFFFFFFFFFFFFFFFFFFFFFF2C
:10747000FFFFFFFFFFFFFFFFFFFFFFFFFFFFFFFF1C
:10748000FFFFFFFFFFFFFFFFFFFFFFFFFFFFFFFF0C
:10749000FFFFFFFFFFFFFFFFFFFFFFFFFFFFFFFFFC
:1074A000FFFFFFFFFFFFFFFFFFFFFFFFFFFFFFFFEC
:1074B000FFFFFFFFFFFFFFFFFFFFFFFFFFFFFFFFDC
:1074C000FFFFFFFFFFFFFFFFFFFFFFFFFFFFFFFFCC
:1074D000FFFFFFFFFFFFFFFFFFFFFFFFFFFFFFFFBC
:1074E000FFFFFFFFFFFFFFFFFFFFFFFFFFFFFFFFAC
:1074F000FFFFFFFFFFFFFFFFFFFFFFFFFFFFFFFF9C
:10750000FFFFFFFFFFFFFFFFFFFFFFFFFFFFFFFF8B
:10751000FFFFFFFFFFFFFFFFFFFFFFFFFFFFFFFF7B
:10752000FFFFFFFFFFFFFFFFFFFFFFFFFFFFFFFF6B
:10753000FFFFFFFFFFFFFFFFFFFFFFFFFFFFFFFF5B
:10754000FFFFFFFFFFFFFFFFFFFFFFFFFFFFFFFF4B
:10755000FFFFFFFFFFFFFFFFFFFFFFFFFFFFFFFF3B
:10756000FFFFFFFFFFFFFFFFFFFFFFFFFFFFFFFF2B
:10757000FFFFFFFFFFFFFFFFFFFFFFFFFFFFFFFF1B
:10758000FFFFFFFFFFFFFFFFFFFFFFFFFFFFFFFF0B
:10759000FFFFFFFFFFFFFFFFFFFFFFFFFFFFFFFFFB
:1075A000FFFFFFFFFFFFFFFFFFFFFFFFFFFFFFFFEB
:1075B000FFFFFFFFFFFFFFFFFFFFFFFFFFFFFFFFDB
:1075C000FFFFFFFFFFFFFFFFFFFFFFFFFFFFFFFFCB
:1075D000FFFFFFFFFFFFFFFFFFFFFFFFFFFFFFFFBB
:1075E000FFFFFFFFFFFFFFFFFFFFFFFFFFFFFFFFAB
:1075F000FFFFFFFFFFFFFFFFFFFFFFFFFFFFFFFF9B
:10760000FFFFFFFFFFFFFFFFFFFFFFFFFFFFFFFF8A
:10761000FFFFFFFFFFFFFFFFFFFFFFFFFFFFFFFF7A
:10762000FFFFFFFFFFFFFFFFFFFFFFFFFFFFFFFF6A
:10763000FFFFFFFFFFFFFFFFFFFFFFFFFFFFFFFF5A
:10764000FFFFFFFFFFFFFFFFFFFFFFFFFFFFFFFF4A
:10765000FFFFFFFFFFFFFFFFFFFFFFFFFFFFFFFF3A
:10766000FFFFFFFFFFFFFFFFFFFFFFFFFFFFFFFF2A
:10767000FFFFFFFFFFFFFFFFFFFFFFFFFFFFFFFF1A
:10768000FFFFFFFFFFFFFFFFFFFFFFFFFFFFFFFF0A
:10769000FFFFFFFFFFFFFFFFFFFFFFFFFFFFFFFFFA
:1076A000FFFFFFFFFFFFFFFFFFFFFFFFFFFFFFFFEA
:1076B000FFFFFFFFFFFFFFFFFFFFFFFFFFFFFFFFDA
:1076C000FFFFFFFFFFFFFFFFFFFFFFFFFFFFFFFFCA
:1076D000FFFFFFFFFFFFFFFFFFFFFFFFFFFFFFFFBA
:1076E000FFFFFFFFFFFFFFFFFFFFFFFFFFFFFFFFAA
:1076F000FFFFFFFFFFFFFFFFFFFFFFFFFFFFFFFF9A
:10770000FFFFFFFFFFFFFFFFFFFFFFFFFFFFFFFF89
:10771000FFFFFFFFFFFFFFFFFFFFFFFFFFFFFFFF79
:10772000FFFFFFFFFFFFFFFFFFFFFFFFFFFFFFFF69
:10773000FFFFFFFFFFFFFFFFFFFFFFFFFFFFFFFF59
:10774000FFFFFFFFFFFFFFFFFFFFFFFFFFFFFFFF49
:10775000FFFFFFFFFFFFFFFFFFFFFFFFFFFFFFFF39
:10776000FFFFFFFFFFFFFFFFFFFFFFFFFFFFFFFF29
:10777000FFFFFFFFFFFFFFFFFFFFFFFFFFFFFFFF19
:10778000FFFFFFFFFFFFFFFFFFFFFFFFFFFFFFFF09
:10779000FFFFFFFFFFFFFFFFFFFFFFFFFFFFFFFFF9
:1077A000FFFFFFFFFFFFFFFFFFFFFFFFFFFFFFFFE9
:1077B000FFFFFFFFFFFFFFFFFFFFFFFFFFFFFFFFD9
:1077C000FFFFFFFFFFFFFFFFFFFFFFFFFFFFFFFFC9
:1077D000FFFFFFFFFFFFFFFFFFFFFFFFFFFFFFFFB9
:1077E000FFFFFFFFFFFFFFFFFFFFFFFFFFFFFFFFA9
:1077F000FFFFFFFFFFFFFFFFFFFFFFFFFFFFFFFF99
:10780000FFFFFFFFFFFFFFFFFFFFFFFFFFFFFFFF88
:10781000FFFFFFFFFFFFFFFFFFFFFFFFFFFFFFFF78
:10782000FFFFFFFFFFFFFFFFFFFFFFFFFFFFFFFF68
:10783000FFFFFFFFFFFFFFFFFFFFFFFFFFFFFFFF58
:10784000FFFFFFFFFFFFFFFFFFFFFFFFFFFFFFFF48
:10785000FFFFFFFFFFFFFFFFFFFFFFFFFFFFFFFF38
:10786000FFFFFFFFFFFFFFFFFFFFFFFFFFFFFFFF28
:10787000FFFFFFFFFFFFFFFFFFFFFFFFFFFFFFFF18
:10788000FFFFFFFFFFFFFFFFFFFFFFFFFFFFFFFF08
:10789000FFFFFFFFFFFFFFFFFFFFFFFFFFFFFFFFF8
:1078A000FFFFFFFFFFFFFFFFFFFFFFFFFFFFFFFFE8
:1078B000FFFFFFFFFFFFFFFFFFFFFFFFFFFFFFFFD8
:1078C000FFFFFFFFFFFFFFFFFFFFFFFFFFFFFFFFC8
:1078D000FFFFFFFFFFFFFFFFFFFFFFFFFFFFFFFFB8
:1078E000FFFFFFFFFFFFFFFFFFFFFFFFFFFFFFFFA8
:1078F000FFFFFFFFFFFFFFFFFFFFFFFFFFFFFFFF98
:10790000FFFFFFFFFFFFFFFFFFFFFFFFFFFFFFFF87
:10791000FFFFFFFFFFFFFFFFFFFFFFFFFFFFFFFF77
:10792000FFFFFFFFFFFFFFFFFFFFFFFFFFFFFFFF67
:10793000FFFFFFFFFFFFFFFFFFFFFFFFFFFFFFFF57
:10794000FFFFFFFFFFFFFFFFFFFFFFFFFFFFFFFF47
:10795000FFFFFFFFFFFFFFFFFFFFFFFFFFFFFFFF37
:10796000FFFFFFFFFFFFFFFFFFFFFFFFFFFFFFFF27
:10797000FFFFFFFFFFFFFFFFFFFFFFFFFFFFFFFF17
:10798000FFFFFFFFFFFFFFFFFFFFFFFFFFFFFFFF07
:10799000FFFFFFFFFFFFFFFFFFFFFFFFFFFFFFFFF7
:1079A000FFFFFFFFFFFFFFFFFFFFFFFFFFFFFFFFE7
:1079B000FFFFFFFFFFFFFFFFFFFFFFFFFFFFFFFFD7
:1079C000FFFFFFFFFFFFFFFFFFFFFFFFFFFFFFFFC7
:1079D000FFFFFFFFFFFFFFFFFFFFFFFFFFFFFFFFB7
:1079E000FFFFFFFFFFFFFFFFFFFFFFFFFFFFFFFFA7
:1079F000FFFFFFFFFFFFFFFFFFFFFFFFFFFFFFFF97
:107A0000FFFFFFFFFFFFFFFFFFFFFFFFFFFFFFFF86
:107A1000FFFFFFFFFFFFFFFFFFFFFFFFFFFFFFFF76
:107A2000FFFFFFFFFFFFFFFFFFFFFFFFFFFFFFFF66
:107A3000FFFFFFFFFFFFFFFFFFFFFFFFFFFFFFFF56
:107A4000FFFFFFFFFFFFFFFFFFFFFFFFFFFFFFFF46
:107A5000FFFFFFFFFFFFFFFFFFFFFFFFFFFFFFFF36
:107A6000FFFFFFFFFFFFFFFFFFFFFFFFFFFFFFFF26
:107A7000FFFFFFFFFFFFFFFFFFFFFFFFFFFFFFFF16
:107A8000FFFFFFFFFFFFFFFFFFFFFFFFFFFFFFFF06
:107A9000FFFFFFFFFFFFFFFFFFFFFFFFFFFFFFFFF6
:107AA000FFFFFFFFFFFFFFFFFFFFFFFFFFFFFFFFE6
:107AB000FFFFFFFFFFFFFFFFFFFFFFFFFFFFFFFFD6
:107AC000FFFFFFFFFFFFFFFFFFFFFFFFFFFFFFFFC6
:107AD000FFFFFFFFFFFFFFFFFFFFFFFFFFFFFFFFB6
:107AE000FFFFFFFFFFFFFFFFFFFFFFFFFFFFFFFFA6
:107AF000FFFFFFFFFFFFFFFFFFFFFFFFFFFFFFFF96
:107B0000FFFFFFFFFFFFFFFFFFFFFFFFFFFFFFFF85
:107B1000FFFFFFFFFFFFFFFFFFFFFFFFFFFFFFFF75
:107B2000FFFFFFFFFFFFFFFFFFFFFFFFFFFFFFFF65
:107B3000FFFFFFFFFFFFFFFFFFFFFFFFFFFFFFFF55
:107B4000FFFFFFFFFFFFFFFFFFFFFFFFFFFFFFFF45
:107B5000FFFFFFFFFFFFFFFFFFFFFFFFFFFFFFFF35
:107B6000FFFFFFFFFFFFFFFFFFFFFFFFFFFFFFFF25
:107B7000FFFFFFFFFFFFFFFFFFFFFFFFFFFFFFFF15
:107B8000FFFFFFFFFFFFFFFFFFFFFFFFFFFFFFFF05
:107B9000FFFFFFFFFFFFFFFFFFFFFFFFFFFFFFFFF5
:107BA000FFFFFFFFFFFFFFFFFFFFFFFFFFFFFFFFE5
:107BB000FFFFFFFFFFFFFFFFFFFFFFFFFFFFFFFFD5
:107BC000FFFFFFFFFFFFFFFFFFFFFFFFFFFFFFFFC5
:107BD000FFFFFFFFFFFFFFFFFFFFFFFFFFFFFFFFB5
:107BE000FFFFFFFFFFFFFFFFFFFFFFFFFFFFFFFFA5
:107BF000FFFFFFFFFFFFFFFFFFFFFFFFFFFFFFFF95
:107C0000FFFFFFFFFFFFFFFFFFFFFFFFFFFFFFFF84
:107C1000FFFFFFFFFFFFFFFFFFFFFFFFFFFFFFFF74
:107C2000FFFFFFFFFFFFFFFFFFFFFFFFFFFFFFFF64
:107C3000FFFFFFFFFFFFFFFFFFFFFFFFFFFFFFFF54
:107C4000FFFFFFFFFFFFFFFFFFFFFFFFFFFFFFFF44
:107C5000FFFFFFFFFFFFFFFFFFFFFFFFFFFFFFFF34
:107C6000FFFFFFFFFFFFFFFFFFFFFFFFFFFFFFFF24
:107C7000FFFFFFFFFFFFFFFFFFFFFFFFFFFFFFFF14
:107C8000FFFFFFFFFFFFFFFFFFFFFFFFFFFFFFFF04
:107C9000FFFFFFFFFFFFFFFFFFFFFFFFFFFFFFFFF4
:107CA000FFFFFFFFFFFFFFFFFFFFFFFFFFFFFFFFE4
:107CB000FFFFFFFFFFFFFFFFFFFFFFFFFFFFFFFFD4
:107CC000FFFFFFFFFFFFFFFFFFFFFFFFFFFFFFFFC4
:107CD000FFFFFFFFFFFFFFFFFFFFFFFFFFFFFFFFB4
:107CE000FFFFFFFFFFFFFFFFFFFFFFFFFFFFFFFFA4
:107CF000FFFFFFFFFFFFFFFFFFFFFFFFFFFFFFFF94
:107D0000FFFFFFFFFFFFFFFFFFFFFFFFFFFFFFFF83
:107D1000FFFFFFFFFFFFFFFFFFFFFFFFFFFFFFFF73
:107D2000FFFFFFFFFFFFFFFFFFFFFFFFFFFFFFFF63
:107D3000FFFFFFFFFFFFFFFFFFFFFFFFFFFFFFFF53
:107D4000FFFFFFFFFFFFFFFFFFFFFFFFFFFFFFFF43
:107D5000FFFFFFFFFFFFFFFFFFFFFFFFFFFFFFFF33
:107D6000FFFFFFFFFFFFFFFFFFFFFFFFFFFFFFFF23
:107D7000FFFFFFFFFFFFFFFFFFFFFFFFFFFFFFFF13
:107D8000FFFFFFFFFFFFFFFFFFFFFFFFFFFFFFFF03
:107D9000FFFFFFFFFFFFFFFFFFFFFFFFFFFFFFFFF3
:107DA000FFFFFFFFFFFFFFFFFFFFFFFFFFFFFFFFE3
:107DB000FFFFFFFFFFFFFFFFFFFFFFFFFFFFFFFFD3
:107DC000FFFFFFFFFFFFFFFFFFFFFFFFFFFFFFFFC3
:107DD000FFFFFFFFFFFFFFFFFFFFFFFFFFFFFFFFB3
:107DE000FFFFFFFFFFFFFFFFFFFFFFFFFFFFFFFFA3
:107DF000FFFFFFFFFFFFFFFFFFFFFFFFFFFFFFFF93
:107E0000FFFFFFFFFFFFFFFFFFFFFFFFFFFFFFFF82
:107E1000FFFFFFFFFFFFFFFFFFFFFFFFFFFFFFFF72
:107E2000FFFFFFFFFFFFFFFFFFFFFFFFFFFFFFFF62
:107E3000FFFFFFFFFFFFFFFFFFFFFFFFFFFFFFFF52
:107E4000FFFFFFFFFFFFFFFFFFFFFFFFFFFFFFFF42
:107E5000FFFFFFFFFFFFFFFFFFFFFFFFFFFFFFFF32
:107E6000FFFFFFFFFFFFFFFFFFFFFFFFFFFFFFFF22
:107E7000FFFFFFFFFFFFFFFFFFFFFFFFFFFFFFFF12
:107E8000FFFFFFFFFFFFFFFFFFFFFFFFFFFFFFFF02
:107E9000FFFFFFFFFFFFFFFFFFFFFFFFFFFFFFFFF2
:107EA000FFFFFFFFFFFFFFFFFFFFFFFFFFFFFFFFE2
:107EB000FFFFFFFFFFFFFFFFFFFFFFFFFFFFFFFFD2
:107EC000FFFFFFFFFFFFFFFFFFFFFFFFFFFFFFFFC2
:107ED000FFFFFFFFFFFFFFFFFFFFFFFFFFFFFFFFB2
:107EE000FFFFFFFFFFFFFFFFFFFFFFFFFFFFFFFFA2
:107EF000FFFFFFFFFFFFFFFFFFFFFFFFFFFFFFFF92
:107F0000FFFFFFFFFFFFFFFFFFFFFFFFFFFFFFFF81
:107F1000FFFFFFFFFFFFFFFFFFFFFFFFFFFFFFFF71
:107F2000FFFFFFFFFFFFFFFFFFFFFFFFFFFFFFFF61
:107F3000FFFFFFFFFFFFFFFFFFFFFFFFFFFFFFFF51
:107F4000FFFFFFFFFFFFFFFFFFFFFFFFFFFFFFFF41
:107F5000FFFFFFFFFFFFFFFFFFFFFFFFFFFFFFFF31
:107F6000FFFFFFFFFFFFFFFFFFFFFFFFFFFFFFFF21
:107F7000FFFFFFFFFFFFFFFFFFFFFFFFFFFFFFFF11
:107F8000FFFFFFFFFFFFFFFFFFFFFFFFFFFFFFFF01
:107F9000FFFFFFFFFFFFFFFFFFFFFFFFFFFFFFFFF1
:107FA000FFFFFFFFFFFFFFFFFFFFFFFFFFFFFFFFE1
:107FB000FFFFFFFFFFFFFFFFFFFFFFFFFFFFFFFFD1
:107FC000FFFFFFFFFFFFFFFFFFFFFFFFFFFFFFFFC1
:107FD000FFFFFFFFFFFFFFFFFFFFFFFFFFFFFFFFB1
:107FE000FFFFFFFFFFFFFFFFFFFFFFFFFFFFFFFFA1
:107FF000FFFFFFFFFFFFFFFFFFFFFFFFFFFFFFFF91
:10800000FFFFFFFFFFFFFFFFFFFFFFFFFFFFFFFF80
:10801000FFFFFFFFFFFFFFFFFFFFFFFFFFFFFFFF70
:10802000FFFFFFFFFFFFFFFFFFFFFFFFFFFFFFFF60
:10803000FFFFFFFFFFFFFFFFFFFFFFFFFFFFFFFF50
:10804000FFFFFFFFFFFFFFFFFFFFFFFFFFFFFFFF40
:10805000FFFFFFFFFFFFFFFFFFFFFFFFFFFFFFFF30
:10806000FFFFFFFFFFFFFFFFFFFFFFFFFFFFFFFF20
:10807000FFFFFFFFFFFFFFFFFFFFFFFFFFFFFFFF10
:10808000FFFFFFFFFFFFFFFFFFFFFFFFFFFFFFFF00
:10809000FFFFFFFFFFFFFFFFFFFFFFFFFFFFFFFFF0
:1080A000FFFFFFFFFFFFFFFFFFFFFFFFFFFFFFFFE0
:1080B000FFFFFFFFFFFFFFFFFFFFFFFFFFFFFFFFD0
:1080C000FFFFFFFFFFFFFFFFFFFFFFFFFFFFFFFFC0
:1080D000FFFFFFFFFFFFFFFFFFFFFFFFFFFFFFFFB0
:1080E000FFFFFFFFFFFFFFFFFFFFFFFFFFFFFFFFA0
:1080F000FFFFFFFFFFFFFFFFFFFFFFFFFFFFFFFF90
:10810000FFFFFFFFFFFFFFFFFFFFFFFFFFFFFFFF7F
:10811000FFFFFFFFFFFFFFFFFFFFFFFFFFFFFFFF6F
:10812000FFFFFFFFFFFFFFFFFFFFFFFFFFFFFFFF5F
:10813000FFFFFFFFFFFFFFFFFFFFFFFFFFFFFFFF4F
:10814000FFFFFFFFFFFFFFFFFFFFFFFFFFFFFFFF3F
:10815000FFFFFFFFFFFFFFFFFFFFFFFFFFFFFFFF2F
:10816000FFFFFFFFFFFFFFFFFFFFFFFFFFFFFFFF1F
:10817000FFFFFFFFFFFFFFFFFFFFFFFFFFFFFFFF0F
:10818000FFFFFFFFFFFFFFFFFFFFFFFFFFFFFFFFFF
:10819000FFFFFFFFFFFFFFFFFFFFFFFFFFFFFFFFEF
:1081A000FFFFFFFFFFFFFFFFFFFFFFFFFFFFFFFFDF
:1081B000FFFFFFFFFFFFFFFFFFFFFFFFFFFFFFFFCF
:1081C000FFFFFFFFFFFFFFFFFFFFFFFFFFFFFFFFBF
:1081D000FFFFFFFFFFFFFFFFFFFFFFFFFFFFFFFFAF
:1081E000FFFFFFFFFFFFFFFFFFFFFFFFFFFFFFFF9F
:1081F000FFFFFFFFFFFFFFFFFFFFFFFFFFFFFFFF8F
:10820000FFFFFFFFFFFFFFFFFFFFFFFFFFFFFFFF7E
:10821000FFFFFFFFFFFFFFFFFFFFFFFFFFFFFFFF6E
:10822000FFFFFFFFFFFFFFFFFFFFFFFFFFFFFFFF5E
:10823000FFFFFFFFFFFFFFFFFFFFFFFFFFFFFFFF4E
:10824000FFFFFFFFFFFFFFFFFFFFFFFFFFFFFFFF3E
:10825000FFFFFFFFFFFFFFFFFFFFFFFFFFFFFFFF2E
:10826000FFFFFFFFFFFFFFFFFFFFFFFFFFFFFFFF1E
:10827000FFFFFFFFFFFFFFFFFFFFFFFFFFFFFFFF0E
:10828000FFFFFFFFFFFFFFFFFFFFFFFFFFFFFFFFFE
:10829000FFFFFFFFFFFFFFFFFFFFFFFFFFFFFFFFEE
:1082A000FFFFFFFFFFFFFFFFFFFFFFFFFFFFFFFFDE
:1082B000FFFFFFFFFFFFFFFFFFFFFFFFFFFFFFFFCE
:1082C000FFFFFFFFFFFFFFFFFFFFFFFFFFFFFFFFBE
:1082D000FFFFFFFFFFFFFFFFFFFFFFFFFFFFFFFFAE
:1082E000FFFFFFFFFFFFFFFFFFFFFFFFFFFFFFFF9E
:1082F000FFFFFFFFFFFFFFFFFFFFFFFFFFFFFFFF8E
:10830000FFFFFFFFFFFFFFFFFFFFFFFFFFFFFFFF7D
:10831000FFFFFFFFFFFFFFFFFFFFFFFFFFFFFFFF6D
:10832000FFFFFFFFFFFFFFFFFFFFFFFFFFFFFFFF5D
:10833000FFFFFFFFFFFFFFFFFFFFFFFFFFFFFFFF4D
:10834000FFFFFFFFFFFFFFFFFFFFFFFFFFFFFFFF3D
:10835000FFFFFFFFFFFFFFFFFFFFFFFFFFFFFFFF2D
:10836000FFFFFFFFFFFFFFFFFFFFFFFFFFFFFFFF1D
:10837000FFFFFFFFFFFFFFFFFFFFFFFFFFFFFFFF0D
:10838000FFFFFFFFFFFFFFFFFFFFFFFFFFFFFFFFFD
:10839000FFFFFFFFFFFFFFFFFFFFFFFFFFFFFFFFED
:1083A000FFFFFFFFFFFFFFFFFFFFFFFFFFFFFFFFDD
:1083B000FFFFFFFFFFFFFFFFFFFFFFFFFFFFFFFFCD
:1083C000FFFFFFFFFFFFFFFFFFFFFFFFFFFFFFFFBD
:1083D000FFFFFFFFFFFFFFFFFFFFFFFFFFFFFFFFAD
:1083E000FFFFFFFFFFFFFFFFFFFFFFFFFFFFFFFF9D
:1083F000FFFFFFFFFFFFFFFFFFFFFFFFFFFFFFFF8D
:10840000FFFFFFFFFFFFFFFFFFFFFFFFFFFFFFFF7C
:10841000FFFFFFFFFFFFFFFFFFFFFFFFFFFFFFFF6C
:10842000FFFFFFFFFFFFFFFFFFFFFFFFFFFFFFFF5C
:10843000FFFFFFFFFFFFFFFFFFFFFFFFFFFFFFFF4C
:10844000FFFFFFFFFFFFFFFFFFFFFFFFFFFFFFFF3C
:10845000FFFFFFFFFFFFFFFFFFFFFFFFFFFFFFFF2C
:10846000FFFFFFFFFFFFFFFFFFFFFFFFFFFFFFFF1C
:10847000FFFFFFFFFFFFFFFFFFFFFFFFFFFFFFFF0C
:10848000FFFFFFFFFFFFFFFFFFFFFFFFFFFFFFFFFC
:10849000FFFFFFFFFFFFFFFFFFFFFFFFFFFFFFFFEC
:1084A000FFFFFFFFFFFFFFFFFFFFFFFFFFFFFFFFDC
:1084B000FFFFFFFFFFFFFFFFFFFFFFFFFFFFFFFFCC
:1084C000FFFFFFFFFFFFFFFFFFFFFFFFFFFFFFFFBC
:1084D000FFFFFFFFFFFFFFFFFFFFFFFFFFFFFFFFAC
:1084E000FFFFFFFFFFFFFFFFFFFFFFFFFFFFFFFF9C
:1084F000FFFFFFFFFFFFFFFFFFFFFFFFFFFFFFFF8C
:10850000FFFFFFFFFFFFFFFFFFFFFFFFFFFFFFFF7B
:10851000FFFFFFFFFFFFFFFFFFFFFFFFFFFFFFFF6B
:10852000FFFFFFFFFFFFFFFFFFFFFFFFFFFFFFFF5B
:10853000FFFFFFFFFFFFFFFFFFFFFFFFFFFFFFFF4B
:10854000FFFFFFFFFFFFFFFFFFFFFFFFFFFFFFFF3B
:10855000FFFFFFFFFFFFFFFFFFFFFFFFFFFFFFFF2B
:10856000FFFFFFFFFFFFFFFFFFFFFFFFFFFFFFFF1B
:10857000FFFFFFFFFFFFFFFFFFFFFFFFFFFFFFFF0B
:10858000FFFFFFFFFFFFFFFFFFFFFFFFFFFFFFFFFB
:10859000FFFFFFFFFFFFFFFFFFFFFFFFFFFFFFFFEB
:1085A000FFFFFFFFFFFFFFFFFFFFFFFFFFFFFFFFDB
:1085B000FFFFFFFFFFFFFFFFFFFFFFFFFFFFFFFFCB
:1085C000FFFFFFFFFFFFFFFFFFFFFFFFFFFFFFFFBB
:1085D000FFFFFFFFFFFFFFFFFFFFFFFFFFFFFFFFAB
:1085E000FFFFFFFFFFFFFFFFFFFFFFFFFFFFFFFF9B
:1085F000FFFFFFFFFFFFFFFFFFFFFFFFFFFFFFFF8B
:10860000FFFFFFFFFFFFFFFFFFFFFFFFFFFFFFFF7A
:10861000FFFFFFFFFFFFFFFFFFFFFFFFFFFFFFFF6A
:10862000FFFFFFFFFFFFFFFFFFFFFFFFFFFFFFFF5A
:10863000FFFFFFFFFFFFFFFFFFFFFFFFFFFFFFFF4A
:10864000FFFFFFFFFFFFFFFFFFFFFFFFFFFFFFFF3A
:10865000FFFFFFFFFFFFFFFFFFFFFFFFFFFFFFFF2A
:10866000FFFFFFFFFFFFFFFFFFFFFFFFFFFFFFFF1A
:10867000FFFFFFFFFFFFFFFFFFFFFFFFFFFFFFFF0A
:10868000FFFFFFFFFFFFFFFFFFFFFFFFFFFFFFFFFA
:10869000FFFFFFFFFFFFFFFFFFFFFFFFFFFFFFFFEA
:1086A000FFFFFFFFFFFFFFFFFFFFFFFFFFFFFFFFDA
:1086B000FFFFFFFFFFFFFFFFFFFFFFFFFFFFFFFFCA
:1086C000FFFFFFFFFFFFFFFFFFFFFFFFFFFFFFFFBA
:1086D000FFFFFFFFFFFFFFFFFFFFFFFFFFFFFFFFAA
:1086E000FFFFFFFFFFFFFFFFFFFFFFFFFFFFFFFF9A
:1086F000FFFFFFFFFFFFFFFFFFFFFFFFFFFFFFFF8A
:10870000FFFFFFFFFFFFFFFFFFFFFFFFFFFFFFFF79
:10871000FFFFFFFFFFFFFFFFFFFFFFFFFFFFFFFF69
:10872000FFFFFFFFFFFFFFFFFFFFFFFFFFFFFFFF59
:10873000FFFFFFFFFFFFFFFFFFFFFFFFFFFFFFFF49
:10874000FFFFFFFFFFFFFFFFFFFFFFFFFFFFFFFF39
:10875000FFFFFFFFFFFFFFFFFFFFFFFFFFFFFFFF29
:10876000FFFFFFFFFFFFFFFFFFFFFFFFFFFFFFFF19
:10877000FFFFFFFFFFFFFFFFFFFFFFFFFFFFFFFF09
:10878000FFFFFFFFFFFFFFFFFFFFFFFFFFFFFFFFF9
:10879000FFFFFFFFFFFFFFFFFFFFFFFFFFFFFFFFE9
:1087A000FFFFFFFFFFFFFFFFFFFFFFFFFFFFFFFFD9
:1087B000FFFFFFFFFFFFFFFFFFFFFFFFFFFFFFFFC9
:1087C000FFFFFFFFFFFFFFFFFFFFFFFFFFFFFFFFB9
:1087D000FFFFFFFFFFFFFFFFFFFFFFFFFFFFFFFFA9
:1087E000FFFFFFFFFFFFFFFFFFFFFFFFFFFFFFFF99
:1087F000FFFFFFFFFFFFFFFFFFFFFFFFFFFFFFFF89
:10880000FFFFFFFFFFFFFFFFFFFFFFFFFFFFFFFF78
:10881000FFFFFFFFFFFFFFFFFFFFFFFFFFFFFFFF68
:10882000FFFFFFFFFFFFFFFFFFFFFFFFFFFFFFFF58
:10883000FFFFFFFFFFFFFFFFFFFFFFFFFFFFFFFF48
:10884000FFFFFFFFFFFFFFFFFFFFFFFFFFFFFFFF38
:10885000FFFFFFFFFFFFFFFFFFFFFFFFFFFFFFFF28
:10886000FFFFFFFFFFFFFFFFFFFFFFFFFFFFFFFF18
:10887000FFFFFFFFFFFFFFFFFFFFFFFFFFFFFFFF08
:10888000FFFFFFFFFFFFFFFFFFFFFFFFFFFFFFFFF8
:10889000FFFFFFFFFFFFFFFFFFFFFFFFFFFFFFFFE8
:1088A000FFFFFFFFFFFFFFFFFFFFFFFFFFFFFFFFD8
:1088B000FFFFFFFFFFFFFFFFFFFFFFFFFFFFFFFFC8
:1088C000FFFFFFFFFFFFFFFFFFFFFFFFFFFFFFFFB8
:1088D000FFFFFFFFFFFFFFFFFFFFFFFFFFFFFFFFA8
:1088E000FFFFFFFFFFFFFFFFFFFFFFFFFFFFFFFF98
:1088F000FFFFFFFFFFFFFFFFFFFFFFFFFFFFFFFF88
:10890000FFFFFFFFFFFFFFFFFFFFFFFFFFFFFFFF77
:10891000FFFFFFFFFFFFFFFFFFFFFFFFFFFFFFFF67
:10892000FFFFFFFFFFFFFFFFFFFFFFFFFFFFFFFF57
:10893000FFFFFFFFFFFFFFFFFFFFFFFFFFFFFFFF47
:10894000FFFFFFFFFFFFFFFFFFFFFFFFFFFFFFFF37
:10895000FFFFFFFFFFFFFFFFFFFFFFFFFFFFFFFF27
:10896000FFFFFFFFFFFFFFFFFFFFFFFFFFFFFFFF17
:10897000FFFFFFFFFFFFFFFFFFFFFFFFFFFFFFFF07
:10898000FFFFFFFFFFFFFFFFFFFFFFFFFFFFFFFFF7
:10899000FFFFFFFFFFFFFFFFFFFFFFFFFFFFFFFFE7
:1089A000FFFFFFFFFFFFFFFFFFFFFFFFFFFFFFFFD7
:1089B000FFFFFFFFFFFFFFFFFFFFFFFFFFFFFFFFC7
:1089C000FFFFFFFFFFFFFFFFFFFFFFFFFFFFFFFFB7
:1089D000FFFFFFFFFFFFFFFFFFFFFFFFFFFFFFFFA7
:1089E000FFFFFFFFFFFFFFFFFFFFFFFFFFFFFFFF97
:1089F000FFFFFFFFFFFFFFFFFFFFFFFFFFFFFFFF87
:108A0000FFFFFFFFFFFFFFFFFFFFFFFFFFFFFFFF76
:108A1000FFFFFFFFFFFFFFFFFFFFFFFFFFFFFFFF66
:108A2000FFFFFFFFFFFFFFFFFFFFFFFFFFFFFFFF56
:108A3000FFFFFFFFFFFFFFFFFFFFFFFFFFFFFFFF46
:108A4000FFFFFFFFFFFFFFFFFFFFFFFFFFFFFFFF36
:108A5000FFFFFFFFFFFFFFFFFFFFFFFFFFFFFFFF26
:108A6000FFFFFFFFFFFFFFFFFFFFFFFFFFFFFFFF16
:108A7000FFFFFFFFFFFFFFFFFFFFFFFFFFFFFFFF06
:108A8000FFFFFFFFFFFFFFFFFFFFFFFFFFFFFFFFF6
:108A9000FFFFFFFFFFFFFFFFFFFFFFFFFFFFFFFFE6
:108AA000FFFFFFFFFFFFFFFFFFFFFFFFFFFFFFFFD6
:108AB000FFFFFFFFFFFFFFFFFFFFFFFFFFFFFFFFC6
:108AC000FFFFFFFFFFFFFFFFFFFFFFFFFFFFFFFFB6
:108AD000FFFFFFFFFFFFFFFFFFFFFFFFFFFFFFFFA6
:108AE000FFFFFFFFFFFFFFFFFFFFFFFFFFFFFFFF96
:108AF000FFFFFFFFFFFFFFFFFFFFFFFFFFFFFFFF86
:108B0000FFFFFFFFFFFFFFFFFFFFFFFFFFFFFFFF75
:108B1000FFFFFFFFFFFFFFFFFFFFFFFFFFFFFFFF65
:108B2000FFFFFFFFFFFFFFFFFFFFFFFFFFFFFFFF55
:108B3000FFFFFFFFFFFFFFFFFFFFFFFFFFFFFFFF45
:108B4000FFFFFFFFFFFFFFFFFFFFFFFFFFFFFFFF35
:108B5000FFFFFFFFFFFFFFFFFFFFFFFFFFFFFFFF25
:108B6000FFFFFFFFFFFFFFFFFFFFFFFFFFFFFFFF15
:108B7000FFFFFFFFFFFFFFFFFFFFFFFFFFFFFFFF05
:108B8000FFFFFFFFFFFFFFFFFFFFFFFFFFFFFFFFF5
:108B9000FFFFFFFFFFFFFFFFFFFFFFFFFFFFFFFFE5
:108BA000FFFFFFFFFFFFFFFFFFFFFFFFFFFFFFFFD5
:108BB000FFFFFFFFFFFFFFFFFFFFFFFFFFFFFFFFC5
:108BC000FFFFFFFFFFFFFFFFFFFFFFFFFFFFFFFFB5
:108BD000FFFFFFFFFFFFFFFFFFFFFFFFFFFFFFFFA5
:108BE000FFFFFFFFFFFFFFFFFFFFFFFFFFFFFFFF95
:108BF000FFFFFFFFFFFFFFFFFFFFFFFFFFFFFFFF85
:108C0000FFFFFFFFFFFFFFFFFFFFFFFFFFFFFFFF74
:108C1000FFFFFFFFFFFFFFFFFFFFFFFFFFFFFFFF64
:108C2000FFFFFFFFFFFFFFFFFFFFFFFFFFFFFFFF54
:108C3000FFFFFFFFFFFFFFFFFFFFFFFFFFFFFFFF44
:108C4000FFFFFFFFFFFFFFFFFFFFFFFFFFFFFFFF34
:108C5000FFFFFFFFFFFFFFFFFFFFFFFFFFFFFFFF24
:108C6000FFFFFFFFFFFFFFFFFFFFFFFFFFFFFFFF14
:108C7000FFFFFFFFFFFFFFFFFFFFFFFFFFFFFFFF04
:108C8000FFFFFFFFFFFFFFFFFFFFFFFFFFFFFFFFF4
:108C9000FFFFFFFFFFFFFFFFFFFFFFFFFFFFFFFFE4
:108CA000FFFFFFFFFFFFFFFFFFFFFFFFFFFFFFFFD4
:108CB000FFFFFFFFFFFFFFFFFFFFFFFFFFFFFFFFC4
:108CC000FFFFFFFFFFFFFFFFFFFFFFFFFFFFFFFFB4
:108CD000FFFFFFFFFFFFFFFFFFFFFFFFFFFFFFFFA4
:108CE000FFFFFFFFFFFFFFFFFFFFFFFFFFFFFFFF94
:108CF000FFFFFFFFFFFFFFFFFFFFFFFFFFFFFFFF84
:108D0000FFFFFFFFFFFFFFFFFFFFFFFFFFFFFFFF73
:108D1000FFFFFFFFFFFFFFFFFFFFFFFFFFFFFFFF63
:108D2000FFFFFFFFFFFFFFFFFFFFFFFFFFFFFFFF53
:108D3000FFFFFFFFFFFFFFFFFFFFFFFFFFFFFFFF43
:108D4000FFFFFFFFFFFFFFFFFFFFFFFFFFFFFFFF33
:108D5000FFFFFFFFFFFFFFFFFFFFFFFFFFFFFFFF23
:108D6000FFFFFFFFFFFFFFFFFFFFFFFFFFFFFFFF13
:108D7000FFFFFFFFFFFFFFFFFFFFFFFFFFFFFFFF03
:108D8000FFFFFFFFFFFFFFFFFFFFFFFFFFFFFFFFF3
:108D9000FFFFFFFFFFFFFFFFFFFFFFFFFFFFFFFFE3
:108DA000FFFFFFFFFFFFFFFFFFFFFFFFFFFFFFFFD3
:108DB000FFFFFFFFFFFFFFFFFFFFFFFFFFFFFFFFC3
:108DC000FFFFFFFFFFFFFFFFFFFFFFFFFFFFFFFFB3
:108DD000FFFFFFFFFFFFFFFFFFFFFFFFFFFFFFFFA3
:108DE000FFFFFFFFFFFFFFFFFFFFFFFFFFFFFFFF93
:108DF000FFFFFFFFFFFFFFFFFFFFFFFFFFFFFFFF83
:108E0000FFFFFFFFFFFFFFFFFFFFFFFFFFFFFFFF72
:108E1000FFFFFFFFFFFFFFFFFFFFFFFFFFFFFFFF62
:108E2000FFFFFFFFFFFFFFFFFFFFFFFFFFFFFFFF52
:108E3000FFFFFFFFFFFFFFFFFFFFFFFFFFFFFFFF42
:108E4000FFFFFFFFFFFFFFFFFFFFFFFFFFFFFFFF32
:108E5000FFFFFFFFFFFFFFFFFFFFFFFFFFFFFFFF22
:108E6000FFFFFFFFFFFFFFFFFFFFFFFFFFFFFFFF12
:108E7000FFFFFFFFFFFFFFFFFFFFFFFFFFFFFFFF02
:108E8000FFFFFFFFFFFFFFFFFFFFFFFFFFFFFFFFF2
:108E9000FFFFFFFFFFFFFFFFFFFFFFFFFFFFFFFFE2
:108EA000FFFFFFFFFFFFFFFFFFFFFFFFFFFFFFFFD2
:108EB000FFFFFFFFFFFFFFFFFFFFFFFFFFFFFFFFC2
:108EC000FFFFFFFFFFFFFFFFFFFFFFFFFFFFFFFFB2
:108ED000FFFFFFFFFFFFFFFFFFFFFFFFFFFFFFFFA2
:108EE000FFFFFFFFFFFFFFFFFFFFFFFFFFFFFFFF92
:108EF000FFFFFFFFFFFFFFFFFFFFFFFFFFFFFFFF82
:108F0000FFFFFFFFFFFFFFFFFFFFFFFFFFFFFFFF71
:108F1000FFFFFFFFFFFFFFFFFFFFFFFFFFFFFFFF61
:108F2000FFFFFFFFFFFFFFFFFFFFFFFFFFFFFFFF51
:108F3000FFFFFFFFFFFFFFFFFFFFFFFFFFFFFFFF41
:108F4000FFFFFFFFFFFFFFFFFFFFFFFFFFFFFFFF31
:108F5000FFFFFFFFFFFFFFFFFFFFFFFFFFFFFFFF21
:108F6000FFFFFFFFFFFFFFFFFFFFFFFFFFFFFFFF11
:108F7000FFFFFFFFFFFFFFFFFFFFFFFFFFFFFFFF01
:108F8000FFFFFFFFFFFFFFFFFFFFFFFFFFFFFFFFF1
:108F9000FFFFFFFFFFFFFFFFFFFFFFFFFFFFFFFFE1
:108FA000FFFFFFFFFFFFFFFFFFFFFFFFFFFFFFFFD1
:108FB000FFFFFFFFFFFFFFFFFFFFFFFFFFFFFFFFC1
:108FC000FFFFFFFFFFFFFFFFFFFFFFFFFFFFFFFFB1
:108FD000FFFFFFFFFFFFFFFFFFFFFFFFFFFFFFFFA1
:108FE000FFFFFFFFFFFFFFFFFFFFFFFFFFFFFFFF91
:108FF000FFFFFFFFFFFFFFFFFFFFFFFFFFFFFFFF81
:10900000FFFFFFFFFFFFFFFFFFFFFFFFFFFFFFFF70
:10901000FFFFFFFFFFFFFFFFFFFFFFFFFFFFFFFF60
:10902000FFFFFFFFFFFFFFFFFFFFFFFFFFFFFFFF50
:10903000FFFFFFFFFFFFFFFFFFFFFFFFFFFFFFFF40
:10904000FFFFFFFFFFFFFFFFFFFFFFFFFFFFFFFF30
:10905000FFFFFFFFFFFFFFFFFFFFFFFFFFFFFFFF20
:10906000FFFFFFFFFFFFFFFFFFFFFFFFFFFFFFFF10
:10907000FFFFFFFFFFFFFFFFFFFFFFFFFFFFFFFF00
:10908000FFFFFFFFFFFFFFFFFFFFFFFFFFFFFFFFF0
:10909000FFFFFFFFFFFFFFFFFFFFFFFFFFFFFFFFE0
:1090A000FFFFFFFFFFFFFFFFFFFFFFFFFFFFFFFFD0
:1090B000FFFFFFFFFFFFFFFFFFFFFFFFFFFFFFFFC0
:1090C000FFFFFFFFFFFFFFFFFFFFFFFFFFFFFFFFB0
:1090D000FFFFFFFFFFFFFFFFFFFFFFFFFFFFFFFFA0
:1090E000FFFFFFFFFFFFFFFFFFFFFFFFFFFFFFFF90
:1090F000FFFFFFFFFFFFFFFFFFFFFFFFFFFFFFFF80
:10910000FFFFFFFFFFFFFFFFFFFFFFFFFFFFFFFF6F
:10911000FFFFFFFFFFFFFFFFFFFFFFFFFFFFFFFF5F
:10912000FFFFFFFFFFFFFFFFFFFFFFFFFFFFFFFF4F
:10913000FFFFFFFFFFFFFFFFFFFFFFFFFFFFFFFF3F
:10914000FFFFFFFFFFFFFFFFFFFFFFFFFFFFFFFF2F
:10915000FFFFFFFFFFFFFFFFFFFFFFFFFFFFFFFF1F
:10916000FFFFFFFFFFFFFFFFFFFFFFFFFFFFFFFF0F
:10917000FFFFFFFFFFFFFFFFFFFFFFFFFFFFFFFFFF
:10918000FFFFFFFFFFFFFFFFFFFFFFFFFFFFFFFFEF
:10919000FFFFFFFFFFFFFFFFFFFFFFFFFFFFFFFFDF
:1091A000FFFFFFFFFFFFFFFFFFFFFFFFFFFFFFFFCF
:1091B000FFFFFFFFFFFFFFFFFFFFFFFFFFFFFFFFBF
:1091C000FFFFFFFFFFFFFFFFFFFFFFFFFFFFFFFFAF
:1091D000FFFFFFFFFFFFFFFFFFFFFFFFFFFFFFFF9F
:1091E000FFFFFFFFFFFFFFFFFFFFFFFFFFFFFFFF8F
:1091F000FFFFFFFFFFFFFFFFFFFFFFFFFFFFFFFF7F
:10920000FFFFFFFFFFFFFFFFFFFFFFFFFFFFFFFF6E
:10921000FFFFFFFFFFFFFFFFFFFFFFFFFFFFFFFF5E
:10922000FFFFFFFFFFFFFFFFFFFFFFFFFFFFFFFF4E
:10923000FFFFFFFFFFFFFFFFFFFFFFFFFFFFFFFF3E
:10924000FFFFFFFFFFFFFFFFFFFFFFFFFFFFFFFF2E
:10925000FFFFFFFFFFFFFFFFFFFFFFFFFFFFFFFF1E
:10926000FFFFFFFFFFFFFFFFFFFFFFFFFFFFFFFF0E
:10927000FFFFFFFFFFFFFFFFFFFFFFFFFFFFFFFFFE
:10928000FFFFFFFFFFFFFFFFFFFFFFFFFFFFFFFFEE
:10929000FFFFFFFFFFFFFFFFFFFFFFFFFFFFFFFFDE
:1092A000FFFFFFFFFFFFFFFFFFFFFFFFFFFFFFFFCE
:1092B000FFFFFFFFFFFFFFFFFFFFFFFFFFFFFFFFBE
:1092C000FFFFFFFFFFFFFFFFFFFFFFFFFFFFFFFFAE
:1092D000FFFFFFFFFFFFFFFFFFFFFFFFFFFFFFFF9E
:1092E000FFFFFFFFFFFFFFFFFFFFFFFFFFFFFFFF8E
:1092F000FFFFFFFFFFFFFFFFFFFFFFFFFFFFFFFF7E
:10930000FFFFFFFFFFFFFFFFFFFFFFFFFFFFFFFF6D
:10931000FFFFFFFFFFFFFFFFFFFFFFFFFFFFFFFF5D
:10932000FFFFFFFFFFFFFFFFFFFFFFFFFFFFFFFF4D
:10933000FFFFFFFFFFFFFFFFFFFFFFFFFFFFFFFF3D
:10934000FFFFFFFFFFFFFFFFFFFFFFFFFFFFFFFF2D
:10935000FFFFFFFFFFFFFFFFFFFFFFFFFFFFFFFF1D
:10936000FFFFFFFFFFFFFFFFFFFFFFFFFFFFFFFF0D
:10937000FFFFFFFFFFFFFFFFFFFFFFFFFFFFFFFFFD
:10938000FFFFFFFFFFFFFFFFFFFFFFFFFFFFFFFFED
:10939000FFFFFFFFFFFFFFFFFFFFFFFFFFFFFFFFDD
:1093A000FFFFFFFFFFFFFFFFFFFFFFFFFFFFFFFFCD
:1093B000FFFFFFFFFFFFFFFFFFFFFFFFFFFFFFFFBD
:1093C000FFFFFFFFFFFFFFFFFFFFFFFFFFFFFFFFAD
:1093D000FFFFFFFFFFFFFFFFFFFFFFFFFFFFFFFF9D
:1093E000FFFFFFFFFFFFFFFFFFFFFFFFFFFFFFFF8D
:1093F000FFFFFFFFFFFFFFFFFFFFFFFFFFFFFFFF7D
:10940000FFFFFFFFFFFFFFFFFFFFFFFFFFFFFFFF6C
:10941000FFFFFFFFFFFFFFFFFFFFFFFFFFFFFFFF5C
:10942000FFFFFFFFFFFFFFFFFFFFFFFFFFFFFFFF4C
:10943000FFFFFFFFFFFFFFFFFFFFFFFFFFFFFFFF3C
:10944000FFFFFFFFFFFFFFFFFFFFFFFFFFFFFFFF2C
:10945000FFFFFFFFFFFFFFFFFFFFFFFFFFFFFFFF1C
:10946000FFFFFFFFFFFFFFFFFFFFFFFFFFFFFFFF0C
:10947000FFFFFFFFFFFFFFFFFFFFFFFFFFFFFFFFFC
:10948000FFFFFFFFFFFFFFFFFFFFFFFFFFFFFFFFEC
:10949000FFFFFFFFFFFFFFFFFFFFFFFFFFFFFFFFDC
:1094A000FFFFFFFFFFFFFFFFFFFFFFFFFFFFFFFFCC
:1094B000FFFFFFFFFFFFFFFFFFFFFFFFFFFFFFFFBC
:1094C000FFFFFFFFFFFFFFFFFFFFFFFFFFFFFFFFAC
:1094D000FFFFFFFFFFFFFFFFFFFFFFFFFFFFFFFF9C
:1094E000FFFFFFFFFFFFFFFFFFFFFFFFFFFFFFFF8C
:1094F000FFFFFFFFFFFFFFFFFFFFFFFFFFFFFFFF7C
:10950000FFFFFFFFFFFFFFFFFFFFFFFFFFFFFFFF6B
:10951000FFFFFFFFFFFFFFFFFFFFFFFFFFFFFFFF5B
:10952000FFFFFFFFFFFFFFFFFFFFFFFFFFFFFFFF4B
:10953000FFFFFFFFFFFFFFFFFFFFFFFFFFFFFFFF3B
:10954000FFFFFFFFFFFFFFFFFFFFFFFFFFFFFFFF2B
:10955000FFFFFFFFFFFFFFFFFFFFFFFFFFFFFFFF1B
:10956000FFFFFFFFFFFFFFFFFFFFFFFFFFFFFFFF0B
:10957000FFFFFFFFFFFFFFFFFFFFFFFFFFFFFFFFFB
:10958000FFFFFFFFFFFFFFFFFFFFFFFFFFFFFFFFEB
:10959000FFFFFFFFFFFFFFFFFFFFFFFFFFFFFFFFDB
:1095A000FFFFFFFFFFFFFFFFFFFFFFFFFFFFFFFFCB
:1095B000FFFFFFFFFFFFFFFFFFFFFFFFFFFFFFFFBB
:1095C000FFFFFFFFFFFFFFFFFFFFFFFFFFFFFFFFAB
:1095D000FFFFFFFFFFFFFFFFFFFFFFFFFFFFFFFF9B
:1095E000FFFFFFFFFFFFFFFFFFFFFFFFFFFFFFFF8B
:1095F000FFFFFFFFFFFFFFFFFFFFFFFFFFFFFFFF7B
:10960000FFFFFFFFFFFFFFFFFFFFFFFFFFFFFFFF6A
:10961000FFFFFFFFFFFFFFFFFFFFFFFFFFFFFFFF5A
:10962000FFFFFFFFFFFFFFFFFFFFFFFFFFFFFFFF4A
:10963000FFFFFFFFFFFFFFFFFFFFFFFFFFFFFFFF3A
:10964000FFFFFFFFFFFFFFFFFFFFFFFFFFFFFFFF2A
:10965000FFFFFFFFFFFFFFFFFFFFFFFFFFFFFFFF1A
:10966000FFFFFFFFFFFFFFFFFFFFFFFFFFFFFFFF0A
:10967000FFFFFFFFFFFFFFFFFFFFFFFFFFFFFFFFFA
:10968000FFFFFFFFFFFFFFFFFFFFFFFFFFFFFFFFEA
:10969000FFFFFFFFFFFFFFFFFFFFFFFFFFFFFFFFDA
:1096A000FFFFFFFFFFFFFFFFFFFFFFFFFFFFFFFFCA
:1096B000FFFFFFFFFFFFFFFFFFFFFFFFFFFFFFFFBA
:1096C000FFFFFFFFFFFFFFFFFFFFFFFFFFFFFFFFAA
:1096D000FFFFFFFFFFFFFFFFFFFFFFFFFFFFFFFF9A
:1096E000FFFFFFFFFFFFFFFFFFFFFFFFFFFFFFFF8A
:1096F000FFFFFFFFFFFFFFFFFFFFFFFFFFFFFFFF7A
:10970000FFFFFFFFFFFFFFFFFFFFFFFFFFFFFFFF69
:10971000FFFFFFFFFFFFFFFFFFFFFFFFFFFFFFFF59
:10972000FFFFFFFFFFFFFFFFFFFFFFFFFFFFFFFF49
:10973000FFFFFFFFFFFFFFFFFFFFFFFFFFFFFFFF39
:10974000FFFFFFFFFFFFFFFFFFFFFFFFFFFFFFFF29
:10975000FFFFFFFFFFFFFFFFFFFFFFFFFFFFFFFF19
:10976000FFFFFFFFFFFFFFFFFFFFFFFFFFFFFFFF09
:10977000FFFFFFFFFFFFFFFFFFFFFFFFFFFFFFFFF9
:10978000FFFFFFFFFFFFFFFFFFFFFFFFFFFFFFFFE9
:10979000FFFFFFFFFFFFFFFFFFFFFFFFFFFFFFFFD9
:1097A000FFFFFFFFFFFFFFFFFFFFFFFFFFFFFFFFC9
:1097B000FFFFFFFFFFFFFFFFFFFFFFFFFFFFFFFFB9
:1097C000FFFFFFFFFFFFFFFFFFFFFFFFFFFFFFFFA9
:1097D000FFFFFFFFFFFFFFFFFFFFFFFFFFFFFFFF99
:1097E000FFFFFFFFFFFFFFFFFFFFFFFFFFFFFFFF89
:1097F000FFFFFFFFFFFFFFFFFFFFFFFFFFFFFFFF79
:10980000FFFFFFFFFFFFFFFFFFFFFFFFFFFFFFFF68
:10981000FFFFFFFFFFFFFFFFFFFFFFFFFFFFFFFF58
:10982000FFFFFFFFFFFFFFFFFFFFFFFFFFFFFFFF48
:10983000FFFFFFFFFFFFFFFFFFFFFFFFFFFFFFFF38
:10984000FFFFFFFFFFFFFFFFFFFFFFFFFFFFFFFF28
:10985000FFFFFFFFFFFFFFFFFFFFFFFFFFFFFFFF18
:10986000FFFFFFFFFFFFFFFFFFFFFFFFFFFFFFFF08
:10987000FFFFFFFFFFFFFFFFFFFFFFFFFFFFFFFFF8
:10988000FFFFFFFFFFFFFFFFFFFFFFFFFFFFFFFFE8
:10989000FFFFFFFFFFFFFFFFFFFFFFFFFFFFFFFFD8
:1098A000FFFFFFFFFFFFFFFFFFFFFFFFFFFFFFFFC8
:1098B000FFFFFFFFFFFFFFFFFFFFFFFFFFFFFFFFB8
:1098C000FFFFFFFFFFFFFFFFFFFFFFFFFFFFFFFFA8
:1098D000FFFFFFFFFFFFFFFFFFFFFFFFFFFFFFFF98
:1098E000FFFFFFFFFFFFFFFFFFFFFFFFFFFFFFFF88
:1098F000FFFFFFFFFFFFFFFFFFFFFFFFFFFFFFFF78
:10990000FFFFFFFFFFFFFFFFFFFFFFFFFFFFFFFF67
:10991000FFFFFFFFFFFFFFFFFFFFFFFFFFFFFFFF57
:10992000FFFFFFFFFFFFFFFFFFFFFFFFFFFFFFFF47
:10993000FFFFFFFFFFFFFFFFFFFFFFFFFFFFFFFF37
:10994000FFFFFFFFFFFFFFFFFFFFFFFFFFFFFFFF27
:10995000FFFFFFFFFFFFFFFFFFFFFFFFFFFFFFFF17
:10996000FFFFFFFFFFFFFFFFFFFFFFFFFFFFFFFF07
:10997000FFFFFFFFFFFFFFFFFFFFFFFFFFFFFFFFF7
:10998000FFFFFFFFFFFFFFFFFFFFFFFFFFFFFFFFE7
:10999000FFFFFFFFFFFFFFFFFFFFFFFFFFFFFFFFD7
:1099A000FFFFFFFFFFFFFFFFFFFFFFFFFFFFFFFFC7
:1099B000FFFFFFFFFFFFFFFFFFFFFFFFFFFFFFFFB7
:1099C000FFFFFFFFFFFFFFFFFFFFFFFFFFFFFFFFA7
:1099D000FFFFFFFFFFFFFFFFFFFFFFFFFFFFFFFF97
:1099E000FFFFFFFFFFFFFFFFFFFFFFFFFFFFFFFF87
:1099F000FFFFFFFFFFFFFFFFFFFFFFFFFFFFFFFF77
:109A0000FFFFFFFFFFFFFFFFFFFFFFFFFFFFFFFF66
:109A1000FFFFFFFFFFFFFFFFFFFFFFFFFFFFFFFF56
:109A2000FFFFFFFFFFFFFFFFFFFFFFFFFFFFFFFF46
:109A3000FFFFFFFFFFFFFFFFFFFFFFFFFFFFFFFF36
:109A4000FFFFFFFFFFFFFFFFFFFFFFFFFFFFFFFF26
:109A5000FFFFFFFFFFFFFFFFFFFFFFFFFFFFFFFF16
:109A6000FFFFFFFFFFFFFFFFFFFFFFFFFFFFFFFF06
:109A7000FFFFFFFFFFFFFFFFFFFFFFFFFFFFFFFFF6
:109A8000FFFFFFFFFFFFFFFFFFFFFFFFFFFFFFFFE6
:109A9000FFFFFFFFFFFFFFFFFFFFFFFFFFFFFFFFD6
:109AA000FFFFFFFFFFFFFFFFFFFFFFFFFFFFFFFFC6
:109AB000FFFFFFFFFFFFFFFFFFFFFFFFFFFFFFFFB6
:109AC000FFFFFFFFFFFFFFFFFFFFFFFFFFFFFFFFA6
:109AD000FFFFFFFFFFFFFFFFFFFFFFFFFFFFFFFF96
:109AE000FFFFFFFFFFFFFFFFFFFFFFFFFFFFFFFF86
:109AF000FFFFFFFFFFFFFFFFFFFFFFFFFFFFFFFF76
:109B0000FFFFFFFFFFFFFFFFFFFFFFFFFFFFFFFF65
:109B1000FFFFFFFFFFFFFFFFFFFFFFFFFFFFFFFF55
:109B2000FFFFFFFFFFFFFFFFFFFFFFFFFFFFFFFF45
:109B3000FFFFFFFFFFFFFFFFFFFFFFFFFFFFFFFF35
:109B4000FFFFFFFFFFFFFFFFFFFFFFFFFFFFFFFF25
:109B5000FFFFFFFFFFFFFFFFFFFFFFFFFFFFFFFF15
:109B6000FFFFFFFFFFFFFFFFFFFFFFFFFFFFFFFF05
:109B7000FFFFFFFFFFFFFFFFFFFFFFFFFFFFFFFFF5
:109B8000FFFFFFFFFFFFFFFFFFFFFFFFFFFFFFFFE5
:109B9000FFFFFFFFFFFFFFFFFFFFFFFFFFFFFFFFD5
:109BA000FFFFFFFFFFFFFFFFFFFFFFFFFFFFFFFFC5
:109BB000FFFFFFFFFFFFFFFFFFFFFFFFFFFFFFFFB5
:109BC000FFFFFFFFFFFFFFFFFFFFFFFFFFFFFFFFA5
:109BD000FFFFFFFFFFFFFFFFFFFFFFFFFFFFFFFF95
:109BE000FFFFFFFFFFFFFFFFFFFFFFFFFFFFFFFF85
:109BF000FFFFFFFFFFFFFFFFFFFFFFFFFFFFFFFF75
:109C0000FFFFFFFFFFFFFFFFFFFFFFFFFFFFFFFF64
:109C1000FFFFFFFFFFFFFFFFFFFFFFFFFFFFFFFF54
:109C2000FFFFFFFFFFFFFFFFFFFFFFFFFFFFFFFF44
:109C3000FFFFFFFFFFFFFFFFFFFFFFFFFFFFFFFF34
:109C4000FFFFFFFFFFFFFFFFFFFFFFFFFFFFFFFF24
:109C5000FFFFFFFFFFFFFFFFFFFFFFFFFFFFFFFF14
:109C6000FFFFFFFFFFFFFFFFFFFFFFFFFFFFFFFF04
:109C7000FFFFFFFFFFFFFFFFFFFFFFFFFFFFFFFFF4
:109C8000FFFFFFFFFFFFFFFFFFFFFFFFFFFFFFFFE4
:109C9000FFFFFFFFFFFFFFFFFFFFFFFFFFFFFFFFD4
:109CA000FFFFFFFFFFFFFFFFFFFFFFFFFFFFFFFFC4
:109CB000FFFFFFFFFFFFFFFFFFFFFFFFFFFFFFFFB4
:109CC000FFFFFFFFFFFFFFFFFFFFFFFFFFFFFFFFA4
:109CD000FFFFFFFFFFFFFFFFFFFFFFFFFFFFFFFF94
:109CE000FFFFFFFFFFFFFFFFFFFFFFFFFFFFFFFF84
:109CF000FFFFFFFFFFFFFFFFFFFFFFFFFFFFFFFF74
:109D0000FFFFFFFFFFFFFFFFFFFFFFFFFFFFFFFF63
:109D1000FFFFFFFFFFFFFFFFFFFFFFFFFFFFFFFF53
:109D2000FFFFFFFFFFFFFFFFFFFFFFFFFFFFFFFF43
:109D3000FFFFFFFFFFFFFFFFFFFFFFFFFFFFFFFF33
:109D4000FFFFFFFFFFFFFFFFFFFFFFFFFFFFFFFF23
:109D5000FFFFFFFFFFFFFFFFFFFFFFFFFFFFFFFF13
:109D6000FFFFFFFFFFFFFFFFFFFFFFFFFFFFFFFF03
:109D7000FFFFFFFFFFFFFFFFFFFFFFFFFFFFFFFFF3
:109D8000FFFFFFFFFFFFFFFFFFFFFFFFFFFFFFFFE3
:109D9000FFFFFFFFFFFFFFFFFFFFFFFFFFFFFFFFD3
:109DA000FFFFFFFFFFFFFFFFFFFFFFFFFFFFFFFFC3
:109DB000FFFFFFFFFFFFFFFFFFFFFFFFFFFFFFFFB3
:109DC000FFFFFFFFFFFFFFFFFFFFFFFFFFFFFFFFA3
:109DD000FFFFFFFFFFFFFFFFFFFFFFFFFFFFFFFF93
:109DE000FFFFFFFFFFFFFFFFFFFFFFFFFFFFFFFF83
:109DF000FFFFFFFFFFFFFFFFFFFFFFFFFFFFFFFF73
:109E0000FFFFFFFFFFFFFFFFFFFFFFFFFFFFFFFF62
:109E1000FFFFFFFFFFFFFFFFFFFFFFFFFFFFFFFF52
:109E2000FFFFFFFFFFFFFFFFFFFFFFFFFFFFFFFF42
:109E3000FFFFFFFFFFFFFFFFFFFFFFFFFFFFFFFF32
:109E4000FFFFFFFFFFFFFFFFFFFFFFFFFFFFFFFF22
:109E5000FFFFFFFFFFFFFFFFFFFFFFFFFFFFFFFF12
:109E6000FFFFFFFFFFFFFFFFFFFFFFFFFFFFFFFF02
:109E7000FFFFFFFFFFFFFFFFFFFFFFFFFFFFFFFFF2
:109E8000FFFFFFFFFFFFFFFFFFFFFFFFFFFFFFFFE2
:109E9000FFFFFFFFFFFFFFFFFFFFFFFFFFFFFFFFD2
:109EA000FFFFFFFFFFFFFFFFFFFFFFFFFFFFFFFFC2
:109EB000FFFFFFFFFFFFFFFFFFFFFFFFFFFFFFFFB2
:109EC000FFFFFFFFFFFFFFFFFFFFFFFFFFFFFFFFA2
:109ED000FFFFFFFFFFFFFFFFFFFFFFFFFFFFFFFF92
:109EE000FFFFFFFFFFFFFFFFFFFFFFFFFFFFFFFF82
:109EF000FFFFFFFFFFFFFFFFFFFFFFFFFFFFFFFF72
:109F0000FFFFFFFFFFFFFFFFFFFFFFFFFFFFFFFF61
:109F1000FFFFFFFFFFFFFFFFFFFFFFFFFFFFFFFF51
:109F2000FFFFFFFFFFFFFFFFFFFFFFFFFFFFFFFF41
:109F3000FFFFFFFFFFFFFFFFFFFFFFFFFFFFFFFF31
:109F4000FFFFFFFFFFFFFFFFFFFFFFFFFFFFFFFF21
:109F5000FFFFFFFFFFFFFFFFFFFFFFFFFFFFFFFF11
:109F6000FFFFFFFFFFFFFFFFFFFFFFFFFFFFFFFF01
:109F7000FFFFFFFFFFFFFFFFFFFFFFFFFFFFFFFFF1
:109F8000FFFFFFFFFFFFFFFFFFFFFFFFFFFFFFFFE1
:109F9000FFFFFFFFFFFFFFFFFFFFFFFFFFFFFFFFD1
:109FA000FFFFFFFFFFFFFFFFFFFFFFFFFFFFFFFFC1
:109FB000FFFFFFFFFFFFFFFFFFFFFFFFFFFFFFFFB1
:109FC000FFFFFFFFFFFFFFFFFFFFFFFFFFFFFFFFA1
:109FD000FFFFFFFFFFFFFFFFFFFFFFFFFFFFFFFF91
:109FE000FFFFFFFFFFFFFFFFFFFFFFFFFFFFFFFF81
:109FF000FFFFFFFFFFFFFFFFFFFFFFFFFFFFFFFF71
:10A00000FFFFFFFFFFFFFFFFFFFFFFFFFFFFFFFF60
:10A01000FFFFFFFFFFFFFFFFFFFFFFFFFFFFFFFF50
:10A02000FFFFFFFFFFFFFFFFFFFFFFFFFFFFFFFF40
:10A03000FFFFFFFFFFFFFFFFFFFFFFFFFFFFFFFF30
:10A04000FFFFFFFFFFFFFFFFFFFFFFFFFFFFFFFF20
:10A05000FFFFFFFFFFFFFFFFFFFFFFFFFFFFFFFF10
:10A06000FFFFFFFFFFFFFFFFFFFFFFFFFFFFFFFF00
:10A07000FFFFFFFFFFFFFFFFFFFFFFFFFFFFFFFFF0
:10A08000FFFFFFFFFFFFFFFFFFFFFFFFFFFFFFFFE0
:10A09000FFFFFFFFFFFFFFFFFFFFFFFFFFFFFFFFD0
:10A0A000FFFFFFFFFFFFFFFFFFFFFFFFFFFFFFFFC0
:10A0B000FFFFFFFFFFFFFFFFFFFFFFFFFFFFFFFFB0
:10A0C000FFFFFFFFFFFFFFFFFFFFFFFFFFFFFFFFA0
:10A0D000FFFFFFFFFFFFFFFFFFFFFFFFFFFFFFFF90
:10A0E000FFFFFFFFFFFFFFFFFFFFFFFFFFFFFFFF80
:10A0F000FFFFFFFFFFFFFFFFFFFFFFFFFFFFFFFF70
:10A10000FFFFFFFFFFFFFFFFFFFFFFFFFFFFFFFF5F
:10A11000FFFFFFFFFFFFFFFFFFFFFFFFFFFFFFFF4F
:10A12000FFFFFFFFFFFFFFFFFFFFFFFFFFFFFFFF3F
:10A13000FFFFFFFFFFFFFFFFFFFFFFFFFFFFFFFF2F
:10A14000FFFFFFFFFFFFFFFFFFFFFFFFFFFFFFFF1F
:10A15000FFFFFFFFFFFFFFFFFFFFFFFFFFFFFFFF0F
:10A16000FFFFFFFFFFFFFFFFFFFFFFFFFFFFFFFFFF
:10A17000FFFFFFFFFFFFFFFFFFFFFFFFFFFFFFFFEF
:10A18000FFFFFFFFFFFFFFFFFFFFFFFFFFFFFFFFDF
:10A19000FFFFFFFFFFFFFFFFFFFFFFFFFFFFFFFFCF
:10A1A000FFFFFFFFFFFFFFFFFFFFFFFFFFFFFFFFBF
:10A1B000FFFFFFFFFFFFFFFFFFFFFFFFFFFFFFFFAF
:10A1C000FFFFFFFFFFFFFFFFFFFFFFFFFFFFFFFF9F
:10A1D000FFFFFFFFFFFFFFFFFFFFFFFFFFFFFFFF8F
:10A1E000FFFFFFFFFFFFFFFFFFFFFFFFFFFFFFFF7F
:10A1F000FFFFFFFFFFFFFFFFFFFFFFFFFFFFFFFF6F
:10A20000FFFFFFFFFFFFFFFFFFFFFFFFFFFFFFFF5E
:10A21000FFFFFFFFFFFFFFFFFFFFFFFFFFFFFFFF4E
:10A22000FFFFFFFFFFFFFFFFFFFFFFFFFFFFFFFF3E
:10A23000FFFFFFFFFFFFFFFFFFFFFFFFFFFFFFFF2E
:10A24000FFFFFFFFFFFFFFFFFFFFFFFFFFFFFFFF1E
:10A25000FFFFFFFFFFFFFFFFFFFFFFFFFFFFFFFF0E
:10A26000FFFFFFFFFFFFFFFFFFFFFFFFFFFFFFFFFE
:10A27000FFFFFFFFFFFFFFFFFFFFFFFFFFFFFFFFEE
:10A28000FFFFFFFFFFFFFFFFFFFFFFFFFFFFFFFFDE
:10A29000FFFFFFFFFFFFFFFFFFFFFFFFFFFFFFFFCE
:10A2A000FFFFFFFFFFFFFFFFFFFFFFFFFFFFFFFFBE
:10A2B000FFFFFFFFFFFFFFFFFFFFFFFFFFFFFFFFAE
:10A2C000FFFFFFFFFFFFFFFFFFFFFFFFFFFFFFFF9E
:10A2D000FFFFFFFFFFFFFFFFFFFFFFFFFFFFFFFF8E
:10A2E000FFFFFFFFFFFFFFFFFFFFFFFFFFFFFFFF7E
:10A2F000FFFFFFFFFFFFFFFFFFFFFFFFFFFFFFFF6E
:10A30000FFFFFFFFFFFFFFFFFFFFFFFFFFFFFFFF5D
:10A31000FFFFFFFFFFFFFFFFFFFFFFFFFFFFFFFF4D
:10A32000FFFFFFFFFFFFFFFFFFFFFFFFFFFFFFFF3D
:10A33000FFFFFFFFFFFFFFFFFFFFFFFFFFFFFFFF2D
:10A34000FFFFFFFFFFFFFFFFFFFFFFFFFFFFFFFF1D
:10A35000FFFFFFFFFFFFFFFFFFFFFFFFFFFFFFFF0D
:10A36000FFFFFFFFFFFFFFFFFFFFFFFFFFFFFFFFFD
:10A37000FFFFFFFFFFFFFFFFFFFFFFFFFFFFFFFFED
:10A38000FFFFFFFFFFFFFFFFFFFFFFFFFFFFFFFFDD
:10A39000FFFFFFFFFFFFFFFFFFFFFFFFFFFFFFFFCD
:10A3A000FFFFFFFFFFFFFFFFFFFFFFFFFFFFFFFFBD
:10A3B000FFFFFFFFFFFFFFFFFFFFFFFFFFFFFFFFAD
:10A3C000FFFFFFFFFFFFFFFFFFFFFFFFFFFFFFFF9D
:10A3D000FFFFFFFFFFFFFFFFFFFFFFFFFFFFFFFF8D
:10A3E000FFFFFFFFFFFFFFFFFFFFFFFFFFFFFFFF7D
:10A3F000FFFFFFFFFFFFFFFFFFFFFFFFFFFFFFFF6D
:10A40000FFFFFFFFFFFFFFFFFFFFFFFFFFFFFFFF5C
:10A41000FFFFFFFFFFFFFFFFFFFFFFFFFFFFFFFF4C
:10A42000FFFFFFFFFFFFFFFFFFFFFFFFFFFFFFFF3C
:10A43000FFFFFFFFFFFFFFFFFFFFFFFFFFFFFFFF2C
:10A44000FFFFFFFFFFFFFFFFFFFFFFFFFFFFFFFF1C
:10A45000FFFFFFFFFFFFFFFFFFFFFFFFFFFFFFFF0C
:10A46000FFFFFFFFFFFFFFFFFFFFFFFFFFFFFFFFFC
:10A47000FFFFFFFFFFFFFFFFFFFFFFFFFFFFFFFFEC
:10A48000FFFFFFFFFFFFFFFFFFFFFFFFFFFFFFFFDC
:10A49000FFFFFFFFFFFFFFFFFFFFFFFFFFFFFFFFCC
:10A4A000FFFFFFFFFFFFFFFFFFFFFFFFFFFFFFFFBC
:10A4B000FFFFFFFFFFFFFFFFFFFFFFFFFFFFFFFFAC
:10A4C000FFFFFFFFFFFFFFFFFFFFFFFFFFFFFFFF9C
:10A4D000FFFFFFFFFFFFFFFFFFFFFFFFFFFFFFFF8C
:10A4E000FFFFFFFFFFFFFFFFFFFFFFFFFFFFFFFF7C
:10A4F000FFFFFFFFFFFFFFFFFFFFFFFFFFFFFFFF6C
:10A50000FFFFFFFFFFFFFFFFFFFFFFFFFFFFFFFF5B
:10A51000FFFFFFFFFFFFFFFFFFFFFFFFFFFFFFFF4B
:10A52000FFFFFFFFFFFFFFFFFFFFFFFFFFFFFFFF3B
:10A53000FFFFFFFFFFFFFFFFFFFFFFFFFFFFFFFF2B
:10A54000FFFFFFFFFFFFFFFFFFFFFFFFFFFFFFFF1B
:10A55000FFFFFFFFFFFFFFFFFFFFFFFFFFFFFFFF0B
:10A56000FFFFFFFFFFFFFFFFFFFFFFFFFFFFFFFFFB
:10A57000FFFFFFFFFFFFFFFFFFFFFFFFFFFFFFFFEB
:10A58000FFFFFFFFFFFFFFFFFFFFFFFFFFFFFFFFDB
:10A59000FFFFFFFFFFFFFFFFFFFFFFFFFFFFFFFFCB
:10A5A000FFFFFFFFFFFFFFFFFFFFFFFFFFFFFFFFBB
:10A5B000FFFFFFFFFFFFFFFFFFFFFFFFFFFFFFFFAB
:10A5C000FFFFFFFFFFFFFFFFFFFFFFFFFFFFFFFF9B
:10A5D000FFFFFFFFFFFFFFFFFFFFFFFFFFFFFFFF8B
:10A5E000FFFFFFFFFFFFFFFFFFFFFFFFFFFFFFFF7B
:10A5F000FFFFFFFFFFFFFFFFFFFFFFFFFFFFFFFF6B
:10A60000FFFFFFFFFFFFFFFFFFFFFFFFFFFFFFFF5A
:10A61000FFFFFFFFFFFFFFFFFFFFFFFFFFFFFFFF4A
:10A62000FFFFFFFFFFFFFFFFFFFFFFFFFFFFFFFF3A
:10A63000FFFFFFFFFFFFFFFFFFFFFFFFFFFFFFFF2A
:10A64000FFFFFFFFFFFFFFFFFFFFFFFFFFFFFFFF1A
:10A65000FFFFFFFFFFFFFFFFFFFFFFFFFFFFFFFF0A
:10A66000FFFFFFFFFFFFFFFFFFFFFFFFFFFFFFFFFA
:10A67000FFFFFFFFFFFFFFFFFFFFFFFFFFFFFFFFEA
:10A68000FFFFFFFFFFFFFFFFFFFFFFFFFFFFFFFFDA
:10A69000FFFFFFFFFFFFFFFFFFFFFFFFFFFFFFFFCA
:10A6A000FFFFFFFFFFFFFFFFFFFFFFFFFFFFFFFFBA
:10A6B000FFFFFFFFFFFFFFFFFFFFFFFFFFFFFFFFAA
:10A6C000FFFFFFFFFFFFFFFFFFFFFFFFFFFFFFFF9A
:10A6D000FFFFFFFFFFFFFFFFFFFFFFFFFFFFFFFF8A
:10A6E000FFFFFFFFFFFFFFFFFFFFFFFFFFFFFFFF7A
:10A6F000FFFFFFFFFFFFFFFFFFFFFFFFFFFFFFFF6A
:10A70000FFFFFFFFFFFFFFFFFFFFFFFFFFFFFFFF59
:10A71000FFFFFFFFFFFFFFFFFFFFFFFFFFFFFFFF49
:10A72000FFFFFFFFFFFFFFFFFFFFFFFFFFFFFFFF39
:10A73000FFFFFFFFFFFFFFFFFFFFFFFFFFFFFFFF29
:10A74000FFFFFFFFFFFFFFFFFFFFFFFFFFFFFFFF19
:10A75000FFFFFFFFFFFFFFFFFFFFFFFFFFFFFFFF09
:10A76000FFFFFFFFFFFFFFFFFFFFFFFFFFFFFFFFF9
:10A77000FFFFFFFFFFFFFFFFFFFFFFFFFFFFFFFFE9
:10A78000FFFFFFFFFFFFFFFFFFFFFFFFFFFFFFFFD9
:10A79000FFFFFFFFFFFFFFFFFFFFFFFFFFFFFFFFC9
:10A7A000FFFFFFFFFFFFFFFFFFFFFFFFFFFFFFFFB9
:10A7B000FFFFFFFFFFFFFFFFFFFFFFFFFFFFFFFFA9
:10A7C000FFFFFFFFFFFFFFFFFFFFFFFFFFFFFFFF99
:10A7D000FFFFFFFFFFFFFFFFFFFFFFFFFFFFFFFF89
:10A7E000FFFFFFFFFFFFFFFFFFFFFFFFFFFFFFFF79
:10A7F000FFFFFFFFFFFFFFFFFFFFFFFFFFFFFFFF69
:10A80000FFFFFFFFFFFFFFFFFFFFFFFFFFFFFFFF58
:10A81000FFFFFFFFFFFFFFFFFFFFFFFFFFFFFFFF48
:10A82000FFFFFFFFFFFFFFFFFFFFFFFFFFFFFFFF38
:10A83000FFFFFFFFFFFFFFFFFFFFFFFFFFFFFFFF28
:10A84000FFFFFFFFFFFFFFFFFFFFFFFFFFFFFFFF18
:10A85000FFFFFFFFFFFFFFFFFFFFFFFFFFFFFFFF08
:10A86000FFFFFFFFFFFFFFFFFFFFFFFFFFFFFFFFF8
:10A87000FFFFFFFFFFFFFFFFFFFFFFFFFFFFFFFFE8
:10A88000FFFFFFFFFFFFFFFFFFFFFFFFFFFFFFFFD8
:10A89000FFFFFFFFFFFFFFFFFFFFFFFFFFFFFFFFC8
:10A8A000FFFFFFFFFFFFFFFFFFFFFFFFFFFFFFFFB8
:10A8B000FFFFFFFFFFFFFFFFFFFFFFFFFFFFFFFFA8
:10A8C000FFFFFFFFFFFFFFFFFFFFFFFFFFFFFFFF98
:10A8D000FFFFFFFFFFFFFFFFFFFFFFFFFFFFFFFF88
:10A8E000FFFFFFFFFFFFFFFFFFFFFFFFFFFFFFFF78
:10A8F000FFFFFFFFFFFFFFFFFFFFFFFFFFFFFFFF68
:10A90000FFFFFFFFFFFFFFFFFFFFFFFFFFFFFFFF57
:10A91000FFFFFFFFFFFFFFFFFFFFFFFFFFFFFFFF47
:10A92000FFFFFFFFFFFFFFFFFFFFFFFFFFFFFFFF37
:10A93000FFFFFFFFFFFFFFFFFFFFFFFFFFFFFFFF27
:10A94000FFFFFFFFFFFFFFFFFFFFFFFFFFFFFFFF17
:10A95000FFFFFFFFFFFFFFFFFFFFFFFFFFFFFFFF07
:10A96000FFFFFFFFFFFFFFFFFFFFFFFFFFFFFFFFF7
:10A97000FFFFFFFFFFFFFFFFFFFFFFFFFFFFFFFFE7
:10A98000FFFFFFFFFFFFFFFFFFFFFFFFFFFFFFFFD7
:10A99000FFFFFFFFFFFFFFFFFFFFFFFFFFFFFFFFC7
:10A9A000FFFFFFFFFFFFFFFFFFFFFFFFFFFFFFFFB7
:10A9B000FFFFFFFFFFFFFFFFFFFFFFFFFFFFFFFFA7
:10A9C000FFFFFFFFFFFFFFFFFFFFFFFFFFFFFFFF97
:10A9D000FFFFFFFFFFFFFFFFFFFFFFFFFFFFFFFF87
:10A9E000FFFFFFFFFFFFFFFFFFFFFFFFFFFFFFFF77
:10A9F000FFFFFFFFFFFFFFFFFFFFFFFFFFFFFFFF67
:10AA0000FFFFFFFFFFFFFFFFFFFFFFFFFFFFFFFF56
:10AA1000FFFFFFFFFFFFFFFFFFFFFFFFFFFFFFFF46
:10AA2000FFFFFFFFFFFFFFFFFFFFFFFFFFFFFFFF36
:10AA3000FFFFFFFFFFFFFFFFFFFFFFFFFFFFFFFF26
:10AA4000FFFFFFFFFFFFFFFFFFFFFFFFFFFFFFFF16
:10AA5000FFFFFFFFFFFFFFFFFFFFFFFFFFFFFFFF06
:10AA6000FFFFFFFFFFFFFFFFFFFFFFFFFFFFFFFFF6
:10AA7000FFFFFFFFFFFFFFFFFFFFFFFFFFFFFFFFE6
:10AA8000FFFFFFFFFFFFFFFFFFFFFFFFFFFFFFFFD6
:10AA9000FFFFFFFFFFFFFFFFFFFFFFFFFFFFFFFFC6
:10AAA000FFFFFFFFFFFFFFFFFFFFFFFFFFFFFFFFB6
:10AAB000FFFFFFFFFFFFFFFFFFFFFFFFFFFFFFFFA6
:10AAC000FFFFFFFFFFFFFFFFFFFFFFFFFFFFFFFF96
:10AAD000FFFFFFFFFFFFFFFFFFFFFFFFFFFFFFFF86
:10AAE000FFFFFFFFFFFFFFFFFFFFFFFFFFFFFFFF76
:10AAF000FFFFFFFFFFFFFFFFFFFFFFFFFFFFFFFF66
:10AB0000FFFFFFFFFFFFFFFFFFFFFFFFFFFFFFFF55
:10AB1000FFFFFFFFFFFFFFFFFFFFFFFFFFFFFFFF45
:10AB2000FFFFFFFFFFFFFFFFFFFFFFFFFFFFFFFF35
:10AB3000FFFFFFFFFFFFFFFFFFFFFFFFFFFFFFFF25
:10AB4000FFFFFFFFFFFFFFFFFFFFFFFFFFFFFFFF15
:10AB5000FFFFFFFFFFFFFFFFFFFFFFFFFFFFFFFF05
:10AB6000FFFFFFFFFFFFFFFFFFFFFFFFFFFFFFFFF5
:10AB7000FFFFFFFFFFFFFFFFFFFFFFFFFFFFFFFFE5
:10AB8000FFFFFFFFFFFFFFFFFFFFFFFFFFFFFFFFD5
:10AB9000FFFFFFFFFFFFFFFFFFFFFFFFFFFFFFFFC5
:10ABA000FFFFFFFFFFFFFFFFFFFFFFFFFFFFFFFFB5
:10ABB000FFFFFFFFFFFFFFFFFFFFFFFFFFFFFFFFA5
:10ABC000FFFFFFFFFFFFFFFFFFFFFFFFFFFFFFFF95
:10ABD000FFFFFFFFFFFFFFFFFFFFFFFFFFFFFFFF85
:10ABE000FFFFFFFFFFFFFFFFFFFFFFFFFFFFFFFF75
:10ABF000FFFFFFFFFFFFFFFFFFFFFFFFFFFFFFFF65
:10AC0000FFFFFFFFFFFFFFFFFFFFFFFFFFFFFFFF54
:10AC1000FFFFFFFFFFFFFFFFFFFFFFFFFFFFFFFF44
:10AC2000FFFFFFFFFFFFFFFFFFFFFFFFFFFFFFFF34
:10AC3000FFFFFFFFFFFFFFFFFFFFFFFFFFFFFFFF24
:10AC4000FFFFFFFFFFFFFFFFFFFFFFFFFFFFFFFF14
:10AC5000FFFFFFFFFFFFFFFFFFFFFFFFFFFFFFFF04
:10AC6000FFFFFFFFFFFFFFFFFFFFFFFFFFFFFFFFF4
:10AC7000FFFFFFFFFFFFFFFFFFFFFFFFFFFFFFFFE4
:10AC8000FFFFFFFFFFFFFFFFFFFFFFFFFFFFFFFFD4
:10AC9000FFFFFFFFFFFFFFFFFFFFFFFFFFFFFFFFC4
:10ACA000FFFFFFFFFFFFFFFFFFFFFFFFFFFFFFFFB4
:10ACB000FFFFFFFFFFFFFFFFFFFFFFFFFFFFFFFFA4
:10ACC000FFFFFFFFFFFFFFFFFFFFFFFFFFFFFFFF94
:10ACD000FFFFFFFFFFFFFFFFFFFFFFFFFFFFFFFF84
:10ACE000FFFFFFFFFFFFFFFFFFFFFFFFFFFFFFFF74
:10ACF000FFFFFFFFFFFFFFFFFFFFFFFFFFFFFFFF64
:10AD0000FFFFFFFFFFFFFFFFFFFFFFFFFFFFFFFF53
:10AD1000FFFFFFFFFFFFFFFFFFFFFFFFFFFFFFFF43
:10AD2000FFFFFFFFFFFFFFFFFFFFFFFFFFFFFFFF33
:10AD3000FFFFFFFFFFFFFFFFFFFFFFFFFFFFFFFF23
:10AD4000FFFFFFFFFFFFFFFFFFFFFFFFFFFFFFFF13
:10AD5000FFFFFFFFFFFFFFFFFFFFFFFFFFFFFFFF03
:10AD6000FFFFFFFFFFFFFFFFFFFFFFFFFFFFFFFFF3
:10AD7000FFFFFFFFFFFFFFFFFFFFFFFFFFFFFFFFE3
:10AD8000FFFFFFFFFFFFFFFFFFFFFFFFFFFFFFFFD3
:10AD9000FFFFFFFFFFFFFFFFFFFFFFFFFFFFFFFFC3
:10ADA000FFFFFFFFFFFFFFFFFFFFFFFFFFFFFFFFB3
:10ADB000FFFFFFFFFFFFFFFFFFFFFFFFFFFFFFFFA3
:10ADC000FFFFFFFFFFFFFFFFFFFFFFFFFFFFFFFF93
:10ADD000FFFFFFFFFFFFFFFFFFFFFFFFFFFFFFFF83
:10ADE000FFFFFFFFFFFFFFFFFFFFFFFFFFFFFFFF73
:10ADF000FFFFFFFFFFFFFFFFFFFFFFFFFFFFFFFF63
:10AE0000FFFFFFFFFFFFFFFFFFFFFFFFFFFFFFFF52
:10AE1000FFFFFFFFFFFFFFFFFFFFFFFFFFFFFFFF42
:10AE2000FFFFFFFFFFFFFFFFFFFFFFFFFFFFFFFF32
:10AE3000FFFFFFFFFFFFFFFFFFFFFFFFFFFFFFFF22
:10AE4000FFFFFFFFFFFFFFFFFFFFFFFFFFFFFFFF12
:10AE5000FFFFFFFFFFFFFFFFFFFFFFFFFFFFFFFF02
:10AE6000FFFFFFFFFFFFFFFFFFFFFFFFFFFFFFFFF2
:10AE7000FFFFFFFFFFFFFFFFFFFFFFFFFFFFFFFFE2
:10AE8000FFFFFFFFFFFFFFFFFFFFFFFFFFFFFFFFD2
:10AE9000FFFFFFFFFFFFFFFFFFFFFFFFFFFFFFFFC2
:10AEA000FFFFFFFFFFFFFFFFFFFFFFFFFFFFFFFFB2
:10AEB000FFFFFFFFFFFFFFFFFFFFFFFFFFFFFFFFA2
:10AEC000FFFFFFFFFFFFFFFFFFFFFFFFFFFFFFFF92
:10AED000FFFFFFFFFFFFFFFFFFFFFFFFFFFFFFFF82
:10AEE000FFFFFFFFFFFFFFFFFFFFFFFFFFFFFFFF72
:10AEF000FFFFFFFFFFFFFFFFFFFFFFFFFFFFFFFF62
:10AF0000FFFFFFFFFFFFFFFFFFFFFFFFFFFFFFFF51
:10AF1000FFFFFFFFFFFFFFFFFFFFFFFFFFFFFFFF41
:10AF2000FFFFFFFFFFFFFFFFFFFFFFFFFFFFFFFF31
:10AF3000FFFFFFFFFFFFFFFFFFFFFFFFFFFFFFFF21
:10AF4000FFFFFFFFFFFFFFFFFFFFFFFFFFFFFFFF11
:10AF5000FFFFFFFFFFFFFFFFFFFFFFFFFFFFFFFF01
:10AF6000FFFFFFFFFFFFFFFFFFFFFFFFFFFFFFFFF1
:10AF7000FFFFFFFFFFFFFFFFFFFFFFFFFFFFFFFFE1
:10AF8000FFFFFFFFFFFFFFFFFFFFFFFFFFFFFFFFD1
:10AF9000FFFFFFFFFFFFFFFFFFFFFFFFFFFFFFFFC1
:10AFA000FFFFFFFFFFFFFFFFFFFFFFFFFFFFFFFFB1
:10AFB000FFFFFFFFFFFFFFFFFFFFFFFFFFFFFFFFA1
:10AFC000FFFFFFFFFFFFFFFFFFFFFFFFFFFFFFFF91
:10AFD000FFFFFFFFFFFFFFFFFFFFFFFFFFFFFFFF81
:10AFE000FFFFFFFFFFFFFFFFFFFFFFFFFFFFFFFF71
:10AFF000FFFFFFFFFFFFFFFFFFFFFFFFFFFFFFFF61
:10B00000FFFFFFFFFFFFFFFFFFFFFFFFFFFFFFFF50
:10B01000FFFFFFFFFFFFFFFFFFFFFFFFFFFFFFFF40
:10B02000FFFFFFFFFFFFFFFFFFFFFFFFFFFFFFFF30
:10B03000FFFFFFFFFFFFFFFFFFFFFFFFFFFFFFFF20
:10B04000FFFFFFFFFFFFFFFFFFFFFFFFFFFFFFFF10
:10B05000FFFFFFFFFFFFFFFFFFFFFFFFFFFFFFFF00
:10B06000FFFFFFFFFFFFFFFFFFFFFFFFFFFFFFFFF0
:10B07000FFFFFFFFFFFFFFFFFFFFFFFFFFFFFFFFE0
:10B08000FFFFFFFFFFFFFFFFFFFFFFFFFFFFFFFFD0
:10B09000FFFFFFFFFFFFFFFFFFFFFFFFFFFFFFFFC0
:10B0A000FFFFFFFFFFFFFFFFFFFFFFFFFFFFFFFFB0
:10B0B000FFFFFFFFFFFFFFFFFFFFFFFFFFFFFFFFA0
:10B0C000FFFFFFFFFFFFFFFFFFFFFFFFFFFFFFFF90
:10B0D000FFFFFFFFFFFFFFFFFFFFFFFFFFFFFFFF80
:10B0E000FFFFFFFFFFFFFFFFFFFFFFFFFFFFFFFF70
:10B0F000FFFFFFFFFFFFFFFFFFFFFFFFFFFFFFFF60
:10B10000FFFFFFFFFFFFFFFFFFFFFFFFFFFFFFFF4F
:10B11000FFFFFFFFFFFFFFFFFFFFFFFFFFFFFFFF3F
:10B12000FFFFFFFFFFFFFFFFFFFFFFFFFFFFFFFF2F
:10B13000FFFFFFFFFFFFFFFFFFFFFFFFFFFFFFFF1F
:10B14000FFFFFFFFFFFFFFFFFFFFFFFFFFFFFFFF0F
:10B15000FFFFFFFFFFFFFFFFFFFFFFFFFFFFFFFFFF
:10B16000FFFFFFFFFFFFFFFFFFFFFFFFFFFFFFFFEF
:10B17000FFFFFFFFFFFFFFFFFFFFFFFFFFFFFFFFDF
:10B18000FFFFFFFFFFFFFFFFFFFFFFFFFFFFFFFFCF
:10B19000FFFFFFFFFFFFFFFFFFFFFFFFFFFFFFFFBF
:10B1A000FFFFFFFFFFFFFFFFFFFFFFFFFFFFFFFFAF
:10B1B000FFFFFFFFFFFFFFFFFFFFFFFFFFFFFFFF9F
:10B1C000FFFFFFFFFFFFFFFFFFFFFFFFFFFFFFFF8F
:10B1D000FFFFFFFFFFFFFFFFFFFFFFFFFFFFFFFF7F
:10B1E000FFFFFFFFFFFFFFFFFFFFFFFFFFFFFFFF6F
:10B1F000FFFFFFFFFFFFFFFFFFFFFFFFFFFFFFFF5F
:10B20000FFFFFFFFFFFFFFFFFFFFFFFFFFFFFFFF4E
:10B21000FFFFFFFFFFFFFFFFFFFFFFFFFFFFFFFF3E
:10B22000FFFFFFFFFFFFFFFFFFFFFFFFFFFFFFFF2E
:10B23000FFFFFFFFFFFFFFFFFFFFFFFFFFFFFFFF1E
:10B24000FFFFFFFFFFFFFFFFFFFFFFFFFFFFFFFF0E
:10B25000FFFFFFFFFFFFFFFFFFFFFFFFFFFFFFFFFE
:10B26000FFFFFFFFFFFFFFFFFFFFFFFFFFFFFFFFEE
:10B27000FFFFFFFFFFFFFFFFFFFFFFFFFFFFFFFFDE
:10B28000FFFFFFFFFFFFFFFFFFFFFFFFFFFFFFFFCE
:10B29000FFFFFFFFFFFFFFFFFFFFFFFFFFFFFFFFBE
:10B2A000FFFFFFFFFFFFFFFFFFFFFFFFFFFFFFFFAE
:10B2B000FFFFFFFFFFFFFFFFFFFFFFFFFFFFFFFF9E
:10B2C000FFFFFFFFFFFFFFFFFFFFFFFFFFFFFFFF8E
:10B2D000FFFFFFFFFFFFFFFFFFFFFFFFFFFFFFFF7E
:10B2E000FFFFFFFFFFFFFFFFFFFFFFFFFFFFFFFF6E
:10B2F000FFFFFFFFFFFFFFFFFFFFFFFFFFFFFFFF5E
:10B30000FFFFFFFFFFFFFFFFFFFFFFFFFFFFFFFF4D
:10B31000FFFFFFFFFFFFFFFFFFFFFFFFFFFFFFFF3D
:10B32000FFFFFFFFFFFFFFFFFFFFFFFFFFFFFFFF2D
:10B33000FFFFFFFFFFFFFFFFFFFFFFFFFFFFFFFF1D
:10B34000FFFFFFFFFFFFFFFFFFFFFFFFFFFFFFFF0D
:10B35000FFFFFFFFFFFFFFFFFFFFFFFFFFFFFFFFFD
:10B36000FFFFFFFFFFFFFFFFFFFFFFFFFFFFFFFFED
:10B37000FFFFFFFFFFFFFFFFFFFFFFFFFFFFFFFFDD
:10B38000FFFFFFFFFFFFFFFFFFFFFFFFFFFFFFFFCD
:10B39000FFFFFFFFFFFFFFFFFFFFFFFFFFFFFFFFBD
:10B3A000FFFFFFFFFFFFFFFFFFFFFFFFFFFFFFFFAD
:10B3B000FFFFFFFFFFFFFFFFFFFFFFFFFFFFFFFF9D
:10B3C000FFFFFFFFFFFFFFFFFFFFFFFFFFFFFFFF8D
:10B3D000FFFFFFFFFFFFFFFFFFFFFFFFFFFFFFFF7D
:10B3E000FFFFFFFFFFFFFFFFFFFFFFFFFFFFFFFF6D
:10B3F000FFFFFFFFFFFFFFFFFFFFFFFFFFFFFFFF5D
:10B40000FFFFFFFFFFFFFFFFFFFFFFFFFFFFFFFF4C
:10B41000FFFFFFFFFFFFFFFFFFFFFFFFFFFFFFFF3C
:10B42000FFFFFFFFFFFFFFFFFFFFFFFFFFFFFFFF2C
:10B43000FFFFFFFFFFFFFFFFFFFFFFFFFFFFFFFF1C
:10B44000FFFFFFFFFFFFFFFFFFFFFFFFFFFFFFFF0C
:10B45000FFFFFFFFFFFFFFFFFFFFFFFFFFFFFFFFFC
:10B46000FFFFFFFFFFFFFFFFFFFFFFFFFFFFFFFFEC
:10B47000FFFFFFFFFFFFFFFFFFFFFFFFFFFFFFFFDC
:10B48000FFFFFFFFFFFFFFFFFFFFFFFFFFFFFFFFCC
:10B49000FFFFFFFFFFFFFFFFFFFFFFFFFFFFFFFFBC
:10B4A000FFFFFFFFFFFFFFFFFFFFFFFFFFFFFFFFAC
:10B4B000FFFFFFFFFFFFFFFFFFFFFFFFFFFFFFFF9C
:10B4C000FFFFFFFFFFFFFFFFFFFFFFFFFFFFFFFF8C
:10B4D000FFFFFFFFFFFFFFFFFFFFFFFFFFFFFFFF7C
:10B4E000FFFFFFFFFFFFFFFFFFFFFFFFFFFFFFFF6C
:10B4F000FFFFFFFFFFFFFFFFFFFFFFFFFFFFFFFF5C
:10B50000FFFFFFFFFFFFFFFFFFFFFFFFFFFFFFFF4B
:10B51000FFFFFFFFFFFFFFFFFFFFFFFFFFFFFFFF3B
:10B52000FFFFFFFFFFFFFFFFFFFFFFFFFFFFFFFF2B
:10B53000FFFFFFFFFFFFFFFFFFFFFFFFFFFFFFFF1B
:10B54000FFFFFFFFFFFFFFFFFFFFFFFFFFFFFFFF0B
:10B55000FFFFFFFFFFFFFFFFFFFFFFFFFFFFFFFFFB
:10B56000FFFFFFFFFFFFFFFFFFFFFFFFFFFFFFFFEB
:10B57000FFFFFFFFFFFFFFFFFFFFFFFFFFFFFFFFDB
:10B58000FFFFFFFFFFFFFFFFFFFFFFFFFFFFFFFFCB
:10B59000FFFFFFFFFFFFFFFFFFFFFFFFFFFFFFFFBB
:10B5A000FFFFFFFFFFFFFFFFFFFFFFFFFFFFFFFFAB
:10B5B000FFFFFFFFFFFFFFFFFFFFFFFFFFFFFFFF9B
:10B5C000FFFFFFFFFFFFFFFFFFFFFFFFFFFFFFFF8B
:10B5D000FFFFFFFFFFFFFFFFFFFFFFFFFFFFFFFF7B
:10B5E000FFFFFFFFFFFFFFFFFFFFFFFFFFFFFFFF6B
:10B5F000FFFFFFFFFFFFFFFFFFFFFFFFFFFFFFFF5B
:10B60000FFFFFFFFFFFFFFFFFFFFFFFFFFFFFFFF4A
:10B61000FFFFFFFFFFFFFFFFFFFFFFFFFFFFFFFF3A
:10B62000FFFFFFFFFFFFFFFFFFFFFFFFFFFFFFFF2A
:10B63000FFFFFFFFFFFFFFFFFFFFFFFFFFFFFFFF1A
:10B64000FFFFFFFFFFFFFFFFFFFFFFFFFFFFFFFF0A
:10B65000FFFFFFFFFFFFFFFFFFFFFFFFFFFFFFFFFA
:10B66000FFFFFFFFFFFFFFFFFFFFFFFFFFFFFFFFEA
:10B67000FFFFFFFFFFFFFFFFFFFFFFFFFFFFFFFFDA
:10B68000FFFFFFFFFFFFFFFFFFFFFFFFFFFFFFFFCA
:10B69000FFFFFFFFFFFFFFFFFFFFFFFFFFFFFFFFBA
:10B6A000FFFFFFFFFFFFFFFFFFFFFFFFFFFFFFFFAA
:10B6B000FFFFFFFFFFFFFFFFFFFFFFFFFFFFFFFF9A
:10B6C000FFFFFFFFFFFFFFFFFFFFFFFFFFFFFFFF8A
:10B6D000FFFFFFFFFFFFFFFFFFFFFFFFFFFFFFFF7A
:10B6E000FFFFFFFFFFFFFFFFFFFFFFFFFFFFFFFF6A
:10B6F000FFFFFFFFFFFFFFFFFFFFFFFFFFFFFFFF5A
:10B70000FFFFFFFFFFFFFFFFFFFFFFFFFFFFFFFF49
:10B71000FFFFFFFFFFFFFFFFFFFFFFFFFFFFFFFF39
:10B72000FFFFFFFFFFFFFFFFFFFFFFFFFFFFFFFF29
:10B73000FFFFFFFFFFFFFFFFFFFFFFFFFFFFFFFF19
:10B74000FFFFFFFFFFFFFFFFFFFFFFFFFFFFFFFF09
:10B75000FFFFFFFFFFFFFFFFFFFFFFFFFFFFFFFFF9
:10B76000FFFFFFFFFFFFFFFFFFFFFFFFFFFFFFFFE9
:10B77000FFFFFFFFFFFFFFFFFFFFFFFFFFFFFFFFD9
:10B78000FFFFFFFFFFFFFFFFFFFFFFFFFFFFFFFFC9
:10B79000FFFFFFFFFFFFFFFFFFFFFFFFFFFFFFFFB9
:10B7A000FFFFFFFFFFFFFFFFFFFFFFFFFFFFFFFFA9
:10B7B000FFFFFFFFFFFFFFFFFFFFFFFFFFFFFFFF99
:10B7C000FFFFFFFFFFFFFFFFFFFFFFFFFFFFFFFF89
:10B7D000FFFFFFFFFFFFFFFFFFFFFFFFFFFFFFFF79
:10B7E000FFFFFFFFFFFFFFFFFFFFFFFFFFFFFFFF69
:10B7F000FFFFFFFFFFFFFFFFFFFFFFFFFFFFFFFF59
:10B80000FFFFFFFFFFFFFFFFFFFFFFFFFFFFFFFF48
:10B81000FFFFFFFFFFFFFFFFFFFFFFFFFFFFFFFF38
:10B82000FFFFFFFFFFFFFFFFFFFFFFFFFFFFFFFF28
:10B83000FFFFFFFFFFFFFFFFFFFFFFFFFFFFFFFF18
:10B84000FFFFFFFFFFFFFFFFFFFFFFFFFFFFFFFF08
:10B85000FFFFFFFFFFFFFFFFFFFFFFFFFFFFFFFFF8
:10B86000FFFFFFFFFFFFFFFFFFFFFFFFFFFFFFFFE8
:10B87000FFFFFFFFFFFFFFFFFFFFFFFFFFFFFFFFD8
:10B88000FFFFFFFFFFFFFFFFFFFFFFFFFFFFFFFFC8
:10B89000FFFFFFFFFFFFFFFFFFFFFFFFFFFFFFFFB8
:10B8A000FFFFFFFFFFFFFFFFFFFFFFFFFFFFFFFFA8
:10B8B000FFFFFFFFFFFFFFFFFFFFFFFFFFFFFFFF98
:10B8C000FFFFFFFFFFFFFFFFFFFFFFFFFFFFFFFF88
:10B8D000FFFFFFFFFFFFFFFFFFFFFFFFFFFFFFFF78
:10B8E000FFFFFFFFFFFFFFFFFFFFFFFFFFFFFFFF68
:10B8F000FFFFFFFFFFFFFFFFFFFFFFFFFFFFFFFF58
:10B90000FFFFFFFFFFFFFFFFFFFFFFFFFFFFFFFF47
:10B91000FFFFFFFFFFFFFFFFFFFFFFFFFFFFFFFF37
:10B92000FFFFFFFFFFFFFFFFFFFFFFFFFFFFFFFF27
:10B93000FFFFFFFFFFFFFFFFFFFFFFFFFFFFFFFF17
:10B94000FFFFFFFFFFFFFFFFFFFFFFFFFFFFFFFF07
:10B95000FFFFFFFFFFFFFFFFFFFFFFFFFFFFFFFFF7
:10B96000FFFFFFFFFFFFFFFFFFFFFFFFFFFFFFFFE7
:10B97000FFFFFFFFFFFFFFFFFFFFFFFFFFFFFFFFD7
:10B98000FFFFFFFFFFFFFFFFFFFFFFFFFFFFFFFFC7
:10B99000FFFFFFFFFFFFFFFFFFFFFFFFFFFFFFFFB7
:10B9A000FFFFFFFFFFFFFFFFFFFFFFFFFFFFFFFFA7
:10B9B000FFFFFFFFFFFFFFFFFFFFFFFFFFFFFFFF97
:10B9C000FFFFFFFFFFFFFFFFFFFFFFFFFFFFFFFF87
:10B9D000FFFFFFFFFFFFFFFFFFFFFFFFFFFFFFFF77
:10B9E000FFFFFFFFFFFFFFFFFFFFFFFFFFFFFFFF67
:10B9F000FFFFFFFFFFFFFFFFFFFFFFFFFFFFFFFF57
:10BA0000FFFFFFFFFFFFFFFFFFFFFFFFFFFFFFFF46
:10BA1000FFFFFFFFFFFFFFFFFFFFFFFFFFFFFFFF36
:10BA2000FFFFFFFFFFFFFFFFFFFFFFFFFFFFFFFF26
:10BA3000FFFFFFFFFFFFFFFFFFFFFFFFFFFFFFFF16
:10BA4000FFFFFFFFFFFFFFFFFFFFFFFFFFFFFFFF06
:10BA5000FFFFFFFFFFFFFFFFFFFFFFFFFFFFFFFFF6
:10BA6000FFFFFFFFFFFFFFFFFFFFFFFFFFFFFFFFE6
:10BA7000FFFFFFFFFFFFFFFFFFFFFFFFFFFFFFFFD6
:10BA8000FFFFFFFFFFFFFFFFFFFFFFFFFFFFFFFFC6
:10BA9000FFFFFFFFFFFFFFFFFFFFFFFFFFFFFFFFB6
:10BAA000FFFFFFFFFFFFFFFFFFFFFFFFFFFFFFFFA6
:10BAB000FFFFFFFFFFFFFFFFFFFFFFFFFFFFFFFF96
:10BAC000FFFFFFFFFFFFFFFFFFFFFFFFFFFFFFFF86
:10BAD000FFFFFFFFFFFFFFFFFFFFFFFFFFFFFFFF76
:10BAE000FFFFFFFFFFFFFFFFFFFFFFFFFFFFFFFF66
:10BAF000FFFFFFFFFFFFFFFFFFFFFFFFFFFFFFFF56
:10BB0000FFFFFFFFFFFFFFFFFFFFFFFFFFFFFFFF45
:10BB1000FFFFFFFFFFFFFFFFFFFFFFFFFFFFFFFF35
:10BB2000FFFFFFFFFFFFFFFFFFFFFFFFFFFFFFFF25
:10BB3000FFFFFFFFFFFFFFFFFFFFFFFFFFFFFFFF15
:10BB4000FFFFFFFFFFFFFFFFFFFFFFFFFFFFFFFF05
:10BB5000FFFFFFFFFFFFFFFFFFFFFFFFFFFFFFFFF5
:10BB6000FFFFFFFFFFFFFFFFFFFFFFFFFFFFFFFFE5
:10BB7000FFFFFFFFFFFFFFFFFFFFFFFFFFFFFFFFD5
:10BB8000FFFFFFFFFFFFFFFFFFFFFFFFFFFFFFFFC5
:10BB9000FFFFFFFFFFFFFFFFFFFFFFFFFFFFFFFFB5
:10BBA000FFFFFFFFFFFFFFFFFFFFFFFFFFFFFFFFA5
:10BBB000FFFFFFFFFFFFFFFFFFFFFFFFFFFFFFFF95
:10BBC000FFFFFFFFFFFFFFFFFFFFFFFFFFFFFFFF85
:10BBD000FFFFFFFFFFFFFFFFFFFFFFFFFFFFFFFF75
:10BBE000FFFFFFFFFFFFFFFFFFFFFFFFFFFFFFFF65
:10BBF000FFFFFFFFFFFFFFFFFFFFFFFFFFFFFFFF55
:10BC0000FFFFFFFFFFFFFFFFFFFFFFFFFFFFFFFF44
:10BC1000FFFFFFFFFFFFFFFFFFFFFFFFFFFFFFFF34
:10BC2000FFFFFFFFFFFFFFFFFFFFFFFFFFFFFFFF24
:10BC3000FFFFFFFFFFFFFFFFFFFFFFFFFFFFFFFF14
:10BC4000FFFFFFFFFFFFFFFFFFFFFFFFFFFFFFFF04
:10BC5000FFFFFFFFFFFFFFFFFFFFFFFFFFFFFFFFF4
:10BC6000FFFFFFFFFFFFFFFFFFFFFFFFFFFFFFFFE4
:10BC7000FFFFFFFFFFFFFFFFFFFFFFFFFFFFFFFFD4
:10BC8000FFFFFFFFFFFFFFFFFFFFFFFFFFFFFFFFC4
:10BC9000FFFFFFFFFFFFFFFFFFFFFFFFFFFFFFFFB4
:10BCA000FFFFFFFFFFFFFFFFFFFFFFFFFFFFFFFFA4
:10BCB000FFFFFFFFFFFFFFFFFFFFFFFFFFFFFFFF94
:10BCC000FFFFFFFFFFFFFFFFFFFFFFFFFFFFFFFF84
:10BCD000FFFFFFFFFFFFFFFFFFFFFFFFFFFFFFFF74
:10BCE000FFFFFFFFFFFFFFFFFFFFFFFFFFFFFFFF64
:10BCF000FFFFFFFFFFFFFFFFFFFFFFFFFFFFFFFF54
:10BD0000FFFFFFFFFFFFFFFFFFFFFFFFFFFFFFFF43
:10BD1000FFFFFFFFFFFFFFFFFFFFFFFFFFFFFFFF33
:10BD2000FFFFFFFFFFFFFFFFFFFFFFFFFFFFFFFF23
:10BD3000FFFFFFFFFFFFFFFFFFFFFFFFFFFFFFFF13
:10BD4000FFFFFFFFFFFFFFFFFFFFFFFFFFFFFFFF03
:10BD5000FFFFFFFFFFFFFFFFFFFFFFFFFFFFFFFFF3
:10BD6000FFFFFFFFFFFFFFFFFFFFFFFFFFFFFFFFE3
:10BD7000FFFFFFFFFFFFFFFFFFFFFFFFFFFFFFFFD3
:10BD8000FFFFFFFFFFFFFFFFFFFFFFFFFFFFFFFFC3
:10BD9000FFFFFFFFFFFFFFFFFFFFFFFFFFFFFFFFB3
:10BDA000FFFFFFFFFFFFFFFFFFFFFFFFFFFFFFFFA3
:10BDB000FFFFFFFFFFFFFFFFFFFFFFFFFFFFFFFF93
:10BDC000FFFFFFFFFFFFFFFFFFFFFFFFFFFFFFFF83
:10BDD000FFFFFFFFFFFFFFFFFFFFFFFFFFFFFFFF73
:10BDE000FFFFFFFFFFFFFFFFFFFFFFFFFFFFFFFF63
:10BDF000FFFFFFFFFFFFFFFFFFFFFFFFFFFFFFFF53
:10BE0000FFFFFFFFFFFFFFFFFFFFFFFFFFFFFFFF42
:10BE1000FFFFFFFFFFFFFFFFFFFFFFFFFFFFFFFF32
:10BE2000FFFFFFFFFFFFFFFFFFFFFFFFFFFFFFFF22
:10BE3000FFFFFFFFFFFFFFFFFFFFFFFFFFFFFFFF12
:10BE4000FFFFFFFFFFFFFFFFFFFFFFFFFFFFFFFF02
:10BE5000FFFFFFFFFFFFFFFFFFFFFFFFFFFFFFFFF2
:10BE6000FFFFFFFFFFFFFFFFFFFFFFFFFFFFFFFFE2
:10BE7000FFFFFFFFFFFFFFFFFFFFFFFFFFFFFFFFD2
:10BE8000FFFFFFFFFFFFFFFFFFFFFFFFFFFFFFFFC2
:10BE9000FFFFFFFFFFFFFFFFFFFFFFFFFFFFFFFFB2
:10BEA000FFFFFFFFFFFFFFFFFFFFFFFFFFFFFFFFA2
:10BEB000FFFFFFFFFFFFFFFFFFFFFFFFFFFFFFFF92
:10BEC000FFFFFFFFFFFFFFFFFFFFFFFFFFFFFFFF82
:10BED000FFFFFFFFFFFFFFFFFFFFFFFFFFFFFFFF72
:10BEE000FFFFFFFFFFFFFFFFFFFFFFFFFFFFFFFF62
:10BEF000FFFFFFFFFFFFFFFFFFFFFFFFFFFFFFFF52
:10BF0000FFFFFFFFFFFFFFFFFFFFFFFFFFFFFFFF41
:10BF1000FFFFFFFFFFFFFFFFFFFFFFFFFFFFFFFF31
:10BF2000FFFFFFFFFFFFFFFFFFFFFFFFFFFFFFFF21
:10BF3000FFFFFFFFFFFFFFFFFFFFFFFFFFFFFFFF11
:10BF4000FFFFFFFFFFFFFFFFFFFFFFFFFFFFFFFF01
:10BF5000FFFFFFFFFFFFFFFFFFFFFFFFFFFFFFFFF1
:10BF6000FFFFFFFFFFFFFFFFFFFFFFFFFFFFFFFFE1
:10BF7000FFFFFFFFFFFFFFFFFFFFFFFFFFFFFFFFD1
:10BF8000FFFFFFFFFFFFFFFFFFFFFFFFFFFFFFFFC1
:10BF9000FFFFFFFFFFFFFFFFFFFFFFFFFFFFFFFFB1
:10BFA000FFFFFFFFFFFFFFFFFFFFFFFFFFFFFFFFA1
:10BFB000FFFFFFFFFFFFFFFFFFFFFFFFFFFFFFFF91
:10BFC000FFFFFFFFFFFFFFFFFFFFFFFFFFFFFFFF81
:10BFD000FFFFFFFFFFFFFFFFFFFFFFFFFFFFFFFF71
:10BFE000FFFFFFFFFFFFFFFFFFFFFFFFFFFFFFFF61
:10BFF000FFFFFFFFFFFFFFFFFFFFFFFFFFFFFFFF51
:10C00000FFFFFFFFFFFFFFFFFFFFFFFFFFFFFFFF40
:10C01000FFFFFFFFFFFFFFFFFFFFFFFFFFFFFFFF30
:10C02000FFFFFFFFFFFFFFFFFFFFFFFFFFFFFFFF20
:10C03000FFFFFFFFFFFFFFFFFFFFFFFFFFFFFFFF10
:10C04000FFFFFFFFFFFFFFFFFFFFFFFFFFFFFFFF00
:10C05000FFFFFFFFFFFFFFFFFFFFFFFFFFFFFFFFF0
:10C06000FFFFFFFFFFFFFFFFFFFFFFFFFFFFFFFFE0
:10C07000FFFFFFFFFFFFFFFFFFFFFFFFFFFFFFFFD0
:10C08000FFFFFFFFFFFFFFFFFFFFFFFFFFFFFFFFC0
:10C09000FFFFFFFFFFFFFFFFFFFFFFFFFFFFFFFFB0
:10C0A000FFFFFFFFFFFFFFFFFFFFFFFFFFFFFFFFA0
:10C0B000FFFFFFFFFFFFFFFFFFFFFFFFFFFFFFFF90
:10C0C000FFFFFFFFFFFFFFFFFFFFFFFFFFFFFFFF80
:10C0D000FFFFFFFFFFFFFFFFFFFFFFFFFFFFFFFF70
:10C0E000FFFFFFFFFFFFFFFFFFFFFFFFFFFFFFFF60
:10C0F000FFFFFFFFFFFFFFFFFFFFFFFFFFFFFFFF50
:10C10000FFFFFFFFFFFFFFFFFFFFFFFFFFFFFFFF3F
:10C11000FFFFFFFFFFFFFFFFFFFFFFFFFFFFFFFF2F
:10C12000FFFFFFFFFFFFFFFFFFFFFFFFFFFFFFFF1F
:10C13000FFFFFFFFFFFFFFFFFFFFFFFFFFFFFFFF0F
:10C14000FFFFFFFFFFFFFFFFFFFFFFFFFFFFFFFFFF
:10C15000FFFFFFFFFFFFFFFFFFFFFFFFFFFFFFFFEF
:10C16000FFFFFFFFFFFFFFFFFFFFFFFFFFFFFFFFDF
:10C17000FFFFFFFFFFFFFFFFFFFFFFFFFFFFFFFFCF
:10C18000FFFFFFFFFFFFFFFFFFFFFFFFFFFFFFFFBF
:10C19000FFFFFFFFFFFFFFFFFFFFFFFFFFFFFFFFAF
:10C1A000FFFFFFFFFFFFFFFFFFFFFFFFFFFFFFFF9F
:10C1B000FFFFFFFFFFFFFFFFFFFFFFFFFFFFFFFF8F
:10C1C000FFFFFFFFFFFFFFFFFFFFFFFFFFFFFFFF7F
:10C1D000FFFFFFFFFFFFFFFFFFFFFFFFFFFFFFFF6F
:10C1E000FFFFFFFFFFFFFFFFFFFFFFFFFFFFFFFF5F
:10C1F000FFFFFFFFFFFFFFFFFFFFFFFFFFFFFFFF4F
:10C20000FFFFFFFFFFFFFFFFFFFFFFFFFFFFFFFF3E
:10C21000FFFFFFFFFFFFFFFFFFFFFFFFFFFFFFFF2E
:10C22000FFFFFFFFFFFFFFFFFFFFFFFFFFFFFFFF1E
:10C23000FFFFFFFFFFFFFFFFFFFFFFFFFFFFFFFF0E
:10C24000FFFFFFFFFFFFFFFFFFFFFFFFFFFFFFFFFE
:10C25000FFFFFFFFFFFFFFFFFFFFFFFFFFFFFFFFEE
:10C26000FFFFFFFFFFFFFFFFFFFFFFFFFFFFFFFFDE
:10C27000FFFFFFFFFFFFFFFFFFFFFFFFFFFFFFFFCE
:10C28000FFFFFFFFFFFFFFFFFFFFFFFFFFFFFFFFBE
:10C29000FFFFFFFFFFFFFFFFFFFFFFFFFFFFFFFFAE
:10C2A000FFFFFFFFFFFFFFFFFFFFFFFFFFFFFFFF9E
:10C2B000FFFFFFFFFFFFFFFFFFFFFFFFFFFFFFFF8E
:10C2C000FFFFFFFFFFFFFFFFFFFFFFFFFFFFFFFF7E
:10C2D000FFFFFFFFFFFFFFFFFFFFFFFFFFFFFFFF6E
:10C2E000FFFFFFFFFFFFFFFFFFFFFFFFFFFFFFFF5E
:10C2F000FFFFFFFFFFFFFFFFFFFFFFFFFFFFFFFF4E
:10C30000FFFFFFFFFFFFFFFFFFFFFFFFFFFFFFFF3D
:10C31000FFFFFFFFFFFFFFFFFFFFFFFFFFFFFFFF2D
:10C32000FFFFFFFFFFFFFFFFFFFFFFFFFFFFFFFF1D
:10C33000FFFFFFFFFFFFFFFFFFFFFFFFFFFFFFFF0D
:10C34000FFFFFFFFFFFFFFFFFFFFFFFFFFFFFFFFFD
:10C35000FFFFFFFFFFFFFFFFFFFFFFFFFFFFFFFFED
:10C36000FFFFFFFFFFFFFFFFFFFFFFFFFFFFFFFFDD
:10C37000FFFFFFFFFFFFFFFFFFFFFFFFFFFFFFFFCD
:10C38000FFFFFFFFFFFFFFFFFFFFFFFFFFFFFFFFBD
:10C39000FFFFFFFFFFFFFFFFFFFFFFFFFFFFFFFFAD
:10C3A000FFFFFFFFFFFFFFFFFFFFFFFFFFFFFFFF9D
:10C3B000FFFFFFFFFFFFFFFFFFFFFFFFFFFFFFFF8D
:10C3C000FFFFFFFFFFFFFFFFFFFFFFFFFFFFFFFF7D
:10C3D000FFFFFFFFFFFFFFFFFFFFFFFFFFFFFFFF6D
:10C3E000FFFFFFFFFFFFFFFFFFFFFFFFFFFFFFFF5D
:10C3F000FFFFFFFFFFFFFFFFFFFFFFFFFFFFFFFF4D
:10C40000FFFFFFFFFFFFFFFFFFFFFFFFFFFFFFFF3C
:10C41000FFFFFFFFFFFFFFFFFFFFFFFFFFFFFFFF2C
:10C42000FFFFFFFFFFFFFFFFFFFFFFFFFFFFFFFF1C
:10C43000FFFFFFFFFFFFFFFFFFFFFFFFFFFFFFFF0C
:10C44000FFFFFFFFFFFFFFFFFFFFFFFFFFFFFFFFFC
:10C45000FFFFFFFFFFFFFFFFFFFFFFFFFFFFFFFFEC
:10C46000FFFFFFFFFFFFFFFFFFFFFFFFFFFFFFFFDC
:10C47000FFFFFFFFFFFFFFFFFFFFFFFFFFFFFFFFCC
:10C48000FFFFFFFFFFFFFFFFFFFFFFFFFFFFFFFFBC
:10C49000FFFFFFFFFFFFFFFFFFFFFFFFFFFFFFFFAC
:10C4A000FFFFFFFFFFFFFFFFFFFFFFFFFFFFFFFF9C
:10C4B000FFFFFFFFFFFFFFFFFFFFFFFFFFFFFFFF8C
:10C4C000FFFFFFFFFFFFFFFFFFFFFFFFFFFFFFFF7C
:10C4D000FFFFFFFFFFFFFFFFFFFFFFFFFFFFFFFF6C
:10C4E000FFFFFFFFFFFFFFFFFFFFFFFFFFFFFFFF5C
:10C4F000FFFFFFFFFFFFFFFFFFFFFFFFFFFFFFFF4C
:10C50000FFFFFFFFFFFFFFFFFFFFFFFFFFFFFFFF3B
:10C51000FFFFFFFFFFFFFFFFFFFFFFFFFFFFFFFF2B
:10C52000FFFFFFFFFFFFFFFFFFFFFFFFFFFFFFFF1B
:10C53000FFFFFFFFFFFFFFFFFFFFFFFFFFFFFFFF0B
:10C54000FFFFFFFFFFFFFFFFFFFFFFFFFFFFFFFFFB
:10C55000FFFFFFFFFFFFFFFFFFFFFFFFFFFFFFFFEB
:10C56000FFFFFFFFFFFFFFFFFFFFFFFFFFFFFFFFDB
:10C57000FFFFFFFFFFFFFFFFFFFFFFFFFFFFFFFFCB
:10C58000FFFFFFFFFFFFFFFFFFFFFFFFFFFFFFFFBB
:10C59000FFFFFFFFFFFFFFFFFFFFFFFFFFFFFFFFAB
:10C5A000FFFFFFFFFFFFFFFFFFFFFFFFFFFFFFFF9B
:10C5B000FFFFFFFFFFFFFFFFFFFFFFFFFFFFFFFF8B
:10C5C000FFFFFFFFFFFFFFFFFFFFFFFFFFFFFFFF7B
:10C5D000FFFFFFFFFFFFFFFFFFFFFFFFFFFFFFFF6B
:10C5E000FFFFFFFFFFFFFFFFFFFFFFFFFFFFFFFF5B
:10C5F000FFFFFFFFFFFFFFFFFFFFFFFFFFFFFFFF4B
:10C60000FFFFFFFFFFFFFFFFFFFFFFFFFFFFFFFF3A
:10C61000FFFFFFFFFFFFFFFFFFFFFFFFFFFFFFFF2A
:10C62000FFFFFFFFFFFFFFFFFFFFFFFFFFFFFFFF1A
:10C63000FFFFFFFFFFFFFFFFFFFFFFFFFFFFFFFF0A
:10C64000FFFFFFFFFFFFFFFFFFFFFFFFFFFFFFFFFA
:10C65000FFFFFFFFFFFFFFFFFFFFFFFFFFFFFFFFEA
:10C66000FFFFFFFFFFFFFFFFFFFFFFFFFFFFFFFFDA
:10C67000FFFFFFFFFFFFFFFFFFFFFFFFFFFFFFFFCA
:10C68000FFFFFFFFFFFFFFFFFFFFFFFFFFFFFFFFBA
:10C69000FFFFFFFFFFFFFFFFFFFFFFFFFFFFFFFFAA
:10C6A000FFFFFFFFFFFFFFFFFFFFFFFFFFFFFFFF9A
:10C6B000FFFFFFFFFFFFFFFFFFFFFFFFFFFFFFFF8A
:10C6C000FFFFFFFFFFFFFFFFFFFFFFFFFFFFFFFF7A
:10C6D000FFFFFFFFFFFFFFFFFFFFFFFFFFFFFFFF6A
:10C6E000FFFFFFFFFFFFFFFFFFFFFFFFFFFFFFFF5A
:10C6F000FFFFFFFFFFFFFFFFFFFFFFFFFFFFFFFF4A
:10C70000FFFFFFFFFFFFFFFFFFFFFFFFFFFFFFFF39
:10C71000FFFFFFFFFFFFFFFFFFFFFFFFFFFFFFFF29
:10C72000FFFFFFFFFFFFFFFFFFFFFFFFFFFFFFFF19
:10C73000FFFFFFFFFFFFFFFFFFFFFFFFFFFFFFFF09
:10C74000FFFFFFFFFFFFFFFFFFFFFFFFFFFFFFFFF9
:10C75000FFFFFFFFFFFFFFFFFFFFFFFFFFFFFFFFE9
:10C76000FFFFFFFFFFFFFFFFFFFFFFFFFFFFFFFFD9
:10C77000FFFFFFFFFFFFFFFFFFFFFFFFFFFFFFFFC9
:10C78000FFFFFFFFFFFFFFFFFFFFFFFFFFFFFFFFB9
:10C79000FFFFFFFFFFFFFFFFFFFFFFFFFFFFFFFFA9
:10C7A000FFFFFFFFFFFFFFFFFFFFFFFFFFFFFFFF99
:10C7B000FFFFFFFFFFFFFFFFFFFFFFFFFFFFFFFF89
:10C7C000FFFFFFFFFFFFFFFFFFFFFFFFFFFFFFFF79
:10C7D000FFFFFFFFFFFFFFFFFFFFFFFFFFFFFFFF69
:10C7E000FFFFFFFFFFFFFFFFFFFFFFFFFFFFFFFF59
:10C7F000FFFFFFFFFFFFFFFFFFFFFFFFFFFFFFFF49
:10C80000FFFFFFFFFFFFFFFFFFFFFFFFFFFFFFFF38
:10C81000FFFFFFFFFFFFFFFFFFFFFFFFFFFFFFFF28
:10C82000FFFFFFFFFFFFFFFFFFFFFFFFFFFFFFFF18
:10C83000FFFFFFFFFFFFFFFFFFFFFFFFFFFFFFFF08
:10C84000FFFFFFFFFFFFFFFFFFFFFFFFFFFFFFFFF8
:10C85000FFFFFFFFFFFFFFFFFFFFFFFFFFFFFFFFE8
:10C86000FFFFFFFFFFFFFFFFFFFFFFFFFFFFFFFFD8
:10C87000FFFFFFFFFFFFFFFFFFFFFFFFFFFFFFFFC8
:10C88000FFFFFFFFFFFFFFFFFFFFFFFFFFFFFFFFB8
:10C89000FFFFFFFFFFFFFFFFFFFFFFFFFFFFFFFFA8
:10C8A000FFFFFFFFFFFFFFFFFFFFFFFFFFFFFFFF98
:10C8B000FFFFFFFFFFFFFFFFFFFFFFFFFFFFFFFF88
:10C8C000FFFFFFFFFFFFFFFFFFFFFFFFFFFFFFFF78
:10C8D000FFFFFFFFFFFFFFFFFFFFFFFFFFFFFFFF68
:10C8E000FFFFFFFFFFFFFFFFFFFFFFFFFFFFFFFF58
:10C8F000FFFFFFFFFFFFFFFFFFFFFFFFFFFFFFFF48
:10C90000FFFFFFFFFFFFFFFFFFFFFFFFFFFFFFFF37
:10C91000FFFFFFFFFFFFFFFFFFFFFFFFFFFFFFFF27
:10C92000FFFFFFFFFFFFFFFFFFFFFFFFFFFFFFFF17
:10C93000FFFFFFFFFFFFFFFFFFFFFFFFFFFFFFFF07
:10C94000FFFFFFFFFFFFFFFFFFFFFFFFFFFFFFFFF7
:10C95000FFFFFFFFFFFFFFFFFFFFFFFFFFFFFFFFE7
:10C96000FFFFFFFFFFFFFFFFFFFFFFFFFFFFFFFFD7
:10C97000FFFFFFFFFFFFFFFFFFFFFFFFFFFFFFFFC7
:10C98000FFFFFFFFFFFFFFFFFFFFFFFFFFFFFFFFB7
:10C99000FFFFFFFFFFFFFFFFFFFFFFFFFFFFFFFFA7
:10C9A000FFFFFFFFFFFFFFFFFFFFFFFFFFFFFFFF97
:10C9B000FFFFFFFFFFFFFFFFFFFFFFFFFFFFFFFF87
:10C9C000FFFFFFFFFFFFFFFFFFFFFFFFFFFFFFFF77
:10C9D000FFFFFFFFFFFFFFFFFFFFFFFFFFFFFFFF67
:10C9E000FFFFFFFFFFFFFFFFFFFFFFFFFFFFFFFF57
:10C9F000FFFFFFFFFFFFFFFFFFFFFFFFFFFFFFFF47
:10CA0000FFFFFFFFFFFFFFFFFFFFFFFFFFFFFFFF36
:10CA1000FFFFFFFFFFFFFFFFFFFFFFFFFFFFFFFF26
:10CA2000FFFFFFFFFFFFFFFFFFFFFFFFFFFFFFFF16
:10CA3000FFFFFFFFFFFFFFFFFFFFFFFFFFFFFFFF06
:10CA4000FFFFFFFFFFFFFFFFFFFFFFFFFFFFFFFFF6
:10CA5000FFFFFFFFFFFFFFFFFFFFFFFFFFFFFFFFE6
:10CA6000FFFFFFFFFFFFFFFFFFFFFFFFFFFFFFFFD6
:10CA7000FFFFFFFFFFFFFFFFFFFFFFFFFFFFFFFFC6
:10CA8000FFFFFFFFFFFFFFFFFFFFFFFFFFFFFFFFB6
:10CA9000FFFFFFFFFFFFFFFFFFFFFFFFFFFFFFFFA6
:10CAA000FFFFFFFFFFFFFFFFFFFFFFFFFFFFFFFF96
:10CAB000FFFFFFFFFFFFFFFFFFFFFFFFFFFFFFFF86
:10CAC000FFFFFFFFFFFFFFFFFFFFFFFFFFFFFFFF76
:10CAD000FFFFFFFFFFFFFFFFFFFFFFFFFFFFFFFF66
:10CAE000FFFFFFFFFFFFFFFFFFFFFFFFFFFFFFFF56
:10CAF000FFFFFFFFFFFFFFFFFFFFFFFFFFFFFFFF46
:10CB0000FFFFFFFFFFFFFFFFFFFFFFFFFFFFFFFF35
:10CB1000FFFFFFFFFFFFFFFFFFFFFFFFFFFFFFFF25
:10CB2000FFFFFFFFFFFFFFFFFFFFFFFFFFFFFFFF15
:10CB3000FFFFFFFFFFFFFFFFFFFFFFFFFFFFFFFF05
:10CB4000FFFFFFFFFFFFFFFFFFFFFFFFFFFFFFFFF5
:10CB5000FFFFFFFFFFFFFFFFFFFFFFFFFFFFFFFFE5
:10CB6000FFFFFFFFFFFFFFFFFFFFFFFFFFFFFFFFD5
:10CB7000FFFFFFFFFFFFFFFFFFFFFFFFFFFFFFFFC5
:10CB8000FFFFFFFFFFFFFFFFFFFFFFFFFFFFFFFFB5
:10CB9000FFFFFFFFFFFFFFFFFFFFFFFFFFFFFFFFA5
:10CBA000FFFFFFFFFFFFFFFFFFFFFFFFFFFFFFFF95
:10CBB000FFFFFFFFFFFFFFFFFFFFFFFFFFFFFFFF85
:10CBC000FFFFFFFFFFFFFFFFFFFFFFFFFFFFFFFF75
:10CBD000FFFFFFFFFFFFFFFFFFFFFFFFFFFFFFFF65
:10CBE000FFFFFFFFFFFFFFFFFFFFFFFFFFFFFFFF55
:10CBF000FFFFFFFFFFFFFFFFFFFFFFFFFFFFFFFF45
:10CC0000FFFFFFFFFFFFFFFFFFFFFFFFFFFFFFFF34
:10CC1000FFFFFFFFFFFFFFFFFFFFFFFFFFFFFFFF24
:10CC2000FFFFFFFFFFFFFFFFFFFFFFFFFFFFFFFF14
:10CC3000FFFFFFFFFFFFFFFFFFFFFFFFFFFFFFFF04
:10CC4000FFFFFFFFFFFFFFFFFFFFFFFFFFFFFFFFF4
:10CC5000FFFFFFFFFFFFFFFFFFFFFFFFFFFFFFFFE4
:10CC6000FFFFFFFFFFFFFFFFFFFFFFFFFFFFFFFFD4
:10CC7000FFFFFFFFFFFFFFFFFFFFFFFFFFFFFFFFC4
:10CC8000FFFFFFFFFFFFFFFFFFFFFFFFFFFFFFFFB4
:10CC9000FFFFFFFFFFFFFFFFFFFFFFFFFFFFFFFFA4
:10CCA000FFFFFFFFFFFFFFFFFFFFFFFFFFFFFFFF94
:10CCB000FFFFFFFFFFFFFFFFFFFFFFFFFFFFFFFF84
:10CCC000FFFFFFFFFFFFFFFFFFFFFFFFFFFFFFFF74
:10CCD000FFFFFFFFFFFFFFFFFFFFFFFFFFFFFFFF64
:10CCE000FFFFFFFFFFFFFFFFFFFFFFFFFFFFFFFF54
:10CCF000FFFFFFFFFFFFFFFFFFFFFFFFFFFFFFFF44
:10CD0000FFFFFFFFFFFFFFFFFFFFFFFFFFFFFFFF33
:10CD1000FFFFFFFFFFFFFFFFFFFFFFFFFFFFFFFF23
:10CD2000FFFFFFFFFFFFFFFFFFFFFFFFFFFFFFFF13
:10CD3000FFFFFFFFFFFFFFFFFFFFFFFFFFFFFFFF03
:10CD4000FFFFFFFFFFFFFFFFFFFFFFFFFFFFFFFFF3
:10CD5000FFFFFFFFFFFFFFFFFFFFFFFFFFFFFFFFE3
:10CD6000FFFFFFFFFFFFFFFFFFFFFFFFFFFFFFFFD3
:10CD7000FFFFFFFFFFFFFFFFFFFFFFFFFFFFFFFFC3
:10CD8000FFFFFFFFFFFFFFFFFFFFFFFFFFFFFFFFB3
:10CD9000FFFFFFFFFFFFFFFFFFFFFFFFFFFFFFFFA3
:10CDA000FFFFFFFFFFFFFFFFFFFFFFFFFFFFFFFF93
:10CDB000FFFFFFFFFFFFFFFFFFFFFFFFFFFFFFFF83
:10CDC000FFFFFFFFFFFFFFFFFFFFFFFFFFFFFFFF73
:10CDD000FFFFFFFFFFFFFFFFFFFFFFFFFFFFFFFF63
:10CDE000FFFFFFFFFFFFFFFFFFFFFFFFFFFFFFFF53
:10CDF000FFFFFFFFFFFFFFFFFFFFFFFFFFFFFFFF43
:10CE0000FFFFFFFFFFFFFFFFFFFFFFFFFFFFFFFF32
:10CE1000FFFFFFFFFFFFFFFFFFFFFFFFFFFFFFFF22
:10CE2000FFFFFFFFFFFFFFFFFFFFFFFFFFFFFFFF12
:10CE3000FFFFFFFFFFFFFFFFFFFFFFFFFFFFFFFF02
:10CE4000FFFFFFFFFFFFFFFFFFFFFFFFFFFFFFFFF2
:10CE5000FFFFFFFFFFFFFFFFFFFFFFFFFFFFFFFFE2
:10CE6000FFFFFFFFFFFFFFFFFFFFFFFFFFFFFFFFD2
:10CE7000FFFFFFFFFFFFFFFFFFFFFFFFFFFFFFFFC2
:10CE8000FFFFFFFFFFFFFFFFFFFFFFFFFFFFFFFFB2
:10CE9000FFFFFFFFFFFFFFFFFFFFFFFFFFFFFFFFA2
:10CEA000FFFFFFFFFFFFFFFFFFFFFFFFFFFFFFFF92
:10CEB000FFFFFFFFFFFFFFFFFFFFFFFFFFFFFFFF82
:10CEC000FFFFFFFFFFFFFFFFFFFFFFFFFFFFFFFF72
:10CED000FFFFFFFFFFFFFFFFFFFFFFFFFFFFFFFF62
:10CEE000FFFFFFFFFFFFFFFFFFFFFFFFFFFFFFFF52
:10CEF000FFFFFFFFFFFFFFFFFFFFFFFFFFFFFFFF42
:10CF0000FFFFFFFFFFFFFFFFFFFFFFFFFFFFFFFF31
:10CF1000FFFFFFFFFFFFFFFFFFFFFFFFFFFFFFFF21
:10CF2000FFFFFFFFFFFFFFFFFFFFFFFFFFFFFFFF11
:10CF3000FFFFFFFFFFFFFFFFFFFFFFFFFFFFFFFF01
:10CF4000FFFFFFFFFFFFFFFFFFFFFFFFFFFFFFFFF1
:10CF5000FFFFFFFFFFFFFFFFFFFFFFFFFFFFFFFFE1
:10CF6000FFFFFFFFFFFFFFFFFFFFFFFFFFFFFFFFD1
:10CF7000FFFFFFFFFFFFFFFFFFFFFFFFFFFFFFFFC1
:10CF8000FFFFFFFFFFFFFFFFFFFFFFFFFFFFFFFFB1
:10CF9000FFFFFFFFFFFFFFFFFFFFFFFFFFFFFFFFA1
:10CFA000FFFFFFFFFFFFFFFFFFFFFFFFFFFFFFFF91
:10CFB000FFFFFFFFFFFFFFFFFFFFFFFFFFFFFFFF81
:10CFC000FFFFFFFFFFFFFFFFFFFFFFFFFFFFFFFF71
:10CFD000FFFFFFFFFFFFFFFFFFFFFFFFFFFFFFFF61
:10CFE000FFFFFFFFFFFFFFFFFFFFFFFFFFFFFFFF51
:10CFF000FFFFFFFFFFFFFFFFFFFFFFFFFFFFFFFF41
:10D00000FFFFFFFFFFFFFFFFFFFFFFFFFFFFFFFF30
:10D01000FFFFFFFFFFFFFFFFFFFFFFFFFFFFFFFF20
:10D02000FFFFFFFFFFFFFFFFFFFFFFFFFFFFFFFF10
:10D03000FFFFFFFFFFFFFFFFFFFFFFFFFFFFFFFF00
:10D04000FFFFFFFFFFFFFFFFFFFFFFFFFFFFFFFFF0
:10D05000FFFFFFFFFFFFFFFFFFFFFFFFFFFFFFFFE0
:10D06000FFFFFFFFFFFFFFFFFFFFFFFFFFFFFFFFD0
:10D07000FFFFFFFFFFFFFFFFFFFFFFFFFFFFFFFFC0
:10D08000FFFFFFFFFFFFFFFFFFFFFFFFFFFFFFFFB0
:10D09000FFFFFFFFFFFFFFFFFFFFFFFFFFFFFFFFA0
:10D0A000FFFFFFFFFFFFFFFFFFFFFFFFFFFFFFFF90
:10D0B000FFFFFFFFFFFFFFFFFFFFFFFFFFFFFFFF80
:10D0C000FFFFFFFFFFFFFFFFFFFFFFFFFFFFFFFF70
:10D0D000FFFFFFFFFFFFFFFFFFFFFFFFFFFFFFFF60
:10D0E000FFFFFFFFFFFFFFFFFFFFFFFFFFFFFFFF50
:10D0F000FFFFFFFFFFFFFFFFFFFFFFFFFFFFFFFF40
:10D10000FFFFFFFFFFFFFFFFFFFFFFFFFFFFFFFF2F
:10D11000FFFFFFFFFFFFFFFFFFFFFFFFFFFFFFFF1F
:10D12000FFFFFFFFFFFFFFFFFFFFFFFFFFFFFFFF0F
:10D13000FFFFFFFFFFFFFFFFFFFFFFFFFFFFFFFFFF
:10D14000FFFFFFFFFFFFFFFFFFFFFFFFFFFFFFFFEF
:10D15000FFFFFFFFFFFFFFFFFFFFFFFFFFFFFFFFDF
:10D16000FFFFFFFFFFFFFFFFFFFFFFFFFFFFFFFFCF
:10D17000FFFFFFFFFFFFFFFFFFFFFFFFFFFFFFFFBF
:10D18000FFFFFFFFFFFFFFFFFFFFFFFFFFFFFFFFAF
:10D19000FFFFFFFFFFFFFFFFFFFFFFFFFFFFFFFF9F
:10D1A000FFFFFFFFFFFFFFFFFFFFFFFFFFFFFFFF8F
:10D1B000FFFFFFFFFFFFFFFFFFFFFFFFFFFFFFFF7F
:10D1C000FFFFFFFFFFFFFFFFFFFFFFFFFFFFFFFF6F
:10D1D000FFFFFFFFFFFFFFFFFFFFFFFFFFFFFFFF5F
:10D1E000FFFFFFFFFFFFFFFFFFFFFFFFFFFFFFFF4F
:10D1F000FFFFFFFFFFFFFFFFFFFFFFFFFFFFFFFF3F
:10D20000FFFFFFFFFFFFFFFFFFFFFFFFFFFFFFFF2E
:10D21000FFFFFFFFFFFFFFFFFFFFFFFFFFFFFFFF1E
:10D22000FFFFFFFFFFFFFFFFFFFFFFFFFFFFFFFF0E
:10D23000FFFFFFFFFFFFFFFFFFFFFFFFFFFFFFFFFE
:10D24000FFFFFFFFFFFFFFFFFFFFFFFFFFFFFFFFEE
:10D25000FFFFFFFFFFFFFFFFFFFFFFFFFFFFFFFFDE
:10D26000FFFFFFFFFFFFFFFFFFFFFFFFFFFFFFFFCE
:10D27000FFFFFFFFFFFFFFFFFFFFFFFFFFFFFFFFBE
:10D28000FFFFFFFFFFFFFFFFFFFFFFFFFFFFFFFFAE
:10D29000FFFFFFFFFFFFFFFFFFFFFFFFFFFFFFFF9E
:10D2A000FFFFFFFFFFFFFFFFFFFFFFFFFFFFFFFF8E
:10D2B000FFFFFFFFFFFFFFFFFFFFFFFFFFFFFFFF7E
:10D2C000FFFFFFFFFFFFFFFFFFFFFFFFFFFFFFFF6E
:10D2D000FFFFFFFFFFFFFFFFFFFFFFFFFFFFFFFF5E
:10D2E000FFFFFFFFFFFFFFFFFFFFFFFFFFFFFFFF4E
:10D2F000FFFFFFFFFFFFFFFFFFFFFFFFFFFFFFFF3E
:10D30000FFFFFFFFFFFFFFFFFFFFFFFFFFFFFFFF2D
:10D31000FFFFFFFFFFFFFFFFFFFFFFFFFFFFFFFF1D
:10D32000FFFFFFFFFFFFFFFFFFFFFFFFFFFFFFFF0D
:10D33000FFFFFFFFFFFFFFFFFFFFFFFFFFFFFFFFFD
:10D34000FFFFFFFFFFFFFFFFFFFFFFFFFFFFFFFFED
:10D35000FFFFFFFFFFFFFFFFFFFFFFFFFFFFFFFFDD
:10D36000FFFFFFFFFFFFFFFFFFFFFFFFFFFFFFFFCD
:10D37000FFFFFFFFFFFFFFFFFFFFFFFFFFFFFFFFBD
:10D38000FFFFFFFFFFFFFFFFFFFFFFFFFFFFFFFFAD
:10D39000FFFFFFFFFFFFFFFFFFFFFFFFFFFFFFFF9D
:10D3A000FFFFFFFFFFFFFFFFFFFFFFFFFFFFFFFF8D
:10D3B000FFFFFFFFFFFFFFFFFFFFFFFFFFFFFFFF7D
:10D3C000FFFFFFFFFFFFFFFFFFFFFFFFFFFFFFFF6D
:10D3D000FFFFFFFFFFFFFFFFFFFFFFFFFFFFFFFF5D
:10D3E000FFFFFFFFFFFFFFFFFFFFFFFFFFFFFFFF4D
:10D3F000FFFFFFFFFFFFFFFFFFFFFFFFFFFFFFFF3D
:10D40000FFFFFFFFFFFFFFFFFFFFFFFFFFFFFFFF2C
:10D41000FFFFFFFFFFFFFFFFFFFFFFFFFFFFFFFF1C
:10D42000FFFFFFFFFFFFFFFFFFFFFFFFFFFFFFFF0C
:10D43000FFFFFFFFFFFFFFFFFFFFFFFFFFFFFFFFFC
:10D44000FFFFFFFFFFFFFFFFFFFFFFFFFFFFFFFFEC
:10D45000FFFFFFFFFFFFFFFFFFFFFFFFFFFFFFFFDC
:10D46000FFFFFFFFFFFFFFFFFFFFFFFFFFFFFFFFCC
:10D47000FFFFFFFFFFFFFFFFFFFFFFFFFFFFFFFFBC
:10D48000FFFFFFFFFFFFFFFFFFFFFFFFFFFFFFFFAC
:10D49000FFFFFFFFFFFFFFFFFFFFFFFFFFFFFFFF9C
:10D4A000FFFFFFFFFFFFFFFFFFFFFFFFFFFFFFFF8C
:10D4B000FFFFFFFFFFFFFFFFFFFFFFFFFFFFFFFF7C
:10D4C000FFFFFFFFFFFFFFFFFFFFFFFFFFFFFFFF6C
:10D4D000FFFFFFFFFFFFFFFFFFFFFFFFFFFFFFFF5C
:10D4E000FFFFFFFFFFFFFFFFFFFFFFFFFFFFFFFF4C
:10D4F000FFFFFFFFFFFFFFFFFFFFFFFFFFFFFFFF3C
:10D50000FFFFFFFFFFFFFFFFFFFFFFFFFFFFFFFF2B
:10D51000FFFFFFFFFFFFFFFFFFFFFFFFFFFFFFFF1B
:10D52000FFFFFFFFFFFFFFFFFFFFFFFFFFFFFFFF0B
:10D53000FFFFFFFFFFFFFFFFFFFFFFFFFFFFFFFFFB
:10D54000FFFFFFFFFFFFFFFFFFFFFFFFFFFFFFFFEB
:10D55000FFFFFFFFFFFFFFFFFFFFFFFFFFFFFFFFDB
:10D56000FFFFFFFFFFFFFFFFFFFFFFFFFFFFFFFFCB
:10D57000FFFFFFFFFFFFFFFFFFFFFFFFFFFFFFFFBB
:10D58000FFFFFFFFFFFFFFFFFFFFFFFFFFFFFFFFAB
:10D59000FFFFFFFFFFFFFFFFFFFFFFFFFFFFFFFF9B
:10D5A000FFFFFFFFFFFFFFFFFFFFFFFFFFFFFFFF8B
:10D5B000FFFFFFFFFFFFFFFFFFFFFFFFFFFFFFFF7B
:10D5C000FFFFFFFFFFFFFFFFFFFFFFFFFFFFFFFF6B
:10D5D000FFFFFFFFFFFFFFFFFFFFFFFFFFFFFFFF5B
:10D5E000FFFFFFFFFFFFFFFFFFFFFFFFFFFFFFFF4B
:10D5F000FFFFFFFFFFFFFFFFFFFFFFFFFFFFFFFF3B
:10D60000FFFFFFFFFFFFFFFFFFFFFFFFFFFFFFFF2A
:10D61000FFFFFFFFFFFFFFFFFFFFFFFFFFFFFFFF1A
:10D62000FFFFFFFFFFFFFFFFFFFFFFFFFFFFFFFF0A
:10D63000FFFFFFFFFFFFFFFFFFFFFFFFFFFFFFFFFA
:10D64000FFFFFFFFFFFFFFFFFFFFFFFFFFFFFFFFEA
:10D65000FFFFFFFFFFFFFFFFFFFFFFFFFFFFFFFFDA
:10D66000FFFFFFFFFFFFFFFFFFFFFFFFFFFFFFFFCA
:10D67000FFFFFFFFFFFFFFFFFFFFFFFFFFFFFFFFBA
:10D68000FFFFFFFFFFFFFFFFFFFFFFFFFFFFFFFFAA
:10D69000FFFFFFFFFFFFFFFFFFFFFFFFFFFFFFFF9A
:10D6A000FFFFFFFFFFFFFFFFFFFFFFFFFFFFFFFF8A
:10D6B000FFFFFFFFFFFFFFFFFFFFFFFFFFFFFFFF7A
:10D6C000FFFFFFFFFFFFFFFFFFFFFFFFFFFFFFFF6A
:10D6D000FFFFFFFFFFFFFFFFFFFFFFFFFFFFFFFF5A
:10D6E000FFFFFFFFFFFFFFFFFFFFFFFFFFFFFFFF4A
:10D6F000FFFFFFFFFFFFFFFFFFFFFFFFFFFFFFFF3A
:10D70000FFFFFFFFFFFFFFFFFFFFFFFFFFFFFFFF29
:10D71000FFFFFFFFFFFFFFFFFFFFFFFFFFFFFFFF19
:10D72000FFFFFFFFFFFFFFFFFFFFFFFFFFFFFFFF09
:10D73000FFFFFFFFFFFFFFFFFFFFFFFFFFFFFFFFF9
:10D74000FFFFFFFFFFFFFFFFFFFFFFFFFFFFFFFFE9
:10D75000FFFFFFFFFFFFFFFFFFFFFFFFFFFFFFFFD9
:10D76000FFFFFFFFFFFFFFFFFFFFFFFFFFFFFFFFC9
:10D77000FFFFFFFFFFFFFFFFFFFFFFFFFFFFFFFFB9
:10D78000FFFFFFFFFFFFFFFFFFFFFFFFFFFFFFFFA9
:10D79000FFFFFFFFFFFFFFFFFFFFFFFFFFFFFFFF99
:10D7A000FFFFFFFFFFFFFFFFFFFFFFFFFFFFFFFF89
:10D7B000FFFFFFFFFFFFFFFFFFFFFFFFFFFFFFFF79
:10D7C000FFFFFFFFFFFFFFFFFFFFFFFFFFFFFFFF69
:10D7D000FFFFFFFFFFFFFFFFFFFFFFFFFFFFFFFF59
:10D7E000FFFFFFFFFFFFFFFFFFFFFFFFFFFFFFFF49
:10D7F000FFFFFFFFFFFFFFFFFFFFFFFFFFFFFFFF39
:10D80000FFFFFFFFFFFFFFFFFFFFFFFFFFFFFFFF28
:10D81000FFFFFFFFFFFFFFFFFFFFFFFFFFFFFFFF18
:10D82000FFFFFFFFFFFFFFFFFFFFFFFFFFFFFFFF08
:10D83000FFFFFFFFFFFFFFFFFFFFFFFFFFFFFFFFF8
:10D84000FFFFFFFFFFFFFFFFFFFFFFFFFFFFFFFFE8
:10D85000FFFFFFFFFFFFFFFFFFFFFFFFFFFFFFFFD8
:10D86000FFFFFFFFFFFFFFFFFFFFFFFFFFFFFFFFC8
:10D87000FFFFFFFFFFFFFFFFFFFFFFFFFFFFFFFFB8
:10D88000FFFFFFFFFFFFFFFFFFFFFFFFFFFFFFFFA8
:10D89000FFFFFFFFFFFFFFFFFFFFFFFFFFFFFFFF98
:10D8A000FFFFFFFFFFFFFFFFFFFFFFFFFFFFFFFF88
:10D8B000FFFFFFFFFFFFFFFFFFFFFFFFFFFFFFFF78
:10D8C000FFFFFFFFFFFFFFFFFFFFFFFFFFFFFFFF68
:10D8D000FFFFFFFFFFFFFFFFFFFFFFFFFFFFFFFF58
:10D8E000FFFFFFFFFFFFFFFFFFFFFFFFFFFFFFFF48
:10D8F000FFFFFFFFFFFFFFFFFFFFFFFFFFFFFFFF38
:10D90000FFFFFFFFFFFFFFFFFFFFFFFFFFFFFFFF27
:10D91000FFFFFFFFFFFFFFFFFFFFFFFFFFFFFFFF17
:10D92000FFFFFFFFFFFFFFFFFFFFFFFFFFFFFFFF07
:10D93000FFFFFFFFFFFFFFFFFFFFFFFFFFFFFFFFF7
:10D94000FFFFFFFFFFFFFFFFFFFFFFFFFFFFFFFFE7
:10D95000FFFFFFFFFFFFFFFFFFFFFFFFFFFFFFFFD7
:10D96000FFFFFFFFFFFFFFFFFFFFFFFFFFFFFFFFC7
:10D97000FFFFFFFFFFFFFFFFFFFFFFFFFFFFFFFFB7
:10D98000FFFFFFFFFFFFFFFFFFFFFFFFFFFFFFFFA7
:10D99000FFFFFFFFFFFFFFFFFFFFFFFFFFFFFFFF97
:10D9A000FFFFFFFFFFFFFFFFFFFFFFFFFFFFFFFF87
:10D9B000FFFFFFFFFFFFFFFFFFFFFFFFFFFFFFFF77
:10D9C000FFFFFFFFFFFFFFFFFFFFFFFFFFFFFFFF67
:10D9D000FFFFFFFFFFFFFFFFFFFFFFFFFFFFFFFF57
:10D9E000FFFFFFFFFFFFFFFFFFFFFFFFFFFFFFFF47
:10D9F000FFFFFFFFFFFFFFFFFFFFFFFFFFFFFFFF37
:10DA0000FFFFFFFFFFFFFFFFFFFFFFFFFFFFFFFF26
:10DA1000FFFFFFFFFFFFFFFFFFFFFFFFFFFFFFFF16
:10DA2000FFFFFFFFFFFFFFFFFFFFFFFFFFFFFFFF06
:10DA3000FFFFFFFFFFFFFFFFFFFFFFFFFFFFFFFFF6
:10DA4000FFFFFFFFFFFFFFFFFFFFFFFFFFFFFFFFE6
:10DA5000FFFFFFFFFFFFFFFFFFFFFFFFFFFFFFFFD6
:10DA6000FFFFFFFFFFFFFFFFFFFFFFFFFFFFFFFFC6
:10DA7000FFFFFFFFFFFFFFFFFFFFFFFFFFFFFFFFB6
:10DA8000FFFFFFFFFFFFFFFFFFFFFFFFFFFFFFFFA6
:10DA9000FFFFFFFFFFFFFFFFFFFFFFFFFFFFFFFF96
:10DAA000FFFFFFFFFFFFFFFFFFFFFFFFFFFFFFFF86
:10DAB000FFFFFFFFFFFFFFFFFFFFFFFFFFFFFFFF76
:10DAC000FFFFFFFFFFFFFFFFFFFFFFFFFFFFFFFF66
:10DAD000FFFFFFFFFFFFFFFFFFFFFFFFFFFFFFFF56
:10DAE000FFFFFFFFFFFFFFFFFFFFFFFFFFFFFFFF46
:10DAF000FFFFFFFFFFFFFFFFFFFFFFFFFFFFFFFF36
:10DB0000FFFFFFFFFFFFFFFFFFFFFFFFFFFFFFFF25
:10DB1000FFFFFFFFFFFFFFFFFFFFFFFFFFFFFFFF15
:10DB2000FFFFFFFFFFFFFFFFFFFFFFFFFFFFFFFF05
:10DB3000FFFFFFFFFFFFFFFFFFFFFFFFFFFFFFFFF5
:10DB4000FFFFFFFFFFFFFFFFFFFFFFFFFFFFFFFFE5
:10DB5000FFFFFFFFFFFFFFFFFFFFFFFFFFFFFFFFD5
:10DB6000FFFFFFFFFFFFFFFFFFFFFFFFFFFFFFFFC5
:10DB7000FFFFFFFFFFFFFFFFFFFFFFFFFFFFFFFFB5
:10DB8000FFFFFFFFFFFFFFFFFFFFFFFFFFFFFFFFA5
:10DB9000FFFFFFFFFFFFFFFFFFFFFFFFFFFFFFFF95
:10DBA000FFFFFFFFFFFFFFFFFFFFFFFFFFFFFFFF85
:10DBB000FFFFFFFFFFFFFFFFFFFFFFFFFFFFFFFF75
:10DBC000FFFFFFFFFFFFFFFFFFFFFFFFFFFFFFFF65
:10DBD000FFFFFFFFFFFFFFFFFFFFFFFFFFFFFFFF55
:10DBE000FFFFFFFFFFFFFFFFFFFFFFFFFFFFFFFF45
:10DBF000FFFFFFFFFFFFFFFFFFFFFFFFFFFFFFFF35
:10DC0000FFFFFFFFFFFFFFFFFFFFFFFFFFFFFFFF24
:10DC1000FFFFFFFFFFFFFFFFFFFFFFFFFFFFFFFF14
:10DC2000FFFFFFFFFFFFFFFFFFFFFFFFFFFFFFFF04
:10DC3000FFFFFFFFFFFFFFFFFFFFFFFFFFFFFFFFF4
:10DC4000FFFFFFFFFFFFFFFFFFFFFFFFFFFFFFFFE4
:10DC5000FFFFFFFFFFFFFFFFFFFFFFFFFFFFFFFFD4
:10DC6000FFFFFFFFFFFFFFFFFFFFFFFFFFFFFFFFC4
:10DC7000FFFFFFFFFFFFFFFFFFFFFFFFFFFFFFFFB4
:10DC8000FFFFFFFFFFFFFFFFFFFFFFFFFFFFFFFFA4
:10DC9000FFFFFFFFFFFFFFFFFFFFFFFFFFFFFFFF94
:10DCA000FFFFFFFFFFFFFFFFFFFFFFFFFFFFFFFF84
:10DCB000FFFFFFFFFFFFFFFFFFFFFFFFFFFFFFFF74
:10DCC000FFFFFFFFFFFFFFFFFFFFFFFFFFFFFFFF64
:10DCD000FFFFFFFFFFFFFFFFFFFFFFFFFFFFFFFF54
:10DCE000FFFFFFFFFFFFFFFFFFFFFFFFFFFFFFFF44
:10DCF000FFFFFFFFFFFFFFFFFFFFFFFFFFFFFFFF34
:10DD0000FFFFFFFFFFFFFFFFFFFFFFFFFFFFFFFF23
:10DD1000FFFFFFFFFFFFFFFFFFFFFFFFFFFFFFFF13
:10DD2000FFFFFFFFFFFFFFFFFFFFFFFFFFFFFFFF03
:10DD3000FFFFFFFFFFFFFFFFFFFFFFFFFFFFFFFFF3
:10DD4000FFFFFFFFFFFFFFFFFFFFFFFFFFFFFFFFE3
:10DD5000FFFFFFFFFFFFFFFFFFFFFFFFFFFFFFFFD3
:10DD6000FFFFFFFFFFFFFFFFFFFFFFFFFFFFFFFFC3
:10DD7000FFFFFFFFFFFFFFFFFFFFFFFFFFFFFFFFB3
:10DD8000FFFFFFFFFFFFFFFFFFFFFFFFFFFFFFFFA3
:10DD9000FFFFFFFFFFFFFFFFFFFFFFFFFFFFFFFF93
:10DDA000FFFFFFFFFFFFFFFFFFFFFFFFFFFFFFFF83
:10DDB000FFFFFFFFFFFFFFFFFFFFFFFFFFFFFFFF73
:10DDC000FFFFFFFFFFFFFFFFFFFFFFFFFFFFFFFF63
:10DDD000FFFFFFFFFFFFFFFFFFFFFFFFFFFFFFFF53
:10DDE000FFFFFFFFFFFFFFFFFFFFFFFFFFFFFFFF43
:10DDF000FFFFFFFFFFFFFFFFFFFFFFFFFFFFFFFF33
:10DE0000FFFFFFFFFFFFFFFFFFFFFFFFFFFFFFFF22
:10DE1000FFFFFFFFFFFFFFFFFFFFFFFFFFFFFFFF12
:10DE2000FFFFFFFFFFFFFFFFFFFFFFFFFFFFFFFF02
:10DE3000FFFFFFFFFFFFFFFFFFFFFFFFFFFFFFFFF2
:10DE4000FFFFFFFFFFFFFFFFFFFFFFFFFFFFFFFFE2
:10DE5000FFFFFFFFFFFFFFFFFFFFFFFFFFFFFFFFD2
:10DE6000FFFFFFFFFFFFFFFFFFFFFFFFFFFFFFFFC2
:10DE7000FFFFFFFFFFFFFFFFFFFFFFFFFFFFFFFFB2
:10DE8000FFFFFFFFFFFFFFFFFFFFFFFFFFFFFFFFA2
:10DE9000FFFFFFFFFFFFFFFFFFFFFFFFFFFFFFFF92
:10DEA000FFFFFFFFFFFFFFFFFFFFFFFFFFFFFFFF82
:10DEB000FFFFFFFFFFFFFFFFFFFFFFFFFFFFFFFF72
:10DEC000FFFFFFFFFFFFFFFFFFFFFFFFFFFFFFFF62
:10DED000FFFFFFFFFFFFFFFFFFFFFFFFFFFFFFFF52
:10DEE000FFFFFFFFFFFFFFFFFFFFFFFFFFFFFFFF42
:10DEF000FFFFFFFFFFFFFFFFFFFFFFFFFFFFFFFF32
:10DF0000FFFFFFFFFFFFFFFFFFFFFFFFFFFFFFFF21
:10DF1000FFFFFFFFFFFFFFFFFFFFFFFFFFFFFFFF11
:10DF2000FFFFFFFFFFFFFFFFFFFFFFFFFFFFFFFF01
:10DF3000FFFFFFFFFFFFFFFFFFFFFFFFFFFFFFFFF1
:10DF4000FFFFFFFFFFFFFFFFFFFFFFFFFFFFFFFFE1
:10DF5000FFFFFFFFFFFFFFFFFFFFFFFFFFFFFFFFD1
:10DF6000FFFFFFFFFFFFFFFFFFFFFFFFFFFFFFFFC1
:10DF7000FFFFFFFFFFFFFFFFFFFFFFFFFFFFFFFFB1
:10DF8000FFFFFFFFFFFFFFFFFFFFFFFFFFFFFFFFA1
:10DF9000FFFFFFFFFFFFFFFFFFFFFFFFFFFFFFFF91
:10DFA000FFFFFFFFFFFFFFFFFFFFFFFFFFFFFFFF81
:10DFB000FFFFFFFFFFFFFFFFFFFFFFFFFFFFFFFF71
:10DFC000FFFFFFFFFFFFFFFFFFFFFFFFFFFFFFFF61
:10DFD000FFFFFFFFFFFFFFFFFFFFFFFFFFFFFFFF51
:10DFE000FFFFFFFFFFFFFFFFFFFFFFFFFFFFFFFF41
:10DFF000FFFFFFFFFFFFFFFFFFFFFFFFFFFFFFFF31
:10E00000FFFFFFFFFFFFFFFFFFFFFFFFFFFFFFFF20
:10E01000FFFFFFFFFFFFFFFFFFFFFFFFFFFFFFFF10
:10E02000FFFFFFFFFFFFFFFFFFFFFFFFFFFFFFFF00
:10E03000FFFFFFFFFFFFFFFFFFFFFFFFFFFFFFFFF0
:10E04000FFFFFFFFFFFFFFFFFFFFFFFFFFFFFFFFE0
:10E05000FFFFFFFFFFFFFFFFFFFFFFFFFFFFFFFFD0
:10E06000FFFFFFFFFFFFFFFFFFFFFFFFFFFFFFFFC0
:10E07000FFFFFFFFFFFFFFFFFFFFFFFFFFFFFFFFB0
:10E08000FFFFFFFFFFFFFFFFFFFFFFFFFFFFFFFFA0
:10E09000FFFFFFFFFFFFFFFFFFFFFFFFFFFFFFFF90
:10E0A000FFFFFFFFFFFFFFFFFFFFFFFFFFFFFFFF80
:10E0B000FFFFFFFFFFFFFFFFFFFFFFFFFFFFFFFF70
:10E0C000FFFFFFFFFFFFFFFFFFFFFFFFFFFFFFFF60
:10E0D000FFFFFFFFFFFFFFFFFFFFFFFFFFFFFFFF50
:10E0E000FFFFFFFFFFFFFFFFFFFFFFFFFFFFFFFF40
:10E0F000FFFFFFFFFFFFFFFFFFFFFFFFFFFFFFFF30
:10E10000FFFFFFFFFFFFFFFFFFFFFFFFFFFFFFFF1F
:10E11000FFFFFFFFFFFFFFFFFFFFFFFFFFFFFFFF0F
:10E12000FFFFFFFFFFFFFFFFFFFFFFFFFFFFFFFFFF
:10E13000FFFFFFFFFFFFFFFFFFFFFFFFFFFFFFFFEF
:10E14000FFFFFFFFFFFFFFFFFFFFFFFFFFFFFFFFDF
:10E15000FFFFFFFFFFFFFFFFFFFFFFFFFFFFFFFFCF
:10E16000FFFFFFFFFFFFFFFFFFFFFFFFFFFFFFFFBF
:10E17000FFFFFFFFFFFFFFFFFFFFFFFFFFFFFFFFAF
:10E18000FFFFFFFFFFFFFFFFFFFFFFFFFFFFFFFF9F
:10E19000FFFFFFFFFFFFFFFFFFFFFFFFFFFFFFFF8F
:10E1A000FFFFFFFFFFFFFFFFFFFFFFFFFFFFFFFF7F
:10E1B000FFFFFFFFFFFFFFFFFFFFFFFFFFFFFFFF6F
:10E1C000FFFFFFFFFFFFFFFFFFFFFFFFFFFFFFFF5F
:10E1D000FFFFFFFFFFFFFFFFFFFFFFFFFFFFFFFF4F
:10E1E000FFFFFFFFFFFFFFFFFFFFFFFFFFFFFFFF3F
:10E1F000FFFFFFFFFFFFFFFFFFFFFFFFFFFFFFFF2F
:10E20000FFFFFFFFFFFFFFFFFFFFFFFFFFFFFFFF1E
:10E21000FFFFFFFFFFFFFFFFFFFFFFFFFFFFFFFF0E
:10E22000FFFFFFFFFFFFFFFFFFFFFFFFFFFFFFFFFE
:10E23000FFFFFFFFFFFFFFFFFFFFFFFFFFFFFFFFEE
:10E24000FFFFFFFFFFFFFFFFFFFFFFFFFFFFFFFFDE
:10E25000FFFFFFFFFFFFFFFFFFFFFFFFFFFFFFFFCE
:10E26000FFFFFFFFFFFFFFFFFFFFFFFFFFFFFFFFBE
:10E27000FFFFFFFFFFFFFFFFFFFFFFFFFFFFFFFFAE
:10E28000FFFFFFFFFFFFFFFFFFFFFFFFFFFFFFFF9E
:10E29000FFFFFFFFFFFFFFFFFFFFFFFFFFFFFFFF8E
:10E2A000FFFFFFFFFFFFFFFFFFFFFFFFFFFFFFFF7E
:10E2B000FFFFFFFFFFFFFFFFFFFFFFFFFFFFFFFF6E
:10E2C000FFFFFFFFFFFFFFFFFFFFFFFFFFFFFFFF5E
:10E2D000FFFFFFFFFFFFFFFFFFFFFFFFFFFFFFFF4E
:10E2E000FFFFFFFFFFFFFFFFFFFFFFFFFFFFFFFF3E
:10E2F000FFFFFFFFFFFFFFFFFFFFFFFFFFFFFFFF2E
:10E30000FFFFFFFFFFFFFFFFFFFFFFFFFFFFFFFF1D
:10E31000FFFFFFFFFFFFFFFFFFFFFFFFFFFFFFFF0D
:10E32000FFFFFFFFFFFFFFFFFFFFFFFFFFFFFFFFFD
:10E33000FFFFFFFFFFFFFFFFFFFFFFFFFFFFFFFFED
:10E34000FFFFFFFFFFFFFFFFFFFFFFFFFFFFFFFFDD
:10E35000FFFFFFFFFFFFFFFFFFFFFFFFFFFFFFFFCD
:10E36000FFFFFFFFFFFFFFFFFFFFFFFFFFFFFFFFBD
:10E37000FFFFFFFFFFFFFFFFFFFFFFFFFFFFFFFFAD
:10E38000FFFFFFFFFFFFFFFFFFFFFFFFFFFFFFFF9D
:10E39000FFFFFFFFFFFFFFFFFFFFFFFFFFFFFFFF8D
:10E3A000FFFFFFFFFFFFFFFFFFFFFFFFFFFFFFFF7D
:10E3B000FFFFFFFFFFFFFFFFFFFFFFFFFFFFFFFF6D
:10E3C000FFFFFFFFFFFFFFFFFFFFFFFFFFFFFFFF5D
:10E3D000FFFFFFFFFFFFFFFFFFFFFFFFFFFFFFFF4D
:10E3E000FFFFFFFFFFFFFFFFFFFFFFFFFFFFFFFF3D
:10E3F000FFFFFFFFFFFFFFFFFFFFFFFFFFFFFFFF2D
:10E40000FFFFFFFFFFFFFFFFFFFFFFFFFFFFFFFF1C
:10E41000FFFFFFFFFFFFFFFFFFFFFFFFFFFFFFFF0C
:10E42000FFFFFFFFFFFFFFFFFFFFFFFFFFFFFFFFFC
:10E43000FFFFFFFFFFFFFFFFFFFFFFFFFFFFFFFFEC
:10E44000FFFFFFFFFFFFFFFFFFFFFFFFFFFFFFFFDC
:10E45000FFFFFFFFFFFFFFFFFFFFFFFFFFFFFFFFCC
:10E46000FFFFFFFFFFFFFFFFFFFFFFFFFFFFFFFFBC
:10E47000FFFFFFFFFFFFFFFFFFFFFFFFFFFFFFFFAC
:10E48000FFFFFFFFFFFFFFFFFFFFFFFFFFFFFFFF9C
:10E49000FFFFFFFFFFFFFFFFFFFFFFFFFFFFFFFF8C
:10E4A000FFFFFFFFFFFFFFFFFFFFFFFFFFFFFFFF7C
:10E4B000FFFFFFFFFFFFFFFFFFFFFFFFFFFFFFFF6C
:10E4C000FFFFFFFFFFFFFFFFFFFFFFFFFFFFFFFF5C
:10E4D000FFFFFFFFFFFFFFFFFFFFFFFFFFFFFFFF4C
:10E4E000FFFFFFFFFFFFFFFFFFFFFFFFFFFFFFFF3C
:10E4F000FFFFFFFFFFFFFFFFFFFFFFFFFFFFFFFF2C
:10E50000FFFFFFFFFFFFFFFFFFFFFFFFFFFFFFFF1B
:10E51000FFFFFFFFFFFFFFFFFFFFFFFFFFFFFFFF0B
:10E52000FFFFFFFFFFFFFFFFFFFFFFFFFFFFFFFFFB
:10E53000FFFFFFFFFFFFFFFFFFFFFFFFFFFFFFFFEB
:10E54000FFFFFFFFFFFFFFFFFFFFFFFFFFFFFFFFDB
:10E55000FFFFFFFFFFFFFFFFFFFFFFFFFFFFFFFFCB
:10E56000FFFFFFFFFFFFFFFFFFFFFFFFFFFFFFFFBB
:10E57000FFFFFFFFFFFFFFFFFFFFFFFFFFFFFFFFAB
:10E58000FFFFFFFFFFFFFFFFFFFFFFFFFFFFFFFF9B
:10E59000FFFFFFFFFFFFFFFFFFFFFFFFFFFFFFFF8B
:10E5A000FFFFFFFFFFFFFFFFFFFFFFFFFFFFFFFF7B
:10E5B000FFFFFFFFFFFFFFFFFFFFFFFFFFFFFFFF6B
:10E5C000FFFFFFFFFFFFFFFFFFFFFFFFFFFFFFFF5B
:10E5D000FFFFFFFFFFFFFFFFFFFFFFFFFFFFFFFF4B
:10E5E000FFFFFFFFFFFFFFFFFFFFFFFFFFFFFFFF3B
:10E5F000FFFFFFFFFFFFFFFFFFFFFFFFFFFFFFFF2B
:10E60000FFFFFFFFFFFFFFFFFFFFFFFFFFFFFFFF1A
:10E61000FFFFFFFFFFFFFFFFFFFFFFFFFFFFFFFF0A
:10E62000FFFFFFFFFFFFFFFFFFFFFFFFFFFFFFFFFA
:10E63000FFFFFFFFFFFFFFFFFFFFFFFFFFFFFFFFEA
:10E64000FFFFFFFFFFFFFFFFFFFFFFFFFFFFFFFFDA
:10E65000FFFFFFFFFFFFFFFFFFFFFFFFFFFFFFFFCA
:10E66000FFFFFFFFFFFFFFFFFFFFFFFFFFFFFFFFBA
:10E67000FFFFFFFFFFFFFFFFFFFFFFFFFFFFFFFFAA
:10E68000FFFFFFFFFFFFFFFFFFFFFFFFFFFFFFFF9A
:10E69000FFFFFFFFFFFFFFFFFFFFFFFFFFFFFFFF8A
:10E6A000FFFFFFFFFFFFFFFFFFFFFFFFFFFFFFFF7A
:10E6B000FFFFFFFFFFFFFFFFFFFFFFFFFFFFFFFF6A
:10E6C000FFFFFFFFFFFFFFFFFFFFFFFFFFFFFFFF5A
:10E6D000FFFFFFFFFFFFFFFFFFFFFFFFFFFFFFFF4A
:10E6E000FFFFFFFFFFFFFFFFFFFFFFFFFFFFFFFF3A
:10E6F000FFFFFFFFFFFFFFFFFFFFFFFFFFFFFFFF2A
:10E70000FFFFFFFFFFFFFFFFFFFFFFFFFFFFFFFF19
:10E71000FFFFFFFFFFFFFFFFFFFFFFFFFFFFFFFF09
:10E72000FFFFFFFFFFFFFFFFFFFFFFFFFFFFFFFFF9
:10E73000FFFFFFFFFFFFFFFFFFFFFFFFFFFFFFFFE9
:10E74000FFFFFFFFFFFFFFFFFFFFFFFFFFFFFFFFD9
:10E75000FFFFFFFFFFFFFFFFFFFFFFFFFFFFFFFFC9
:10E76000FFFFFFFFFFFFFFFFFFFFFFFFFFFFFFFFB9
:10E77000FFFFFFFFFFFFFFFFFFFFFFFFFFFFFFFFA9
:10E78000FFFFFFFFFFFFFFFFFFFFFFFFFFFFFFFF99
:10E79000FFFFFFFFFFFFFFFFFFFFFFFFFFFFFFFF89
:10E7A000FFFFFFFFFFFFFFFFFFFFFFFFFFFFFFFF79
:10E7B000FFFFFFFFFFFFFFFFFFFFFFFFFFFFFFFF69
:10E7C000FFFFFFFFFFFFFFFFFFFFFFFFFFFFFFFF59
:10E7D000FFFFFFFFFFFFFFFFFFFFFFFFFFFFFFFF49
:10E7E000FFFFFFFFFFFFFFFFFFFFFFFFFFFFFFFF39
:10E7F000FFFFFFFFFFFFFFFFFFFFFFFFFFFFFFFF29
:10E80000FFFFFFFFFFFFFFFFFFFFFFFFFFFFFFFF18
:10E81000FFFFFFFFFFFFFFFFFFFFFFFFFFFFFFFF08
:10E82000FFFFFFFFFFFFFFFFFFFFFFFFFFFFFFFFF8
:10E83000FFFFFFFFFFFFFFFFFFFFFFFFFFFFFFFFE8
:10E84000FFFFFFFFFFFFFFFFFFFFFFFFFFFFFFFFD8
:10E85000FFFFFFFFFFFFFFFFFFFFFFFFFFFFFFFFC8
:10E86000FFFFFFFFFFFFFFFFFFFFFFFFFFFFFFFFB8
:10E87000FFFFFFFFFFFFFFFFFFFFFFFFFFFFFFFFA8
:10E88000FFFFFFFFFFFFFFFFFFFFFFFFFFFFFFFF98
:10E89000FFFFFFFFFFFFFFFFFFFFFFFFFFFFFFFF88
:10E8A000FFFFFFFFFFFFFFFFFFFFFFFFFFFFFFFF78
:10E8B000FFFFFFFFFFFFFFFFFFFFFFFFFFFFFFFF68
:10E8C000FFFFFFFFFFFFFFFFFFFFFFFFFFFFFFFF58
:10E8D000FFFFFFFFFFFFFFFFFFFFFFFFFFFFFFFF48
:10E8E000FFFFFFFFFFFFFFFFFFFFFFFFFFFFFFFF38
:10E8F000FFFFFFFFFFFFFFFFFFFFFFFFFFFFFFFF28
:10E90000FFFFFFFFFFFFFFFFFFFFFFFFFFFFFFFF17
:10E91000FFFFFFFFFFFFFFFFFFFFFFFFFFFFFFFF07
:10E92000FFFFFFFFFFFFFFFFFFFFFFFFFFFFFFFFF7
:10E93000FFFFFFFFFFFFFFFFFFFFFFFFFFFFFFFFE7
:10E94000FFFFFFFFFFFFFFFFFFFFFFFFFFFFFFFFD7
:10E95000FFFFFFFFFFFFFFFFFFFFFFFFFFFFFFFFC7
:10E96000FFFFFFFFFFFFFFFFFFFFFFFFFFFFFFFFB7
:10E97000FFFFFFFFFFFFFFFFFFFFFFFFFFFFFFFFA7
:10E98000FFFFFFFFFFFFFFFFFFFFFFFFFFFFFFFF97
:10E99000FFFFFFFFFFFFFFFFFFFFFFFFFFFFFFFF87
:10E9A000FFFFFFFFFFFFFFFFFFFFFFFFFFFFFFFF77
:10E9B000FFFFFFFFFFFFFFFFFFFFFFFFFFFFFFFF67
:10E9C000FFFFFFFFFFFFFFFFFFFFFFFFFFFFFFFF57
:10E9D000FFFFFFFFFFFFFFFFFFFFFFFFFFFFFFFF47
:10E9E000FFFFFFFFFFFFFFFFFFFFFFFFFFFFFFFF37
:10E9F000FFFFFFFFFFFFFFFFFFFFFFFFFFFFFFFF27
:10EA0000FFFFFFFFFFFFFFFFFFFFFFFFFFFFFFFF16
:10EA1000FFFFFFFFFFFFFFFFFFFFFFFFFFFFFFFF06
:10EA2000FFFFFFFFFFFFFFFFFFFFFFFFFFFFFFFFF6
:10EA3000FFFFFFFFFFFFFFFFFFFFFFFFFFFFFFFFE6
:10EA4000FFFFFFFFFFFFFFFFFFFFFFFFFFFFFFFFD6
:10EA5000FFFFFFFFFFFFFFFFFFFFFFFFFFFFFFFFC6
:10EA6000FFFFFFFFFFFFFFFFFFFFFFFFFFFFFFFFB6
:10EA7000FFFFFFFFFFFFFFFFFFFFFFFFFFFFFFFFA6
:10EA8000FFFFFFFFFFFFFFFFFFFFFFFFFFFFFFFF96
:10EA9000FFFFFFFFFFFFFFFFFFFFFFFFFFFFFFFF86
:10EAA000FFFFFFFFFFFFFFFFFFFFFFFFFFFFFFFF76
:10EAB000FFFFFFFFFFFFFFFFFFFFFFFFFFFFFFFF66
:10EAC000FFFFFFFFFFFFFFFFFFFFFFFFFFFFFFFF56
:10EAD000FFFFFFFFFFFFFFFFFFFFFFFFFFFFFFFF46
:10EAE000FFFFFFFFFFFFFFFFFFFFFFFFFFFFFFFF36
:10EAF000FFFFFFFFFFFFFFFFFFFFFFFFFFFFFFFF26
:10EB0000FFFFFFFFFFFFFFFFFFFFFFFFFFFFFFFF15
:10EB1000FFFFFFFFFFFFFFFFFFFFFFFFFFFFFFFF05
:10EB2000FFFFFFFFFFFFFFFFFFFFFFFFFFFFFFFFF5
:10EB3000FFFFFFFFFFFFFFFFFFFFFFFFFFFFFFFFE5
:10EB4000FFFFFFFFFFFFFFFFFFFFFFFFFFFFFFFFD5
:10EB5000FFFFFFFFFFFFFFFFFFFFFFFFFFFFFFFFC5
:10EB6000FFFFFFFFFFFFFFFFFFFFFFFFFFFFFFFFB5
:10EB7000FFFFFFFFFFFFFFFFFFFFFFFFFFFFFFFFA5
:10EB8000FFFFFFFFFFFFFFFFFFFFFFFFFFFFFFFF95
:10EB9000FFFFFFFFFFFFFFFFFFFFFFFFFFFFFFFF85
:10EBA000FFFFFFFFFFFFFFFFFFFFFFFFFFFFFFFF75
:10EBB000FFFFFFFFFFFFFFFFFFFFFFFFFFFFFFFF65
:10EBC000FFFFFFFFFFFFFFFFFFFFFFFFFFFFFFFF55
:10EBD000FFFFFFFFFFFFFFFFFFFFFFFFFFFFFFFF45
:10EBE000FFFFFFFFFFFFFFFFFFFFFFFFFFFFFFFF35
:10EBF000FFFFFFFFFFFFFFFFFFFFFFFFFFFFFFFF25
:10EC0000FFFFFFFFFFFFFFFFFFFFFFFFFFFFFFFF14
:10EC1000FFFFFFFFFFFFFFFFFFFFFFFFFFFFFFFF04
:10EC2000FFFFFFFFFFFFFFFFFFFFFFFFFFFFFFFFF4
:10EC3000FFFFFFFFFFFFFFFFFFFFFFFFFFFFFFFFE4
:10EC4000FFFFFFFFFFFFFFFFFFFFFFFFFFFFFFFFD4
:10EC5000FFFFFFFFFFFFFFFFFFFFFFFFFFFFFFFFC4
:10EC6000FFFFFFFFFFFFFFFFFFFFFFFFFFFFFFFFB4
:10EC7000FFFFFFFFFFFFFFFFFFFFFFFFFFFFFFFFA4
:10EC8000FFFFFFFFFFFFFFFFFFFFFFFFFFFFFFFF94
:10EC9000FFFFFFFFFFFFFFFFFFFFFFFFFFFFFFFF84
:10ECA000FFFFFFFFFFFFFFFFFFFFFFFFFFFFFFFF74
:10ECB000FFFFFFFFFFFFFFFFFFFFFFFFFFFFFFFF64
:10ECC000FFFFFFFFFFFFFFFFFFFFFFFFFFFFFFFF54
:10ECD000FFFFFFFFFFFFFFFFFFFFFFFFFFFFFFFF44
:10ECE000FFFFFFFFFFFFFFFFFFFFFFFFFFFFFFFF34
:10ECF000FFFFFFFFFFFFFFFFFFFFFFFFFFFFFFFF24
:10ED0000FFFFFFFFFFFFFFFFFFFFFFFFFFFFFFFF13
:10ED1000FFFFFFFFFFFFFFFFFFFFFFFFFFFFFFFF03
:10ED2000FFFFFFFFFFFFFFFFFFFFFFFFFFFFFFFFF3
:10ED3000FFFFFFFFFFFFFFFFFFFFFFFFFFFFFFFFE3
:10ED4000FFFFFFFFFFFFFFFFFFFFFFFFFFFFFFFFD3
:10ED5000FFFFFFFFFFFFFFFFFFFFFFFFFFFFFFFFC3
:10ED6000FFFFFFFFFFFFFFFFFFFFFFFFFFFFFFFFB3
:10ED7000FFFFFFFFFFFFFFFFFFFFFFFFFFFFFFFFA3
:10ED8000FFFFFFFFFFFFFFFFFFFFFFFFFFFFFFFF93
:10ED9000FFFFFFFFFFFFFFFFFFFFFFFFFFFFFFFF83
:10EDA000FFFFFFFFFFFFFFFFFFFFFFFFFFFFFFFF73
:10EDB000FFFFFFFFFFFFFFFFFFFFFFFFFFFFFFFF63
:10EDC000FFFFFFFFFFFFFFFFFFFFFFFFFFFFFFFF53
:10EDD000FFFFFFFFFFFFFFFFFFFFFFFFFFFFFFFF43
:10EDE000FFFFFFFFFFFFFFFFFFFFFFFFFFFFFFFF33
:10EDF000FFFFFFFFFFFFFFFFFFFFFFFFFFFFFFFF23
:10EE0000FFFFFFFFFFFFFFFFFFFFFFFFFFFFFFFF12
:10EE1000FFFFFFFFFFFFFFFFFFFFFFFFFFFFFFFF02
:10EE2000FFFFFFFFFFFFFFFFFFFFFFFFFFFFFFFFF2
:10EE3000FFFFFFFFFFFFFFFFFFFFFFFFFFFFFFFFE2
:10EE4000FFFFFFFFFFFFFFFFFFFFFFFFFFFFFFFFD2
:10EE5000FFFFFFFFFFFFFFFFFFFFFFFFFFFFFFFFC2
:10EE6000FFFFFFFFFFFFFFFFFFFFFFFFFFFFFFFFB2
:10EE7000FFFFFFFFFFFFFFFFFFFFFFFFFFFFFFFFA2
:10EE8000FFFFFFFFFFFFFFFFFFFFFFFFFFFFFFFF92
:10EE9000FFFFFFFFFFFFFFFFFFFFFFFFFFFFFFFF82
:10EEA000FFFFFFFFFFFFFFFFFFFFFFFFFFFFFFFF72
:10EEB000FFFFFFFFFFFFFFFFFFFFFFFFFFFFFFFF62
:10EEC000FFFFFFFFFFFFFFFFFFFFFFFFFFFFFFFF52
:10EED000FFFFFFFFFFFFFFFFFFFFFFFFFFFFFFFF42
:10EEE000FFFFFFFFFFFFFFFFFFFFFFFFFFFFFFFF32
:10EEF000FFFFFFFFFFFFFFFFFFFFFFFFFFFFFFFF22
:10EF0000FFFFFFFFFFFFFFFFFFFFFFFFFFFFFFFF11
:10EF1000FFFFFFFFFFFFFFFFFFFFFFFFFFFFFFFF01
:10EF2000FFFFFFFFFFFFFFFFFFFFFFFFFFFFFFFFF1
:10EF3000FFFFFFFFFFFFFFFFFFFFFFFFFFFFFFFFE1
:10EF4000FFFFFFFFFFFFFFFFFFFFFFFFFFFFFFFFD1
:10EF5000FFFFFFFFFFFFFFFFFFFFFFFFFFFFFFFFC1
:10EF6000FFFFFFFFFFFFFFFFFFFFFFFFFFFFFFFFB1
:10EF7000FFFFFFFFFFFFFFFFFFFFFFFFFFFFFFFFA1
:10EF8000FFFFFFFFFFFFFFFFFFFFFFFFFFFFFFFF91
:10EF9000FFFFFFFFFFFFFFFFFFFFFFFFFFFFFFFF81
:10EFA000FFFFFFFFFFFFFFFFFFFFFFFFFFFFFFFF71
:10EFB000FFFFFFFFFFFFFFFFFFFFFFFFFFFFFFFF61
:10EFC000FFFFFFFFFFFFFFFFFFFFFFFFFFFFFFFF51
:10EFD000FFFFFFFFFFFFFFFFFFFFFFFFFFFFFFFF41
:10EFE000FFFFFFFFFFFFFFFFFFFFFFFFFFFFFFFF31
:10EFF000FFFFFFFFFFFFFFFFFFFFFFFFFFFFFFFF21
:10F00000FFFFFFFFFFFFFFFFFFFFFFFFFFFFFFFF10
:10F01000FFFFFFFFFFFFFFFFFFFFFFFFFFFFFFFF00
:10F02000FFFFFFFFFFFFFFFFFFFFFFFFFFFFFFFFF0
:10F03000FFFFFFFFFFFFFFFFFFFFFFFFFFFFFFFFE0
:10F04000FFFFFFFFFFFFFFFFFFFFFFFFFFFFFFFFD0
:10F05000FFFFFFFFFFFFFFFFFFFFFFFFFFFFFFFFC0
:10F06000FFFFFFFFFFFFFFFFFFFFFFFFFFFFFFFFB0
:10F07000FFFFFFFFFFFFFFFFFFFFFFFFFFFFFFFFA0
:10F08000FFFFFFFFFFFFFFFFFFFFFFFFFFFFFFFF90
:10F09000FFFFFFFFFFFFFFFFFFFFFFFFFFFFFFFF80
:10F0A000FFFFFFFFFFFFFFFFFFFFFFFFFFFFFFFF70
:10F0B000FFFFFFFFFFFFFFFFFFFFFFFFFFFFFFFF60
:10F0C000FFFFFFFFFFFFFFFFFFFFFFFFFFFFFFFF50
:10F0D000FFFFFFFFFFFFFFFFFFFFFFFFFFFFFFFF40
:10F0E000FFFFFFFFFFFFFFFFFFFFFFFFFFFFFFFF30
:10F0F000FFFFFFFFFFFFFFFFFFFFFFFFFFFFFFFF20
:10F10000FFFFFFFFFFFFFFFFFFFFFFFFFFFFFFFF0F
:10F11000FFFFFFFFFFFFFFFFFFFFFFFFFFFFFFFFFF
:10F12000FFFFFFFFFFFFFFFFFFFFFFFFFFFFFFFFEF
:10F13000FFFFFFFFFFFFFFFFFFFFFFFFFFFFFFFFDF
:10F14000FFFFFFFFFFFFFFFFFFFFFFFFFFFFFFFFCF
:10F15000FFFFFFFFFFFFFFFFFFFFFFFFFFFFFFFFBF
:10F16000FFFFFFFFFFFFFFFFFFFFFFFFFFFFFFFFAF
:10F17000FFFFFFFFFFFFFFFFFFFFFFFFFFFFFFFF9F
:10F18000FFFFFFFFFFFFFFFFFFFFFFFFFFFFFFFF8F
:10F19000FFFFFFFFFFFFFFFFFFFFFFFFFFFFFFFF7F
:10F1A000FFFFFFFFFFFFFFFFFFFFFFFFFFFFFFFF6F
:10F1B000FFFFFFFFFFFFFFFFFFFFFFFFFFFFFFFF5F
:10F1C000FFFFFFFFFFFFFFFFFFFFFFFFFFFFFFFF4F
:10F1D000FFFFFFFFFFFFFFFFFFFFFFFFFFFFFFFF3F
:10F1E000FFFFFFFFFFFFFFFFFFFFFFFFFFFFFFFF2F
:10F1F000FFFFFFFFFFFFFFFFFFFFFFFFFFFFFFFF1F
:10F20000FFFFFFFFFFFFFFFFFFFFFFFFFFFFFFFF0E
:10F21000FFFFFFFFFFFFFFFFFFFFFFFFFFFFFFFFFE
:10F22000FFFFFFFFFFFFFFFFFFFFFFFFFFFFFFFFEE
:10F23000FFFFFFFFFFFFFFFFFFFFFFFFFFFFFFFFDE
:10F24000FFFFFFFFFFFFFFFFFFFFFFFFFFFFFFFFCE
:10F25000FFFFFFFFFFFFFFFFFFFFFFFFFFFFFFFFBE
:10F26000FFFFFFFFFFFFFFFFFFFFFFFFFFFFFFFFAE
:10F27000FFFFFFFFFFFFFFFFFFFFFFFFFFFFFFFF9E
:10F28000FFFFFFFFFFFFFFFFFFFFFFFFFFFFFFFF8E
:10F29000FFFFFFFFFFFFFFFFFFFFFFFFFFFFFFFF7E
:10F2A000FFFFFFFFFFFFFFFFFFFFFFFFFFFFFFFF6E
:10F2B000FFFFFFFFFFFFFFFFFFFFFFFFFFFFFFFF5E
:10F2C000FFFFFFFFFFFFFFFFFFFFFFFFFFFFFFFF4E
:10F2D000FFFFFFFFFFFFFFFFFFFFFFFFFFFFFFFF3E
:10F2E000FFFFFFFFFFFFFFFFFFFFFFFFFFFFFFFF2E
:10F2F000FFFFFFFFFFFFFFFFFFFFFFFFFFFFFFFF1E
:10F30000FFFFFFFFFFFFFFFFFFFFFFFFFFFFFFFF0D
:10F31000FFFFFFFFFFFFFFFFFFFFFFFFFFFFFFFFFD
:10F32000FFFFFFFFFFFFFFFFFFFFFFFFFFFFFFFFED
:10F33000FFFFFFFFFFFFFFFFFFFFFFFFFFFFFFFFDD
:10F34000FFFFFFFFFFFFFFFFFFFFFFFFFFFFFFFFCD
:10F35000FFFFFFFFFFFFFFFFFFFFFFFFFFFFFFFFBD
:10F36000FFFFFFFFFFFFFFFFFFFFFFFFFFFFFFFFAD
:10F37000FFFFFFFFFFFFFFFFFFFFFFFFFFFFFFFF9D
:10F38000FFFFFFFFFFFFFFFFFFFFFFFFFFFFFFFF8D
:10F39000FFFFFFFFFFFFFFFFFFFFFFFFFFFFFFFF7D
:10F3A000FFFFFFFFFFFFFFFFFFFFFFFFFFFFFFFF6D
:10F3B000FFFFFFFFFFFFFFFFFFFFFFFFFFFFFFFF5D
:10F3C000FFFFFFFFFFFFFFFFFFFFFFFFFFFFFFFF4D
:10F3D000FFFFFFFFFFFFFFFFFFFFFFFFFFFFFFFF3D
:10F3E000FFFFFFFFFFFFFFFFFFFFFFFFFFFFFFFF2D
:10F3F000FFFFFFFFFFFFFFFFFFFFFFFFFFFFFFFF1D
:10F40000FFFFFFFFFFFFFFFFFFFFFFFFFFFFFFFF0C
:10F41000FFFFFFFFFFFFFFFFFFFFFFFFFFFFFFFFFC
:10F42000FFFFFFFFFFFFFFFFFFFFFFFFFFFFFFFFEC
:10F43000FFFFFFFFFFFFFFFFFFFFFFFFFFFFFFFFDC
:10F44000FFFFFFFFFFFFFFFFFFFFFFFFFFFFFFFFCC
:10F45000FFFFFFFFFFFFFFFFFFFFFFFFFFFFFFFFBC
:10F46000FFFFFFFFFFFFFFFFFFFFFFFFFFFFFFFFAC
:10F47000FFFFFFFFFFFFFFFFFFFFFFFFFFFFFFFF9C
:10F48000FFFFFFFFFFFFFFFFFFFFFFFFFFFFFFFF8C
:10F49000FFFFFFFFFFFFFFFFFFFFFFFFFFFFFFFF7C
:10F4A000FFFFFFFFFFFFFFFFFFFFFFFFFFFFFFFF6C
:10F4B000FFFFFFFFFFFFFFFFFFFFFFFFFFFFFFFF5C
:10F4C000FFFFFFFFFFFFFFFFFFFFFFFFFFFFFFFF4C
:10F4D000FFFFFFFFFFFFFFFFFFFFFFFFFFFFFFFF3C
:10F4E000FFFFFFFFFFFFFFFFFFFFFFFFFFFFFFFF2C
:10F4F000FFFFFFFFFFFFFFFFFFFFFFFFFFFFFFFF1C
:10F50000FFFFFFFFFFFFFFFFFFFFFFFFFFFFFFFF0B
:10F51000FFFFFFFFFFFFFFFFFFFFFFFFFFFFFFFFFB
:10F52000FFFFFFFFFFFFFFFFFFFFFFFFFFFFFFFFEB
:10F53000FFFFFFFFFFFFFFFFFFFFFFFFFFFFFFFFDB
:10F54000FFFFFFFFFFFFFFFFFFFFFFFFFFFFFFFFCB
:10F55000FFFFFFFFFFFFFFFFFFFFFFFFFFFFFFFFBB
:10F56000FFFFFFFFFFFFFFFFFFFFFFFFFFFFFFFFAB
:10F57000FFFFFFFFFFFFFFFFFFFFFFFFFFFFFFFF9B
:10F58000FFFFFFFFFFFFFFFFFFFFFFFFFFFFFFFF8B
:10F59000FFFFFFFFFFFFFFFFFFFFFFFFFFFFFFFF7B
:10F5A000FFFFFFFFFFFFFFFFFFFFFFFFFFFFFFFF6B
:10F5B000FFFFFFFFFFFFFFFFFFFFFFFFFFFFFFFF5B
:10F5C000FFFFFFFFFFFFFFFFFFFFFFFFFFFFFFFF4B
:10F5D000FFFFFFFFFFFFFFFFFFFFFFFFFFFFFFFF3B
:10F5E000FFFFFFFFFFFFFFFFFFFFFFFFFFFFFFFF2B
:10F5F000FFFFFFFFFFFFFFFFFFFFFFFFFFFFFFFF1B
:10F60000FFFFFFFFFFFFFFFFFFFFFFFFFFFFFFFF0A
:10F61000FFFFFFFFFFFFFFFFFFFFFFFFFFFFFFFFFA
:10F62000FFFFFFFFFFFFFFFFFFFFFFFFFFFFFFFFEA
:10F63000FFFFFFFFFFFFFFFFFFFFFFFFFFFFFFFFDA
:10F64000FFFFFFFFFFFFFFFFFFFFFFFFFFFFFFFFCA
:10F65000FFFFFFFFFFFFFFFFFFFFFFFFFFFFFFFFBA
:10F66000FFFFFFFFFFFFFFFFFFFFFFFFFFFFFFFFAA
:10F67000FFFFFFFFFFFFFFFFFFFFFFFFFFFFFFFF9A
:10F68000FFFFFFFFFFFFFFFFFFFFFFFFFFFFFFFF8A
:10F69000FFFFFFFFFFFFFFFFFFFFFFFFFFFFFFFF7A
:10F6A000FFFFFFFFFFFFFFFFFFFFFFFFFFFFFFFF6A
:10F6B000FFFFFFFFFFFFFFFFFFFFFFFFFFFFFFFF5A
:10F6C000FFFFFFFFFFFFFFFFFFFFFFFFFFFFFFFF4A
:10F6D000FFFFFFFFFFFFFFFFFFFFFFFFFFFFFFFF3A
:10F6E000FFFFFFFFFFFFFFFFFFFFFFFFFFFFFFFF2A
:10F6F000FFFFFFFFFFFFFFFFFFFFFFFFFFFFFFFF1A
:10F70000FFFFFFFFFFFFFFFFFFFFFFFFFFFFFFFF09
:10F71000FFFFFFFFFFFFFFFFFFFFFFFFFFFFFFFFF9
:10F72000FFFFFFFFFFFFFFFFFFFFFFFFFFFFFFFFE9
:10F73000FFFFFFFFFFFFFFFFFFFFFFFFFFFFFFFFD9
:10F74000FFFFFFFFFFFFFFFFFFFFFFFFFFFFFFFFC9
:10F75000FFFFFFFFFFFFFFFFFFFFFFFFFFFFFFFFB9
:10F76000FFFFFFFFFFFFFFFFFFFFFFFFFFFFFFFFA9
:10F77000FFFFFFFFFFFFFFFFFFFFFFFFFFFFFFFF99
:10F78000FFFFFFFFFFFFFFFFFFFFFFFFFFFFFFFF89
:10F79000FFFFFFFFFFFFFFFFFFFFFFFFFFFFFFFF79
:10F7A000FFFFFFFFFFFFFFFFFFFFFFFFFFFFFFFF69
:10F7B000FFFFFFFFFFFFFFFFFFFFFFFFFFFFFFFF59
:10F7C000FFFFFFFFFFFFFFFFFFFFFFFFFFFFFFFF49
:10F7D000FFFFFFFFFFFFFFFFFFFFFFFFFFFFFFFF39
:10F7E000FFFFFFFFFFFFFFFFFFFFFFFFFFFFFFFF29
:10F7F000FFFFFFFFFFFFFFFFFFFFFFFFFFFFFFFF19
:10F80000FFFFFFFFFFFFFFFFFFFFFFFFFFFFFFFF08
:10F81000FFFFFFFFFFFFFFFFFFFFFFFFFFFFFFFFF8
:10F82000FFFFFFFFFFFFFFFFFFFFFFFFFFFFFFFFE8
:10F83000FFFFFFFFFFFFFFFFFFFFFFFFFFFFFFFFD8
:10F84000FFFFFFFFFFFFFFFFFFFFFFFFFFFFFFFFC8
:10F85000FFFFFFFFFFFFFFFFFFFFFFFFFFFFFFFFB8
:10F86000FFFFFFFFFFFFFFFFFFFFFFFFFFFFFFFFA8
:10F87000FFFFFFFFFFFFFFFFFFFFFFFFFFFFFFFF98
:10F88000FFFFFFFFFFFFFFFFFFFFFFFFFFFFFFFF88
:10F89000FFFFFFFFFFFFFFFFFFFFFFFFFFFFFFFF78
:10F8A000FFFFFFFFFFFFFFFFFFFFFFFFFFFFFFFF68
:10F8B000FFFFFFFFFFFFFFFFFFFFFFFFFFFFFFFF58
:10F8C000FFFFFFFFFFFFFFFFFFFFFFFFFFFFFFFF48
:10F8D000FFFFFFFFFFFFFFFFFFFFFFFFFFFFFFFF38
:10F8E000FFFFFFFFFFFFFFFFFFFFFFFFFFFFFFFF28
:10F8F000FFFFFFFFFFFFFFFFFFFFFFFFFFFFFFFF18
:10F90000FFFFFFFFFFFFFFFFFFFFFFFFFFFFFFFF07
:10F91000FFFFFFFFFFFFFFFFFFFFFFFFFFFFFFFFF7
:10F92000FFFFFFFFFFFFFFFFFFFFFFFFFFFFFFFFE7
:10F93000FFFFFFFFFFFFFFFFFFFFFFFFFFFFFFFFD7
:10F94000FFFFFFFFFFFFFFFFFFFFFFFFFFFFFFFFC7
:10F95000FFFFFFFFFFFFFFFFFFFFFFFFFFFFFFFFB7
:10F96000FFFFFFFFFFFFFFFFFFFFFFFFFFFFFFFFA7
:10F97000FFFFFFFFFFFFFFFFFFFFFFFFFFFFFFFF97
:10F98000FFFFFFFFFFFFFFFFFFFFFFFFFFFFFFFF87
:10F99000FFFFFFFFFFFFFFFFFFFFFFFFFFFFFFFF77
:10F9A000FFFFFFFFFFFFFFFFFFFFFFFFFFFFFFFF67
:10F9B000FFFFFFFFFFFFFFFFFFFFFFFFFFFFFFFF57
:10F9C000FFFFFFFFFFFFFFFFFFFFFFFFFFFFFFFF47
:10F9D000FFFFFFFFFFFFFFFFFFFFFFFFFFFFFFFF37
:10F9E000FFFFFFFFFFFFFFFFFFFFFFFFFFFFFFFF27
:10F9F000FFFFFFFFFFFFFFFFFFFFFFFFFFFFFFFF17
:10FA0000FFFFFFFFFFFFFFFFFFFFFFFFFFFFFFFF06
:10FA1000FFFFFFFFFFFFFFFFFFFFFFFFFFFFFFFFF6
:10FA2000FFFFFFFFFFFFFFFFFFFFFFFFFFFFFFFFE6
:10FA3000FFFFFFFFFFFFFFFFFFFFFFFFFFFFFFFFD6
:10FA4000FFFFFFFFFFFFFFFFFFFFFFFFFFFFFFFFC6
:10FA5000FFFFFFFFFFFFFFFFFFFFFFFFFFFFFFFFB6
:10FA6000FFFFFFFFFFFFFFFFFFFFFFFFFFFFFFFFA6
:10FA7000FFFFFFFFFFFFFFFFFFFFFFFFFFFFFFFF96
:10FA8000FFFFFFFFFFFFFFFFFFFFFFFFFFFFFFFF86
:10FA9000FFFFFFFFFFFFFFFFFFFFFFFFFFFFFFFF76
:10FAA000FFFFFFFFFFFFFFFFFFFFFFFFFFFFFFFF66
:10FAB000FFFFFFFFFFFFFFFFFFFFFFFFFFFFFFFF56
:10FAC000FFFFFFFFFFFFFFFFFFFFFFFFFFFFFFFF46
:10FAD000FFFFFFFFFFFFFFFFFFFFFFFFFFFFFFFF36
:10FAE000FFFFFFFFFFFFFFFFFFFFFFFFFFFFFFFF26
:10FAF000FFFFFFFFFFFFFFFFFFFFFFFFFFFFFFFF16
:10FB0000FFFFFFFFFFFFFFFFFFFFFFFFFFFFFFFF05
:10FB1000FFFFFFFFFFFFFFFFFFFFFFFFFFFFFFFFF5
:10FB2000FFFFFFFFFFFFFFFFFFFFFFFFFFFFFFFFE5
:10FB3000FFFFFFFFFFFFFFFFFFFFFFFFFFFFFFFFD5
:10FB4000FFFFFFFFFFFFFFFFFFFFFFFFFFFFFFFFC5
:10FB5000FFFFFFFFFFFFFFFFFFFFFFFFFFFFFFFFB5
:10FB6000FFFFFFFFFFFFFFFFFFFFFFFFFFFFFFFFA5
:10FB7000FFFFFFFFFFFFFFFFFFFFFFFFFFFFFFFF95
:10FB8000FFFFFFFFFFFFFFFFFFFFFFFFFFFFFFFF85
:10FB9000FFFFFFFFFFFFFFFFFFFFFFFFFFFFFFFF75
:10FBA000FFFFFFFFFFFFFFFFFFFFFFFFFFFFFFFF65
:10FBB000FFFFFFFFFFFFFFFFFFFFFFFFFFFFFFFF55
:10FBC000FFFFFFFFFFFFFFFFFFFFFFFFFFFFFFFF45
:10FBD000FFFFFFFFFFFFFFFFFFFFFFFFFFFFFFFF35
:10FBE000FFFFFFFFFFFFFFFFFFFFFFFFFFFFFFFF25
:10FBF000FFFFFFFFFFFFFFFFFFFFFFFFFFFFFFFF15
:10FC0000FFFFFFFFFFFFFFFFFFFFFFFFFFFFFFFF04
:10FC1000FFFFFFFFFFFFFFFFFFFFFFFFFFFFFFFFF4
:10FC2000FFFFFFFFFFFFFFFFFFFFFFFFFFFFFFFFE4
:10FC3000FFFFFFFFFFFFFFFFFFFFFFFFFFFFFFFFD4
:10FC4000FFFFFFFFFFFFFFFFFFFFFFFFFFFFFFFFC4
:10FC5000FFFFFFFFFFFFFFFFFFFFFFFFFFFFFFFFB4
:10FC6000FFFFFFFFFFFFFFFFFFFFFFFFFFFFFFFFA4
:10FC7000FFFFFFFFFFFFFFFFFFFFFFFFFFFFFFFF94
:10FC8000FFFFFFFFFFFFFFFFFFFFFFFFFFFFFFFF84
:10FC9000FFFFFFFFFFFFFFFFFFFFFFFFFFFFFFFF74
:10FCA000FFFFFFFFFFFFFFFFFFFFFFFFFFFFFFFF64
:10FCB000FFFFFFFFFFFFFFFFFFFFFFFFFFFFFFFF54
:10FCC000FFFFFFFFFFFFFFFFFFFFFFFFFFFFFFFF44
:10FCD000FFFFFFFFFFFFFFFFFFFFFFFFFFFFFFFF34
:10FCE000FFFFFFFFFFFFFFFFFFFFFFFFFFFFFFFF24
:10FCF000FFFFFFFFFFFFFFFFFFFFFFFFFFFFFFFF14
:10FD0000FFFFFFFFFFFFFFFFFFFFFFFFFFFFFFFF03
:10FD1000FFFFFFFFFFFFFFFFFFFFFFFFFFFFFFFFF3
:10FD2000FFFFFFFFFFFFFFFFFFFFFFFFFFFFFFFFE3
:10FD3000FFFFFFFFFFFFFFFFFFFFFFFFFFFFFFFFD3
:10FD4000FFFFFFFFFFFFFFFFFFFFFFFFFFFFFFFFC3
:10FD5000FFFFFFFFFFFFFFFFFFFFFFFFFFFFFFFFB3
:10FD6000FFFFFFFFFFFFFFFFFFFFFFFFFFFFFFFFA3
:10FD7000FFFFFFFFFFFFFFFFFFFFFFFFFFFFFFFF93
:10FD8000FFFFFFFFFFFFFFFFFFFFFFFFFFFFFFFF83
:10FD9000FFFFFFFFFFFFFFFFFFFFFFFFFFFFFFFF73
:10FDA000FFFFFFFFFFFFFFFFFFFFFFFFFFFFFFFF63
:10FDB000FFFFFFFFFFFFFFFFFFFFFFFFFFFFFFFF53
:10FDC000FFFFFFFFFFFFFFFFFFFFFFFFFFFFFFFF43
:10FDD000FFFFFFFFFFFFFFFFFFFFFFFFFFFFFFFF33
:10FDE000FFFFFFFFFFFFFFFFFFFFFFFFFFFFFFFF23
:10FDF000FFFFFFFFFFFFFFFFFFFFFFFFFFFFFFFF13
:10FE0000FFFFFFFFFFFFFFFFFFFFFFFFFFFFFFFF02
:10FE1000FFFFFFFFFFFFFFFFFFFFFFFFFFFFFFFFF2
:10FE2000FFFFFFFFFFFFFFFFFFFFFFFFFFFFFFFFE2
:10FE3000FFFFFFFFFFFFFFFFFFFFFFFFFFFFFFFFD2
:10FE4000FFFFFFFFFFFFFFFFFFFFFFFFFFFFFFFFC2
:10FE5000FFFFFFFFFFFFFFFFFFFFFFFFFFFFFFFFB2
:10FE6000FFFFFFFFFFFFFFFFFFFFFFFFFFFFFFFFA2
:10FE7000FFFFFFFFFFFFFFFFFFFFFFFFFFFFFFFF92
:10FE8000FFFFFFFFFFFFFFFFFFFFFFFFFFFFFFFF82
:10FE9000FFFFFFFFFFFFFFFFFFFFFFFFFFFFFFFF72
:10FEA000FFFFFFFFFFFFFFFFFFFFFFFFFFFFFFFF62
:10FEB000FFFFFFFFFFFFFFFFFFFFFFFFFFFFFFFF52
:10FEC000FFFFFFFFFFFFFFFFFFFFFFFFFFFFFFFF42
:10FED000FFFFFFFFFFFFFFFFFFFFFFFFFFFFFFFF32
:10FEE000FFFFFFFFFFFF0025302E326620544F2C0E
:10FEF0002025302E316620564261742C2025302E6C
:10FF0000336620446563696D6173416A7573746516
:10FF10002C2025302E3266204F66667365740D0ADC
:10FF20000D0A0025302E336620414443204F5249AC
:10FF3000472C2025302E32662054432C2025302E8D
:10FF400032662043616E642C2025302E33662041BA
:10FF5000646320416A7573746520540D0A002A2A6F
:10FF60002A2A2A20524554524F5245464C45435462
:10FF70004F4D4554524F20564552544943414C2011
:10FF80002A2A2A2A2A0D0A002A2A2A2A2A204E4503
:10FF9000572053414D504C45202A2A2A2A2A0D0A1F
:10FFA000004F46465345543D2025302E32660D0AFB
:10FFB0000D0A00404C454552562C2564402F6E2FAB
:10FFC00072004C4545525600494E46004E414E0087
:10FFD000696E66006E616E00424C4100414D410009
:10FFE000524F4A004E41520056455200415A550068
:10FFF0006C66002566002C0031003C00400000FFCC
:020000040001F9
:10000000000E3F6E000E406E000E416E000E426EFE
:10001000170E3E18D8A40FEF80F011EF80F0C8EF54
:1000200081F03DBE16EF80F018EF80F05FEF80F0BA
:100030003AC02AF03BC02BF03CC02CF03DC02DF064
:10004000AE0E2E6E470E2F6E210E306E3F0E316EAD
:10005000DBECBBF0D8B02FEF80F031EF80F05FEF3A
:1000600080F0C30E156E550E166EC20E176E430E3F
:10007000186E3AC011F03BC012F03CC013F03DC006
:1000800014F075ECA7F011C02AF012C02BF013C0C9
:100090002CF014C02DF0A40E2E6E700E2F6E1B0EC1
:1000A000306EC20E316EE7ECA2F02AC03FF02BC0DA
:1000B00040F02CC041F02DC042F0CDEF88F03AC0A6
:1000C0002AF03BC02BF03CC02CF03DC02DF0AE0E12
:1000D0002E6E470E2F6E210E306E3F0E316EDBEC12
:1000E000BBF0D8A076EF80F078EF80F0BFEF80F023
:1000F0003AC02AF03BC02BF03CC02CF03DC02DF0A4
:100100001F0E2E6E850E2F6E6B0E306E3F0E316EF3
:10011000DBECBBF0D8B08FEF80F091EF80F0BFEF59
:1001200080F0520E156E080E166E350E176E440EC8
:10013000186E3AC011F03BC012F03CC013F03DC045
:1001400014F075ECA7F011C02AF012C02BF013C008
:100150002CF014C02DF0330E2E6E330E2F6E7A0E4F
:10016000306EC30E316EE7ECA2F02AC03FF02BC018
:1001700040F02CC041F02DC042F0CDEF88F03AC0E5
:100180002AF03BC02BF03CC02CF03DC02DF01F0EE0
:100190002E6E850E2F6E6B0E306E3F0E316EDBECC9
:1001A000BBF0D8A0D6EF80F0D8EF80F01FEF81F041
:1001B0003AC02AF03BC02BF03CC02CF03DC02DF0E3
:1001C000710E2E6E3D0E2F6E8A0E306E3F0E316E0A
:1001D000DBECBBF0D8B0EFEF80F0F1EF80F01FEF79
:1001E00081F05C0E156EDF0E166E120E176E440E49
:1001F000186E3AC011F03BC012F03CC013F03DC085
:1002000014F075ECA7F011C02AF012C02BF013C047
:100210002CF014C02DF0000E2E6E000E2F6EF90E75
:10022000306EC20E316EE7ECA2F02AC03FF02BC058
:1002300040F02CC041F02DC042F0CDEF88F03AC024
:100240002AF03BC02BF03CC02CF03DC02DF0710ECD
:100250002E6E3D0E2F6E8A0E306E3F0E316EDBEC31
:10026000BBF0D8A036EF81F038EF81F07FEF81F05E
:100270003AC02AF03BC02BF03CC02CF03DC02DF022
:10028000AE0E2E6E470E2F6E010E306E400E316E8A
:10029000DBECBBF0D8B04FEF81F051EF81F07FEF96
:1002A00081F0EC0E156E910E166EB80E176E430EA1
:1002B000186E3AC011F03BC012F03CC013F03DC0C4
:1002C00014F075ECA7F011C02AF012C02BF013C087
:1002D0002CF014C02DF0540E2E6EA30E2F6EDE0ED9
:1002E000306E420E316EE7ECA2F02AC03FF02BC018
:1002F00040F02CC041F02DC042F0CDEF88F03AC064
:100300002AF03BC02BF03CC02CF03DC02DF0AE0ECF
:100310002E6E470E2F6E010E306E400E316EDBECEE
:10032000BBF0D8A096EF81F098EF81F0C6EF81F096
:10033000330E156E330E166E3E0E176E420E186E8D
:100340003AC011F03BC012F03CC013F03DC014F0B5
:1003500075ECA7F011C02AF012C02BF013C02CF0DE
:1003600014C02DF09A0E2E6E390E2F6E3E0E306E8A
:10037000440E316EE7ECA2F02AC03FF02BC040F0F3
:100380002CC041F02DC042F0CDEF88F0CDEF88F0C9
:10039000060E3E18D8A4CFEF81F0D1EF81F086EFA2
:1003A00083F03DBED6EF81F0D8EF81F01FEF82F0F1
:1003B0003AC02AF03BC02BF03CC02CF03DC02DF0E1
:1003C0008F0E2E6EC20E2F6E350E306E3F0E316EBA
:1003D000DBECBBF0D8B0EFEF81F0F1EF81F01FEF75
:1003E00082F0480E156E210E166EDE0E176E430E4D
:1003F000186E3AC011F03BC012F03CC013F03DC083
:1004000014F075ECA7F011C02AF012C02BF013C045
:100410002CF014C02DF0140E2E6EAE0E2F6E310E79
:10042000306EC20E316EE7ECA2F02AC03FF02BC056
:1004300040F02CC041F02DC042F0CDEF88F03AC022
:100440002AF03BC02BF03CC02CF03DC02DF08F0EAD
:100450002E6EC20E2F6E350E306E3F0E316EDBECFF
:10046000BBF0D8A036EF82F038EF82F07FEF82F059
:100470003AC02AF03BC02BF03CC02CF03DC02DF020
:10048000D70E2E6EA30E2F6E700E306E3F0E316E95
:10049000DBECBBF0D8B04FEF82F051EF82F07FEF92
:1004A00082F0710E156E050E166E900E176E440ECC
:1004B000186E3AC011F03BC012F03CC013F03DC0C2
:1004C00014F075ECA7F011C02AF012C02BF013C085
:1004D0002CF014C02DF08F0E2E6EC20E2F6E080E53
:1004E000306EC40E316EE7ECA2F02AC03FF02BC094
:1004F00040F02CC041F02DC042F0CDEF88F03AC062
:100500002AF03BC02BF03CC02CF03DC02DF0D70EA4
:100510002E6EA30E2F6E700E306E3F0E316EDBEC22
:10052000BBF0D8A096EF82F098EF82F0DFEF82F078
:100530003AC02AF03BC02BF03CC02CF03DC02DF05F
:100540003D0E2E6E0A0E2F6EB70E306E3F0E316EC0
:10055000DBECBBF0D8B0AFEF82F0B1EF82F0DFEFB1
:1005600082F0520E156EF80E166E140E176E430EB4
:10057000186E3AC011F03BC012F03CC013F03DC001
:1005800014F075ECA7F011C02AF012C02BF013C0C4
:100590002CF014C02DF09A0E2E6EF90E2F6EC50E93
:1005A000306E430E316EE7ECA2F02AC03FF02BC054
:1005B00040F02CC041F02DC042F0CDEF88F03AC0A1
:1005C0002AF03BC02BF03CC02CF03DC02DF03D0E7E
:1005D0002E6E0A0E2F6EB70E306E3F0E316EDBECB4
:1005E000BBF0D8A0F6EF82F0F8EF82F03FEF83F097
:1005F0003AC02AF03BC02BF03CC02CF03DC02DF09F
:10060000AE0E2E6E470E2F6E010E306E400E316E06
:10061000DBECBBF0D8B00FEF83F011EF83F03FEFCE
:1006200083F07B0E156E540E166E5C0E176E430E25
:10063000186E3AC011F03BC012F03CC013F03DC040
:1006400014F075ECA7F011C02AF012C02BF013C003
:100650002CF014C02DF07B0E2E6EF40E2F6E920E29
:10066000306E430E316EE7ECA2F02AC03FF02BC093
:1006700040F02CC041F02DC042F0CDEF88F03AC0E0
:100680002AF03BC02BF03CC02CF03DC02DF0AE0E4C
:100690002E6E470E2F6E010E306E400E316EDBEC6B
:1006A000BBF0D8A056EF83F058EF83F0C6EF81F08F
:1006B000660E156E660E166E9C0E176E420E186E46
:1006C0003AC011F03BC012F03CC013F03DC014F032
:1006D00075ECA7F011C02AF012C02BF013C02CF05B
:1006E00014C02DF0480E2E6E410E2F6E110E306E7E
:1006F000440E316EE7ECA2F02AC03FF02BC040F070
:100700002CC041F02DC042F0CDEF88F0080E3E180D
:10071000D8A48DEF83F08FEF83F0E4EF84F03DBE3B
:1007200094EF83F096EF83F0DDEF83F03AC02AF088
:100730003BC02BF03CC02CF03DC02DF0000E2E6EC7
:10074000000E2F6E400E306E3F0E316EDBECBBF0B4
:10075000D8B0ADEF83F0AFEF83F0DDEF83F0000EA4
:10076000156E000E166E340E176E430E186E3AC0DC
:1007700011F03BC012F03CC013F03DC014F075EC1A
:10078000A7F011C02AF012C02BF013C02CF014C037
:100790002DF0000E2E6E000E2F6E900E306EC10EDC
:1007A000316EE7ECA2F02AC03FF02BC040F02CC025
:1007B00041F02DC042F0CDEF88F03AC02AF03BC0A6
:1007C0002BF03CC02CF03DC02DF0000E2E6E000E24
:1007D0002F6E400E306E3F0E316EDBECBBF0D8A0BA
:1007E000F4EF83F0F6EF83F03DEF84F03AC02AF0A7
:1007F0003BC02BF03CC02CF03DC02DF0290E2E6EDE
:100800005C0E2F6E4F0E306E3F0E316EDBECBBF088
:10081000D8B00DEF84F00FEF84F03DEF84F08F0E31
:10082000156E2A0E166E810E176E440E186E3AC0A3
:1008300011F03BC012F03CC013F03DC014F075EC59
:10084000A7F011C02AF012C02BF013C02CF014C076
:100850002DF05C0E2E6E7F0E2F6E240E306EC40EA9
:10086000316EE7ECA2F02AC03FF02BC040F02CC064
:1008700041F02DC042F0CDEF88F03AC02AF03BC0E5
:100880002BF03CC02CF03DC02DF0290E2E6E5C0EDE
:100890002F6E4F0E306E3F0E316EDBECBBF0D8A0EA
:1008A00054EF84F056EF84F09DEF84F03AC02AF0C4
:1008B0003BC02BF03CC02CF03DC02DF0290E2E6E1D
:1008C0005C0E2F6EAF0E306E3F0E316EDBECBBF068
:1008D000D8B06DEF84F06FEF84F09DEF84F0330EAD
:1008E000156EB30E166ED20E176E420E186E3AC00B
:1008F00011F03BC012F03CC013F03DC014F075EC99
:10090000A7F011C02AF012C02BF013C02CF014C0B5
:100910002DF0EC0E2E6E510E2F6EBB0E306E420E71
:10092000316EE7ECA2F02AC03FF02BC040F02CC0A3
:1009300041F02DC042F0CDEF88F03AC02AF03BC024
:100940002BF03CC02CF03DC02DF0290E2E6E5C0E1D
:100950002F6EAF0E306E3F0E316EDBECBBF0D8A0C9
:10096000B4EF84F0B6EF84F0C6EF81F0EC0E156EB4
:10097000510E166E690E176E420E186E3AC011F0C7
:100980003BC012F03CC013F03DC014F075ECA7F072
:1009900011C02AF012C02BF013C02CF014C02DF09F
:1009A0007B0E2E6E140E2F6E1E0E306E430E316EA9
:1009B000E7ECA2F02AC03FF02BC040F02CC041F081
:1009C0002DC042F0CDEF88F0050E3E18D8A4EBEF15
:1009D00084F0EDEF84F082EF85F03DBEF2EF84F01D
:1009E000F4EF84F03BEF85F03AC02AF03BC02BF0E7
:1009F0003CC02CF03DC02DF0BC0E2E6E740E2F6E40
:100A0000930E306E3E0E316EDBECBBF0D8B00BEFC8
:100A100085F00DEF85F03BEF85F0850E156EEB0E42
:100A2000166E100E176E420E186E3AC011F03BC0D3
:100A300012F03CC013F03DC014F075ECA7F011C0EB
:100A40002AF012C02BF013C02CF014C02DF08F0E22
:100A50002E6EC20E2F6EAD0E306EC00E316EE7ECF4
:100A6000A2F02AC03FF02BC040F02CC041F02DC0B6
:100A700042F0CDEF88F03AC02AF03BC02BF03CC0EA
:100A80002CF03DC02DF0BC0E2E6E740E2F6E930E0A
:100A9000306E3E0E316EDBECBBF0D8A052EF85F02D
:100AA00054EF85F0CDEF88F0CD0E156ECC0E166E9E
:100AB000C50E176E420E186E3AC011F03BC012F010
:100AC0003CC013F03DC014F075ECA7F011C02AF043
:100AD00012C02BF013C02CF014C02DF00A0E2E6E95
:100AE000D70E2F6EBB0E306EC10E316EE7ECA2F04A
:100AF0002AC03FF02BC040F02CC041F02DC042F086
:100B0000CDEF88F0090E3E18D8A489EF85F08BEF61
:100B100085F080EF86F03DBE90EF85F092EF85F096
:100B2000D9EF85F03AC02AF03BC02BF03CC02CF046
:100B30003DC02DF05E0E2E6EBA0E2F6E490E306E39
:100B40003E0E316EDBECBBF0D8B0A9EF85F0ABEF19
:100B500085F0D9EF85F09A0E156ED90E166E340E0B
:100B6000176E440E186E3AC011F03BC012F03CC034
:100B700013F03DC014F075ECA7F011C02AF012C0BC
:100B80002BF013C02CF014C02DF0000E2E6E000EB2
:100B90002F6ED90E306EC20E316EE7ECA2F02AC075
:100BA0003FF02BC040F02CC041F02DC042F0CDEF03
:100BB00088F03AC02AF03BC02BF03CC02CF03DC07E
:100BC0002DF05E0E2E6EBA0E2F6E490E306E3E0E5A
:100BD000316EDBECBBF0D8A0F0EF85F0F2EF85F0E2
:100BE00039EF86F03AC02AF03BC02BF03CC02CF025
:100BF0003DC02DF0D70E2E6EA30E2F6E800E306EE0
:100C00003F0E316EDBECBBF0D8B009EF86F00BEF96
:100C100086F039EF86F0660E156E660E166EFC0EC7
:100C2000176E410E186E3AC011F03BC012F03CC076
:100C300013F03DC014F075ECA7F011C02AF012C0FB
:100C40002BF013C02CF014C02DF0710E2E6E3D0E43
:100C50002F6EDE0E306E410E316EE7ECA2F02AC030
:100C60003FF02BC040F02CC041F02DC042F0CDEF42
:100C700088F03AC02AF03BC02BF03CC02CF03DC0BD
:100C80002DF0D70E2E6EA30E2F6E800E306E3F0EFF
:100C9000316EDBECBBF0D8A050EF86F052EF86F05F
:100CA000C6EF81F08F0E156E420E166E820E176E15
:100CB000420E186E3AC011F03BC012F03CC013F067
:100CC0003DC014F075ECA7F011C02AF012C02BF053
:100CD00013C02CF014C02DF0520E2E6EB80E2F6ED5
:100CE000BE0E306EC00E316EE7ECA2F02AC03FF0AF
:100CF0002BC040F02CC041F02DC042F0CDEF88F069
:100D0000070E3E18D8A487EF86F089EF86F01EEF15
:100D100087F03DBE8EEF86F090EF86F0D7EF86F03D
:100D20003AC02AF03BC02BF03CC02CF03DC02DF067
:100D3000140E2E6EAE0E2F6EA70E306E3F0E316E5D
:100D4000DBECBBF0D8B0A7EF86F0A9EF86F0D7EFC9
:100D500086F0C30E156EB50E166E6A0E176E430E34
:100D6000186E3AC011F03BC012F03CC013F03DC009
:100D700014F075ECA7F011C02AF012C02BF013C0CC
:100D80002CF014C02DF08F0E2E6EC20E2F6EBB0EE7
:100D9000306EC10E316EE7ECA2F02AC03FF02BC0DE
:100DA00040F02CC041F02DC042F0CDEF88F03AC0A9
:100DB0002AF03BC02BF03CC02CF03DC02DF0140EAF
:100DC0002E6EAE0E2F6EA70E306E3F0E316EDBEC28
:100DD000BBF0D8A0EEEF86F0F0EF86F0CDEF88F014
:100DE0001F0E156E050E166EE30E176E420E186E70
:100DF0003AC011F03BC012F03CC013F03DC014F0FB
:100E000075ECA7F011C02AF012C02BF013C02CF023
:100E100014C02DF03D0E2E6E4A0E2F6E070E306E52
:100E2000430E316EE7ECA2F02AC03FF02BC040F039
:100E30002CC041F02DC042F0CDEF88F00A0E3E18D4
:100E4000D8A425EF87F027EF87F0BCEF87F03DBEF1
:100E50002CEF87F02EEF87F075EF87F03AC02AF07D
:100E60003BC02BF03CC02CF03DC02DF0E10E2E6EAF
:100E70007A0E2F6E140E306E3F0E316EDBECBBF02F
:100E8000D8B045EF87F047EF87F075EF87F07B0E1E
:100E9000156E940E166E6F0E176E430E186E3AC0D6
:100EA00011F03BC012F03CC013F03DC014F075ECE3
:100EB000A7F011C02AF012C02BF013C02CF014C000
:100EC0002DF09A0E2E6E990E2F6EBF0E306EC10E43
:100ED000316EE7ECA2F02AC03FF02BC040F02CC0EE
:100EE00041F02DC042F0CDEF88F03AC02AF03BC06F
:100EF0002BF03CC02CF03DC02DF0E10E2E6E7A0E92
:100F00002F6E140E306E3F0E316EDBECBBF0D8A0AE
:100F10008CEF87F08EEF87F0CDEF88F0EC0E156E3A
:100F2000510E166EAD0E176E420E186E3AC011F0CD
:100F30003BC012F03CC013F03DC014F075ECA7F0BC
:100F400011C02AF012C02BF013C02CF014C02DF0E9
:100F5000C30E2E6E750E2F6E810E306E420E316EE8
:100F6000E7ECA2F02AC03FF02BC040F02CC041F0CB
:100F70002DC042F0CDEF88F00C0E3E18D8A4C3EF80
:100F800087F0C5EF87F0F3EF87F0000E156EC00E07
:100F9000166E800E176E430E186E3AC011F03BC0ED
:100FA00012F03CC013F03DC014F075ECA7F011C076
:100FB0002AF012C02BF013C02CF014C02DF0000E3C
:100FC0002E6E000E2F6ECE0E306EC10E316EE7EC1F
:100FD000A2F02AC03FF02BC040F02CC041F02DC041
:100FE00042F0CDEF88F00E0E3E18D8A4FAEF87F04D
:100FF000FCEF87F02AEF88F0000E156E000E166EDB
:101000008E0E176E410E186E3AC011F03BC012F0F2
:101010003CC013F03DC014F075ECA7F011C02AF0ED
:1010200012C02BF013C02CF014C02DF0710E2E6ED8
:101030003D0E2F6E2A0E306EC00E316EE7ECA2F020
:101040002AC03FF02BC040F02CC041F02DC042F030
:10105000CDEF88F00B0E3E18D8A431EF88F033EFB7
:1010600088F061EF88F0660E156EE60E166E470E7C
:10107000176E430E186E3AC011F03BC012F03CC020
:1010800013F03DC014F075ECA7F011C02AF012C0A7
:101090002BF013C02CF014C02DF0000E2E6E000E9D
:1010A0002F6EF00E306EC10E316EE7ECA2F02AC04A
:1010B0003FF02BC040F02CC041F02DC042F0CDEFEE
:1010C00088F00F0E3E18D8A468EF88F06AEF88F019
:1010D00098EF88F0B80E156EFE0E166EC70E176EDE
:1010E000430E186E3AC011F03BC012F03CC013F032
:1010F0003DC014F075ECA7F011C02AF012C02BF01F
:1011000013C02CF014C02DF0000E2E6E000E2F6EAA
:10111000700E306EC20E316EE7ECA2F02AC03FF0C6
:101120002BC040F02CC041F02DC042F0CDEF88F034
:101130000D0E3E18D8A49FEF88F0A1EF88F0C6EFFF
:1011400081F0AE0E156E470E166E400E176E420EF3
:10115000186E3AC011F03BC012F03CC013F03DC015
:1011600014F075ECA7F011C02AF012C02BF013C0D8
:101170002CF014C02DF0520E2E6EB80E2F6EE60E0F
:10118000306EC00E316EE7ECA2F02AC03FF02BC0EB
:1011900040F02CC041F02DC042F042BED4EF88F0A8
:1011A000D2EF88F0DCEF88F0000E3F6E000E406E4C
:1011B000000E416E000E426E3FC03AF040C03BF060
:1011C00041C03CF042C03DF01200600007F0D9FF82
:1011D00060000BF0DAFFA50EDE18D8A4F2EF88F05D
:1011E000F4EF88F070EF89F020EE01F00150D9267D
:1011F0000250DA225A0EDE18D8A401EF89F003EF6C
:1012000089F070EF89F020EE02F00150D9260250EB
:10121000DA22060EDE18D8A410EF89F012EF89F05A
:1012200070EF89F020EE03F00150D9260250DA2247
:10123000830EDE18D8A41FEF89F021EF89F070EF3C
:1012400089F020EE04F00150D9260250DA22100E67
:10125000DE18D8A42EEF89F030EF89F070EF89F016
:1012600020EE05F00150D9260250DA22020EDE18D7
:10127000D8A43DEF89F03FEF89F070EF89F020EEC0
:1012800006F00150D9260250DA22DE04D8A44BEF32
:1012900089F04DEF89F070EF89F020EE07F00150F2
:1012A000D9260250DA22100EDE18D8A45AEF89F09F
:1012B0005CEF89F070EF89F020EE08F00150D9263C
:1012C0000250DA22020EDE18D8A469EF89F06BEF23
:1012D00089F070EF89F004010087170E68EF8FF036
:1012E000600007F0D9FF60000BF0DAFFA50EDE18F2
:1012F000D8A47DEF89F07FEF89F0F9EF89F020EE37
:1013000001F00150D9260250DA225A0EDE18D8A474
:101310008CEF89F08EEF89F0F9EF89F020EE02F082
:101320000150D9260250DA22060EDE18D8A49BEF0F
:1013300089F09DEF89F0F9EF89F020EE03F001507C
:10134000D9260250DA22830EDE18D8A4AAEF89F03B
:10135000ACEF89F0F9EF89F020EE04F00150D926C6
:101360000250DA22100EDE18D8A4B9EF89F0BBEFD4
:1013700089F0F9EF89F020EE05F00150D9260250EE
:10138000DA22DE04D8A4C7EF89F0C9EF89F0F9EFBB
:1013900089F020EE06F00150D9260250DA22DE0450
:1013A000D8A4D5EF89F0D7EF89F0F9EF89F020EED6
:1013B00007F00150D9260250DA22100EDE18D8A408
:1013C000E4EF89F0E6EF89F0F9EF89F020EE08F01C
:1013D0000150D9260250DA22DE04D8A4F2EF89F0B7
:1013E000F4EF89F0F9EF89F004010087060E68EF49
:1013F0008FF0600007F0D9FF60000BF0DAFFA50E58
:10140000DE18D8A406EF8AF008EF8AF084EF8AF09D
:1014100020EE01F00150D9260250DA225A0EDE18D1
:10142000D8A415EF8AF017EF8AF084EF8AF020EE47
:1014300002F00150D9260250DA22060EDE18D8A496
:1014400024EF8AF026EF8AF084EF8AF020EE03F092
:101450000150D9260250DA22830EDE18D8A433EFC9
:101460008AF035EF8AF084EF8AF020EE04F0015024
:10147000D9260250DA22100EDE18D8A442EF8AF0E4
:1014800044EF8AF084EF8AF020EE05F00150D9266F
:101490000250DA22040EDE18D8A451EF8AF053EF7E
:1014A0008AF084EF8AF020EE06F00150D92602502F
:1014B000DA22DE04D8A45FEF8AF061EF8AF084EFCD
:1014C0008AF020EE07F00150D9260250DA22100EE1
:1014D000DE18D8A46EEF8AF070EF8AF084EF8AF0FD
:1014E00020EE08F00150D9260250DA22040EDE1850
:1014F000D8A47DEF8AF07FEF8AF084EF8AF00401B0
:101500000087080E68EF8FF0600007F0D9FF6000D9
:101510000BF0DAFFA50EDE18D8A491EF8AF093EF56
:101520008AF00FEF8BF020EE01F00150D926025027
:10153000DA225A0EDE18D8A4A0EF8AF0A2EF8AF0C1
:101540000FEF8BF020EE02F00150D9260250DA2284
:10155000060EDE18D8A4AFEF8AF0B1EF8AF00FEFD5
:101560008BF020EE03F00150D9260250DA22830ED0
:10157000DE18D8A4BEEF8AF0C0EF8AF00FEF8BF030
:1015800020EE04F00150D9260250DA22100EDE18A7
:10159000D8A4CDEF8AF0CFEF8AF00FEF8BF020EEDA
:1015A00005F00150D9260250DA22050EDE18D8A423
:1015B000DCEF8AF0DEEF8AF00FEF8BF020EE06F022
:1015C0000150D9260250DA22DE04D8A4EAEF8AF0CC
:1015D000ECEF8AF00FEF8BF020EE07F00150D926E8
:1015E0000250DA22100EDE18D8A4F9EF8AF0FBEFD1
:1015F0008AF00FEF8BF020EE08F00150D926025050
:10160000DA22050EDE18D8A408EF8BF00AEF8BF073
:101610000FEF8BF004010097050E68EF8FF060006C
:1016200007F0D9FF60000BF0DAFFA50EDE18D8A492
:101630001CEF8BF01EEF8BF09AEF8BF020EE01F099
:101640000150D9260250DA225A0EDE18D8A42BEF08
:101650008BF02DEF8BF09AEF8BF020EE02F0015023
:10166000D9260250DA22060EDE18D8A43AEF8BF003
:101670003CEF8BF09AEF8BF020EE03F00150D9266F
:101680000250DA22830EDE18D8A449EF8BF04BEF1C
:101690008BF09AEF8BF020EE04F00150D926025027
:1016A000DA22100EDE18D8A458EF8BF05AEF8BF028
:1016B0009AEF8BF020EE05F00150D9260250DA2285
:1016C000030EDE18D8A467EF8BF069EF8BF09AEF6A
:1016D0008BF020EE06F00150D9260250DA22DE040B
:1016E000D8A475EF8BF077EF8BF09AEF8BF020EEAC
:1016F00007F00150D9260250DA22100EDE18D8A4C5
:1017000084EF8BF086EF8BF09AEF8BF020EE08F0F1
:101710000150D9260250DA22030EDE18D8A493EF26
:101720008BF095EF8BF09AEF8BF004010097090E88
:1017300068EF8FF0600007F0D9FF60000BF0DAFF70
:10174000A50EDE18D8A4A7EF8BF0A9EF8BF025EF3C
:101750008CF020EE01F00150D9260250DA225A0E08
:10176000DE18D8A4B6EF8BF0B8EF8BF025EF8CF035
:1017700020EE02F00150D9260250DA22060EDE18C1
:10178000D8A4C5EF8BF0C7EF8BF025EF8CF020EEDF
:1017900003F00150D9260250DA22830EDE18D8A4B5
:1017A000D4EF8BF0D6EF8BF025EF8CF020EE04F029
:1017B0000150D9260250DA22100EDE18D8A4E3EF29
:1017C0008BF0E5EF8BF025EF8CF020EE05F001506B
:1017D000D9260250DA22060EDE18D8A4F2EF8BF0DA
:1017E000F4EF8BF025EF8CF020EE06F00150D926B7
:1017F0000250DA22DE04D8A400EF8CF002EF8CF065
:1018000025EF8CF020EE07F00150D9260250DA22A5
:10181000100EDE18D8A40FEF8CF011EF8CF025EF2E
:101820008CF020EE08F00150D9260250DA22060E84
:10183000DE18D8A41EEF8CF020EF8CF025EF8CF092
:1018400004010087070E68EF8FF0600007F0D9FFF2
:1018500060000BF0DAFFA50EDE18D8A432EF8CF092
:1018600034EF8CF0B0EF8CF020EE01F00150D9266F
:101870000250DA225A0EDE18D8A441EF8CF043EF62
:101880008CF0B0EF8CF020EE02F00150D92602501F
:10189000DA22060EDE18D8A450EF8CF052EF8CF04E
:1018A000B0EF8CF020EE03F00150D9260250DA227E
:1018B000830EDE18D8A45FEF8CF061EF8CF0B0EFF0
:1018C0008CF020EE04F00150D9260250DA22100EDE
:1018D000DE18D8A46EEF8CF070EF8CF0B0EF8CF0C7
:1018E00020EE05F00150D9260250DA22080EDE184B
:1018F000D8A47DEF8CF07FEF8CF0B0EF8CF020EE71
:1019000006F00150D9260250DA22DE04D8A48BEF6B
:101910008CF08DEF8CF0B0EF8CF020EE07F00150E2
:10192000D9260250DA22100EDE18D8A49AEF8CF0D5
:101930009CEF8CF0B0EF8CF020EE08F00150D9262F
:101940000250DA22080EDE18D8A4A9EF8CF0ABEF13
:101950008CF0B0EF8CF0040100870A0E68EF8FF076
:10196000600007F0D9FF60000BF0DAFFA50EDE186B
:10197000D8A4BDEF8CF0BFEF8CF03BEF8DF020EEE4
:1019800001F00150D9260250DA225A0EDE18D8A4EE
:10199000CCEF8CF0CEEF8CF03BEF8DF020EE02F030
:1019A0000150D9260250DA22060EDE18D8A4DBEF49
:1019B0008CF0DDEF8CF03BEF8DF020EE03F001506A
:1019C000D9260250DA22830EDE18D8A4EAEF8CF072
:1019D000ECEF8CF03BEF8DF020EE04F00150D926B7
:1019E0000250DA22100EDE18D8A4F9EF8CF0FBEFCB
:1019F0008CF03BEF8DF020EE05F00150D92602501F
:101A0000DA22070EDE18D8A408EF8DF00AEF8DF069
:101A10003BEF8DF020EE06F00150D9260250DA227D
:101A2000DE04D8A416EF8DF018EF8DF03BEF8DF0AB
:101A300020EE07F00150D9260250DA22100EDE18EF
:101A4000D8A425EF8DF027EF8DF03BEF8DF020EE41
:101A500008F00150D9260250DA22070EDE18D8A469
:101A600034EF8DF036EF8DF03BEF8DF00401008701
:101A70000C0E68EF8FF0600007F0D9FF60000BF0EC
:101A8000DAFFA50EDE18D8A448EF8DF04AEF8DF0EE
:101A9000C6EF8DF020EE01F00150D9260250DA2277
:101AA0005A0EDE18D8A457EF8DF059EF8DF0C6EF1F
:101AB0008DF020EE02F00150D9260250DA22060EF7
:101AC000DE18D8A466EF8DF068EF8DF0C6EF8DF0CC
:101AD00020EE03F00150D9260250DA22830EDE18E0
:101AE000D8A475EF8DF077EF8DF0C6EF8DF020EE76
:101AF00004F00150D9260250DA22100EDE18D8A4C4
:101B000084EF8DF086EF8DF0C6EF8DF020EE05F0BE
:101B10000150D9260250DA220B0EDE18D8A493EF1A
:101B20008DF095EF8DF0C6EF8DF020EE06F00150B0
:101B3000D9260250DA22DE04D8A4A1EF8DF0A3EF5B
:101B40008DF0C6EF8DF020EE07F00150D92602503F
:101B5000DA22100EDE18D8A4B0EF8DF0B2EF8DF0BF
:101B6000C6EF8DF020EE08F00150D9260250DA229F
:101B70000B0EDE18D8A4BFEF8DF0C1EF8DF0C6EFCD
:101B80008DF0040100970E0E68EF8FF0600007F0F3
:101B9000D9FF60000BF0DAFFA50EDE18D8A4D3EF52
:101BA0008DF0D5EF8DF051EF8EF020EE01F0015069
:101BB000D9260250DA225A0EDE18D8A4E2EF8DF0B0
:101BC000E4EF8DF051EF8EF020EE02F00150D926B7
:101BD0000250DA22060EDE18D8A4F1EF8DF0F3EFF2
:101BE0008DF051EF8EF020EE03F00150D926025017
:101BF000DA22830EDE18D8A400EF8EF002EF8EF00A
:101C000051EF8EF020EE04F00150D9260250DA2276
:101C1000100EDE18D8A40FEF8EF011EF8EF051EFFA
:101C20008EF020EE05F00150D9260250DA220C0E7B
:101C3000DE18D8A41EEF8EF020EF8EF051EF8EF05C
:101C400020EE06F00150D9260250DA22DE04D8A494
:101C50002CEF8EF02EEF8EF051EF8EF020EE07F08D
:101C60000150D9260250DA22100EDE18D8A43BEF1C
:101C70008EF03DEF8EF051EF8EF020EE08F0015027
:101C8000D9260250DA220C0EDE18D8A44AEF8EF0C4
:101C90004CEF8EF051EF8EF0040100970B0E68EFC1
:101CA0008FF0600007F0D9FF60000BF0DAFFA50E9F
:101CB000DE18D8A45EEF8EF060EF8EF0DCEF8EF0D1
:101CC00020EE01F00150D9260250DA225A0EDE1819
:101CD000D8A46DEF8EF06FEF8EF0DCEF8EF020EE7B
:101CE00002F00150D9260250DA22060EDE18D8A4DE
:101CF0007CEF8EF07EEF8EF0DCEF8EF020EE03F0C6
:101D00000150D9260250DA22830EDE18D8A48BEFB8
:101D10008EF08DEF8EF0DCEF8EF020EE04F00150AF
:101D2000D9260250DA22100EDE18D8A49AEF8EF0CF
:101D30009CEF8EF0DCEF8EF020EE05F00150D926FE
:101D40000250DA220A0EDE18D8A4A9EF8EF0ABEF0B
:101D50008EF0DCEF8EF020EE06F00150D926025016
:101D6000DA22DE04D8A4B7EF8EF0B9EF8EF0DCEF04
:101D70008EF020EE07F00150D9260250DA22100E24
:101D8000DE18D8A4C6EF8EF0C8EF8EF0DCEF8EF030
:101D900020EE08F00150D9260250DA220A0EDE1891
:101DA000D8A4D5EF8EF0D7EF8EF0DCEF8EF00401E3
:101DB00000970F0E68EF8FF0600007F0D9FF60000A
:101DC0000BF0DAFFA50EDE18D8A4E9EF8EF0EBEFEA
:101DD0008EF067EF8FF020EE01F00150D92602500F
:101DE000DA225A0EDE18D8A4F8EF8EF0FAEF8EF051
:101DF00067EF8FF020EE02F00150D9260250DA2270
:101E0000060EDE18D8A407EF8FF009EF8FF067EF0A
:101E10008FF020EE03F00150D9260250DA22830E13
:101E2000DE18D8A416EF8FF018EF8FF067EF8FF061
:101E300020EE04F00150D9260250DA22100EDE18EE
:101E4000D8A425EF8FF027EF8FF067EF8FF020EE0B
:101E500005F00150D9260250DA220D0EDE18D8A462
:101E600034EF8FF036EF8FF067EF8FF020EE06F053
:101E70000150D9260250DA22DE04D8A442EF8FF0B6
:101E800044EF8FF067EF8FF020EE07F00150D92676
:101E90000250DA22100EDE18D8A451EF8FF053EF63
:101EA0008FF067EF8FF020EE08F00150D926025036
:101EB000DA220D0EDE18D8A460EF8FF062EF8FF0FB
:101EC00067EF8FF0040100970D0E68EF8FF0000EA2
:101ED0001200000E0001806F000E7F6F59C091F05C
:101EE0005AC092F05BC093F05CC094F094BF7DEF59
:101EF0008FF07BEF8FF093EF8FF0000E806F010E6D
:101F00007F6F91C001F092C002F093C003F094C0C3
:101F100004F054ECC6F001C091F002C092F003C08E
:101F200093F004C094F0000E0001986F000E976FBC
:101F30006EC183F06FC184F07F518011D8A4A3EFEC
:101F40008FF0A5EF8FF0ACEF8FF0EAA5AAEF8FF03E
:101F5000ACEF8FF0C6EF8FF07F518011D8A4B3EFB4
:101F60008FF0B5EF8FF0BBEF8FF0000E666F2B0E8A
:101F7000656FBFEF8FF0000E666F2D0E656F65C049
:101F8000A7F2974B982B8307D8A0840791C001F044
:101F900092C002F093C003F094C004F05DECBCF07A
:101FA00001040210D8A4D7EF8FF0D9EF8FF030EFF3
:101FB00090F0BF0E0001606FFF0E616F5D50626FA9
:101FC000636B605162276151632363510AE11A0E0A
:101FD000625DD8A0EEEF8FF0F1EF8FF0010EF2EF1F
:101FE0008FF0000E676F686B67516811D8B4FBEF14
:101FF0008FF0FDEF8FF00BEF90F0A70E9725016E9D
:10200000020E9821026EC80E036EFF0E046EF6ECEF
:10201000C3F017EF90F0A70E9725016E020E9821DE
:10202000026ED00E036EFF0E046EF6ECC3F00001DC
:10203000FD0E8327FF0E842357C011F058C012F005
:10204000A70E136E020E146E83C015F084C016F036
:10205000FDECBEF011C057F012C058F096EF95F0AD
:1020600091C001F092C002F093C003F094C004F05C
:102070005DECBCF001500210D8A441EF90F043EFAA
:1020800090F083EF90F0BF0E0001606FFF0E616F64
:102090005D50626F636B60516227615163236351CE
:1020A0000AE11A0E625DD8A058EF90F05BEF90F055
:1020B000010E5CEF90F0000E696F6A6B69516A1156
:1020C000D8B465EF90F067EF90F075EF90F0A70E41
:1020D0009725016E020E9821026ECC0E036EFF0E44
:1020E000046EF6ECC3F017EF90F0A70E9725016E83
:1020F000020E9821026ED40E036EFF0E046EF6ECF3
:10210000C3F017EF90F0000E0001996F000E9A6F68
:10211000800E9B6F3F0E9C6F000E966F000E956FAA
:1021200091C001F092C002F093C003F094C004F09B
:10213000000E056E000E066E000E076E000E086E95
:1021400022ECC1F0D8B0A7EF90F0A9EF90F02CEFFF
:1021500091F0C8EF90F099C011F09AC012F09BC0B6
:1021600013F09CC014F0000E156E000E166E200EBB
:10217000176E410E186E75ECA7F011C099F012C0E1
:102180009AF013C09BF014C09CF00001954B962B65
:1021900091C02AF092C02BF093C02CF094C02DF087
:1021A000000E156E000E166E200E176E410E186E84
:1021B00099C011F09AC012F09BC013F09CC014F0AB
:1021C00075ECA7F011C02EF012C02FF013C030F044
:1021D00014C031F0DBECBBF0D8B0F1EF90F0F3EFCE
:1021E00090F0ABEF90F013EF91F099C02AF09AC005
:1021F0002BF09BC02CF09CC02DF0000E2E6E000E1C
:102200002F6E200E306E410E316E6DECABF02AC099
:1022100099F02BC09AF02CC09BF02DC09CF00001CF
:102220009507D8A0960791C02AF092C02BF093C0D2
:102230002CF094C02DF099C02EF09AC02FF09BC0C6
:1022400030F09CC031F0DBECBBF0D8A02AEF91F06D
:102250002CEF91F0F5EF90F05DC007F0086A5CECB0
:10226000C4F007500001866F86C085F0670E86199E
:10227000D8A43DEF91F03FEF91F065EF91F0E85178
:10228000E911D8A446EF91F048EF91F04CEF91F0AE
:10229000000EE96F010EE86FE9BF59EF91F0E951C7
:1022A00006E1E805D8B057EF91F059EF91F05FEFF4
:1022B00091F0000E826F060E816F6EEF91F0E8C014
:1022C00081F0E9C082F06EEF91F0E9BF6AEF91F022
:1022D0006CEF91F059EF91F05FEF91F0670E861976
:1022E000D8A475EF91F077EF91F0A6EF91F096AF4B
:1022F00085EF91F0FC0E955DFF0E9659D8A083EF07
:1023000091F085EF91F0A4EF91F0FF0E606FFF0E5A
:10231000616F81C062F082C063F0605162276151D9
:1023200063239551625D6351800A646F9651800A00
:102330006459D8A09EEF91F0A0EF91F0A4EF91F036
:10234000660E856FA6EF91F0650E856F81C077F000
:1023500082C078F0670E8619D8A4B1EF91F0B3EF80
:1023600091F0C3EF91F0660E8519D8A4BAEF91F001
:10237000BCEF91F0C5EF91F096BFC3EF91F0C1EFC4
:1023800091F0C5EF91F0774B782B660E8519D8A4A4
:10239000CCEF91F0CEEF91F0EEEF91F096BFD5EF4C
:1023A00091F0D3EF91F0E1EF91F0000E996F000EF4
:1023B0009A6F800E9B6F3F0E9C6F000E966F000E03
:1023C000956F670E8619D8B4E8EF91F0EAEF91F0B7
:1023D000EEEF91F09551772796517823000E906F8C
:1023E000000E8F6F91C087F092C088F093C089F083
:1023F00094C08AF099C079F09AC07AF09BC07BF0C3
:102400009CC07CF07FEF92F087C02AF088C02BF050
:1024100089C02CF08AC02DF099C02EF09AC02FF000
:102420009BC030F09CC031F06DECABF02AC043F0A3
:102430002BC044F02CC045F02DC046F027ECB2F084
:1024400043C08BF044C08CF045C08DF046C08EF088
:102450008BC03AF08CC03BF08DC03CF08EC03DF09C
:1024600058ECBBF03AC07DF03BC07EF087C03AF03C
:1024700088C03BF089C03CF08AC03DF099C015F09F
:102480009AC016F09BC017F09CC018F08BC011F0DA
:102490008CC012F08DC013F08EC014F075ECA7F054
:1024A00011C03EF012C03FF013C040F014C041F024
:1024B000B4ECC5F03AC087F03BC088F03CC089F06E
:1024C0003DC08AF099C02AF09AC02BF09BC02CF036
:1024D0009CC02DF0000E2E6E000E2F6E200E306E62
:1024E000410E316E6DECABF02AC099F02BC09AF022
:1024F0002CC09BF02DC09CF000018F4B902B77518E
:102500008F5D9051800A606F7851800A6059D8A021
:102510008CEF92F08EEF92F004EF92F099C011F0F0
:102520009AC012F09BC013F09CC014F0000E156E00
:10253000000E166EA00E176E400E186E75ECA7F00A
:1025400011C08BF012C08CF013C08DF014C08EF04F
:1025500087C02AF088C02BF089C02CF08AC02DF0EB
:102560008BC02EF08CC02FF08DC030F08EC031F0BB
:10257000DBECBBF0D8B0BFEF92F0C1EF92F0CCEF44
:1025800092F0000E00018B6F000E8C6F000E8D6FAD
:10259000000E8E6FF5EF92F087C001F088C002F058
:1025A00089C003F08AC004F08BC005F08CC006F02F
:1025B0008DC007F08EC008F022ECC1F0D8A0E3EF88
:1025C00092F0E5EF92F0F5EF92F000017DB1EBEFC4
:1025D00092F0EDEF92F0F5EF92F0000E8B6F000E9F
:1025E0008C6F000E8D6F000E8E6F91C02AF092C01E
:1025F0002BF093C02CF094C02DF08BC02EF08CC02B
:102600002FF08DC030F08EC031F0E7ECA2F02AC080
:1026100087F02BC088F02CC089F02DC08AF087C0CD
:102620002AF088C02BF089C02CF08AC02DF0000E53
:10263000156E000E166E200E176E410E186E79C0C4
:1026400011F07AC012F07BC013F07CC014F075EC6E
:10265000A7F011C02EF012C02FF013C030F014C03C
:1026600031F0DBECBBF0D8A038EF93F03AEF93F009
:1026700063EF93F00001954B962B79C011F07AC06F
:1026800012F07BC013F07CC014F0000E156E000E2B
:10269000166E200E176E410E186E75ECA7F011C065
:1026A00079F012C07AF013C07BF014C07CF0660E93
:1026B00000018519D8A45FEF93F061EF93F063EF09
:1026C00093F0774B782B79C099F07AC09AF07BC061
:1026D0009BF07CC09CF0650E00018519D8B473EFA7
:1026E00093F075EF93F07BEF93F095C075F096C083
:1026F00076F07FEF93F0000E766F000E756F000E90
:10270000746F000E736F000E726F000E716F000E0B
:10271000906F000E8F6F7AEF94F087C02AF088C018
:102720002BF089C02CF08AC02DF099C02EF09AC0F1
:102730002FF09BC030F09CC031F06DECABF02AC0A4
:1027400043F02BC044F02CC045F02DC046F027ECE0
:10275000B2F043C08BF044C08CF045C08DF046C051
:102760008EF08BC03AF08CC03BF08DC03CF08EC038
:102770003DF058ECBBF03AC07DF03BC07EF000016C
:10278000EAB9C5EF93F0C7EF93F0E4EF93F07D5112
:102790007E11D8A4CEEF93F0D0EF93F0E4EF93F056
:1027A000670E8619D8A4D7EF93F0D9EF93F0E4EF32
:1027B00093F076BFE0EF93F0DEEF93F0E4EF93F069
:1027C000714B722B2EEF94F073517411D8A4EBEF70
:1027D00093F0EDEF93F017EF94F076BFF4EF93F0F2
:1027E000F2EF93F017EF94F0A70E9725D96E020E33
:1027F0009821DA6E2E0EDF6E974B982B8307D8A0A8
:102800008407000E746F010E736F17EF94F0A70E1C
:102810009725D96E020E9821DA6E300EDF6E974B37
:10282000982B8307D8A084077107D8A0720771512D
:102830007211D8A41EEF94F020EF94F007EF94F0FB
:10284000A70E9725D96E020E9821DA6E7D51300FB2
:10285000DF6E974B982B8307D8A0840787C03AF088
:1028600088C03BF089C03CF08AC03DF099C015F0AB
:102870009AC016F09BC017F09CC018F08BC011F0E6
:102880008CC012F08DC013F08EC014F075ECA7F060
:1028900011C03EF012C03FF013C040F014C041F030
:1028A000B4ECC5F03AC087F03BC088F03CC089F07A
:1028B0003DC08AF099C02AF09AC02BF09BC02CF042
:1028C0009CC02DF0000E2E6E000E2F6E200E306E6E
:1028D000410E316E6DECABF02AC099F02BC09AF02E
:1028E0002CC09BF02DC09CF000017507D8A0760786
:1028F0008F4B902B77518F5D9051800A606F78518C
:10290000800A6059D8B087EF94F089EF94F097EF80
:1029100094F098BF95EF94F0985109E14B0E975DB4
:10292000D8A095EF94F097EF94F08DEF93F073515A
:102930007411D8A49EEF94F0A0EF94F0B1EF94F04E
:10294000EAA9A5EF94F0A7EF94F0B1EF94F0A70EE9
:102950009725D96E020E9821DA6E2E0EDF6E974BF8
:10296000982BA70E9725D96E020E9821DA6E000ECD
:10297000DF6E650E8519D8A4C0EF94F0C2EF94F015
:102980001CEF90F0000E906F4F0E8F6FA70E8F25EB
:10299000D96E020E9021DA6E000EDF6E000E806F8F
:1029A000000E7F6F96BFD9EF94F0D7EF94F0E1EF70
:1029B00094F0000E806F010E7F6F956D961FD8B05A
:1029C000962B000E826F020E816F12EF95F08F072B
:1029D000D8A09007A70E8F25D96E020E9021DA6E2F
:1029E00095C001F096C002F0000E046E0A0E036E50
:1029F0001AECC0F00150300FDF6E95C001F096C0A8
:102A000002F0000E046E0A0E036E60ECBFF001C00F
:102A100095F002C096F000018107D8A082078307D5
:102A2000D8A0840795519611D8A419EF95F01BEF03
:102A300095F0E7EF94F082BF28EF95F0825106E120
:102A40008105D8B026EF95F028EF95F0E7EF94F0E8
:102A50008F07D8A090077F518011D8A432EF95F04E
:102A600034EF95F03AEF95F0000E6C6F2B0E6B6F14
:102A70003EEF95F0000E6C6F2D0E6B6FA70E8F253D
:102A8000D96E020E9021DA6E6000AFF1DFFF83078E
:102A9000D8A084078F07D8A09007BF0E606FFF0EE5
:102AA000616F5D50626F636B605162276151632398
:102AB00063510AE11A0E625DD8A061EF95F064EFF0
:102AC00095F0010E65EF95F0000E6F6F706B6F5112
:102AD0007011D8A46EEF95F070EF95F076EF95F049
:102AE000000E6E6F650E6D6F7AEF95F0000E6E6FD3
:102AF000450E6D6FA70E8F25D96E020E9021DA6EEE
:102B00006000B7F1DFFF8307D8A08407A70E9725E1
:102B1000016E020E9821026EA70E8F25036E020E23
:102B20009021046EF6ECC3F01CEF90F01200EEEF73
:102B300099F00A0E2EECC8F001240101246F000E5A
:102B40000220256F000E0320266F000E0420276F41
:102B5000600087F3D9FF60008BF3DAFF3D0EDE6E75
:102B6000000EDD6E2EECC8F001012451015C2551F0
:102B700002582651035827510458D8B0C2EF95F097
:102B8000C4EF95F0C8EF99F017EF9AF00201034BEC
:102B9000042B2C0E035D010E0459D8A0D2EF95F042
:102BA000D4EF95F099EF95F00081000E026E000EC3
:102BB000016E80ECC7F00201A26F100EA219D8B40A
:102BC000E4EF95F0E6EF95F008EF96F001ECC8F031
:102BD000000E026E000E016E100E036E8FECC5F03B
:102BE000000E026E010E016E000E036E8FECC5F03A
:102BF000000E026E020E016E000E036E8FECC5F029
:102C0000030E016E020E026ECAECC7F099EF95F04A
:102C1000000E026E010E016E80ECC7F00001E36F42
:102C2000E351036E046A056A066A000E0DECB7F004
:102C300003C0A3F204C0A4F205C0A5F206C0A6F228
:102C4000A3C22AF0A4C22BF0A5C22CF0A6C22DF07C
:102C5000000E2E6E000E2F6EC80E306E420E316EBC
:102C60006DECABF02AC0A3F22BC0A4F22CC0A5F2ED
:102C70002DC0A6F2000E026E020E016E80ECC7F0AF
:102C80000009D8B446EF96F048EF96F062EF96F060
:102C9000A3C211F0A4C212F0A5C213F0A6C214F090
:102CA000000E156E000E166E800E176EBF0E186E9B
:102CB00075ECA7F011C0A3F212C0A4F213C0A5F2E4
:102CC00014C0A6F288ECC8F0360E116E020E126E19
:102CD00020ECC7F0360E0001C36F020EC46F5E0E0B
:102CE000C56FFF0EC66F3DECC5F0360E116E020EBD
:102CF000126EC2ECBFF0360E116E020E126E20EC98
:102D0000C7F0360E0001C36F020EC46FA10EC56F6F
:102D1000FF0EC66FA3C2C7F0A4C2C8F0A5C2C9F017
:102D2000A6C2CAF03DECC5F0360E116E020E126E50
:102D3000C2ECBFF0030E0201086FE80E076F030E2E
:102D40000A6FE80E096F2E0E0C6FE00E0B6F000E6F
:102D5000026E040E016E1EECC9F099EF95F0000EA4
:102D6000026E010E016EF5ECC6F00009D8B4BBEF9F
:102D700096F0BDEF96F0BFEF96F000EF96F0E0EC26
:102D8000C7F00009D8A4C7EF96F0C9EF96F0D3EFCB
:102D900096F0D5ECC7F00009D8B4D1EF96F0D3EF98
:102DA00096F0DDEF96F088ECC8F0000E026E050E8E
:102DB000016E1EECC9F099EF95F00201074B082B4C
:102DC000E80E075D030E0859D8A0E9EF96F0EBEF87
:102DD00096F0F9EF96F0070E016E020E026ECAEC45
:102DE000C7F0000E026E020E016E1EECC9F099EFE4
:102DF00095F0094B0A2BE80E095D030E0A59D8A07D
:102E000004EF97F006EF97F014EF97F0090E016EBC
:102E1000020E026ECAECC7F0000E026E030E016EC7
:102E20001EECC9F099EF95F00B4B0C2BE00E0B5DEF
:102E30002E0E0C59D8A01FEF97F021EF97F099EFC5
:102E400095F00B0E016E020E026ECAECC7F0A7EFF2
:102E500096F0000E026E020E016EF5ECC6F000094F
:102E6000D8B435EF97F037EF97F041EF97F028ECB3
:102E7000C9F0360E116E020E126E20ECC7F000EF94
:102E800096F09CECC7F00009D8B449EF97F04BEFEF
:102E900097F099EF95F01CECC8F001C00EF202C05B
:102EA0000FF203C010F204C011F2360E0001C36F1E
:102EB000020EC46FF30EC56FFF0EC66F0EC2C7F0D1
:102EC0000FC2C8F010C2C9F011C2CAF03DECC5F083
:102ED000360E026E020E036E05ECC3F0000E026E9B
:102EE000010E016E1EECC9F099EF95F0000E026E16
:102EF000030E016EF5ECC6F00009D8B482EF97F02E
:102F000084EF97F088EF97F030ECC9F000EF96F07F
:102F1000EBECC7F00009D8B490EF97F092EF97F080
:102F200099EF95F013ECC8F001C012F202C013F251
:102F300003C014F204C015F26EEF97F0000E026E9B
:102F4000040E016EF5ECC6F00009D8B4AAEF97F0B4
:102F5000ACEF97F0B0EF97F033ECC9F000EF96F0DC
:102F6000F6ECC7F00009D8B4B8EF97F0BAEF97F0D5
:102F700099EF95F03FECC9F00001E36FE351036E68
:102F8000046A056A066A000E0DECB7F003C01AF277
:102F900004C01BF205C01CF206C01DF21AC23AF0B2
:102FA0001BC23BF01CC23CF01DC23DF058ECBBF014
:102FB0003AC044F03BC045F0000E476ECF0E466E5F
:102FC00019ECC6F00AECC8F001C032F202C033F2CC
:102FD00003C034F204C035F26EEF97F0000E026EBB
:102FE000050E016EF5ECC6F00009D8B4FAEF97F0C3
:102FF000FCEF97F000EF98F036ECC9F039EF97F05E
:1030000035ECC7F00009D8B408EF98F00AEF98F053
:1030100099EF95F025ECC8F001C01EF202C01FF236
:1030200003C020F204C021F21EC22AF01FC22BF0FE
:1030300020C22CF021C22DF0A3C22EF0A4C22FF08A
:10304000A5C230F0A6C231F0E7ECA2F02AC01EF211
:103050002BC01FF22CC020F22DC021F239ECC9F098
:1030600002010D6F050E0D19D8B439EF98F03BEF42
:1030700098F08AEF98F0090E0D19D8B442EF98F045
:1030800044EF98F08AEF98F01EC211F01FC212F0C0
:1030900020C213F021C214F0000E156E000E166E41
:1030A000C80E176E420E186E75ECA7F011C01EF216
:1030B00012C01FF213C020F214C021F21EC201F090
:1030C0001FC202F020C203F021C204F030ECB3F0C2
:1030D00001C01EF202C01FF203C020F204C021F2A0
:1030E0001EC22AF01FC22BF020C22CF021C22DF0EC
:1030F000000E2E6E000E2F6EC80E306E420E316E18
:103100006DECABF02AC01EF22BC01FF22CC020F2D7
:103110002DC021F212C23AF013C23BF014C23CF0AF
:1031200015C23DF01EC23EF01FC23FF020C240F06B
:1031300021C241F00DC242F03DECB5F03AC09AF226
:103140003BC09BF23CC09CF23DC09DF29AC22AF06B
:103150009BC22BF09CC22CF09DC22DF01EC22EF003
:103160001FC22FF020C230F021C231F0E7ECA2F0F4
:103170002AC09EF22BC09FF22CC0A0F22DC0A1F25B
:10318000D5ECC7F00009D8A4C8EF98F0CAEF98F0C2
:1031900077EF99F039ECC9F002010D6F9EC23AF059
:1031A0009FC23BF0A0C23CF0A1C23DF00DC23EF078
:1031B00000EC80F03AC000F13BC001F13CC002F1EC
:1031C0003DC003F100C13AF001C13BF002C13CF047
:1031D00003C13DF058ECBBF03AC044F03BC045F0B1
:1031E000000E476EC70E466E19ECC6F0360E000193
:1031F000C36F020EC46F880EC56FFF0EC66F3DEC25
:10320000C5F0360E116E020E126EC2ECBFF0360E15
:10321000116E020E126E20ECC7F0360E0001C36F65
:10322000020EC46F230EC56FFF0EC66F1EC2C7F01D
:103230001FC2C8F020C2C9F021C2CAF00EC2CBF032
:103240000FC2CCF010C2CDF011C2CEF000C1CFF051
:1032500001C1D0F002C1D1F003C1D2F09EC2D3F0BF
:103260009FC2D4F0A0C2D5F0A1C2D6F03DECC5F00B
:10327000360E116E020E126EC2ECBFF0360E116EDB
:10328000020E126E20ECC7F0360E0001C36F020E64
:10329000C46FE70EC56FFE0EC66F12C2C7F013C231
:1032A000C8F014C2C9F015C2CAF032C2CBF033C2A2
:1032B000CCF034C2CDF035C2CEF09AC2CFF09BC272
:1032C000D0F09CC2D1F09DC2D2F0A3C2D3F0A4C270
:1032D000D4F0A5C2D5F0A6C2D6F03DECC5F0360EAE
:1032E000116E020E126EC2ECBFF0C4EF99F018EC32
:1032F000C9F03CECC9F002010D6F9EC23AF09FC2CA
:103300003BF0A0C23CF0A1C23DF00DC23EF000EC8B
:1033100080F03AC000F13BC001F13CC002F13DC079
:1033200003F100C13AF001C13BF002C13CF003C11E
:103330003DF058ECBBF03AC044F03BC045F0000E05
:10334000476EC70E466E19ECC6F000C13AF001C1D7
:103350003BF002C13CF003C13DF058ECBBF03AC079
:10336000E6F03BC0E7F0360E0001C36F020EC46FFB
:10337000B30EC56FFF0EC66FE6C0C7F0E7C0C8F05A
:103380003DECC5F06FEF99F001ECC8F06EEF97F0EF
:1033900081510001E36FE46BE451000AD8B4D3EF2C
:1033A00099F099EF95F0E351000AD8B4C6EF95F083
:1033B000010AD8B4AFEF96F0030AD8B429EF97F01A
:1033C000010AD8B476EF97F0070AD8B49EEF97F0C9
:1033D000010AD8B4EEEF97F099EF95F0600087F30B
:1033E000D9FF60008BF3DAFF6F0078FFE3F06F0026
:1033F00074FFE4F00001E451000AD8B402EF9AF03F
:103400000DEF9AF0E351000AD8B499EF95F03D0A18
:10341000D8B4B2EF95F00DEF9AF0600087F3D9FFC2
:1034200060008BF3DAFF000EDE6E000EDD6E120020
:1034300060007FF2D9FF600083F2DAFF6F007BFF4C
:10344000F6FF6F0077FFF7FF000EF86E0800F550EB
:10345000250AD8A42EEF9AF030EF9AF097EF9DF05E
:1034600060007FF2D9FF600083F2DAFFDE2A000EEF
:10347000DD22000E01016F6F000E6E6F6EC1EAF06B
:103480006FC1EBF00001E869E969000EB06F000E52
:10349000AF6F99EF9AF0EA8160007FF2D9FF600088
:1034A00083F2DAFFDE2A000EDD2299EF9AF0EA833A
:1034B0004CEF9AF0EA854CEF9AF0EA874CEF9AF0DD
:1034C000EA894CEF9AF0000EB06F010EAF6F99EFE2
:1034D0009AF060007FF2D9FF600083F2DAFF6F009C
:1034E0007BFFF6FF6F0077FFF7FF000EF86E080016
:1034F000F550A36FA46BA451000AD8B482EF9AF0E0
:1035000063EF9AF0A351200AD8B45DEF9AF0030A52
:10351000D8B460EF9AF0080AD8B45AEF9AF0060AC5
:10352000D8B44BEF9AF01D0AD8B457EF9AF063EF76
:103530009AF0AF51B011D8B4A0EF9AF0A2EF9AF080
:1035400069EF9AF0EAA1A7EF9AF0A9EF9AF0AAEF33
:103550009AF0EA9360007FF2D9FF600083F2DAFF0D
:103560006F007BFFF6FF6F0077FFF7FF000EF86E2E
:103570000800F5502E0AD8A4C0EF9AF0C2EF9AF0D6
:103580005EEF9BF0000EE96F000EE86F60007FF2C7
:10359000D9FF600083F2DAFFDE2A000EDD22600030
:1035A0007FF2D9FF600083F2DAFF6F007BFFF6FF46
:1035B0006F0077FFF7FF000EF86E0800F5502A0A3B
:1035C000D8A4E5EF9AF0E7EF9AF00EEF9BF06000D9
:1035D0007FF2D9FF600083F2DAFFDE2A000EDD22DF
:1035E000600087F2D9FF60008BF2DAFF6F007CFF8A
:1035F000A3F0020EDE266F007CFFA4F0000EDD2299
:1036000060008FF2D9FF600093F2DAFF6F0078FF5D
:10361000E8F06F0074FFE9F05EEF9BF060007FF26E
:10362000D9FF600083F2DAFF6F0078FF08F06F00C7
:1036300074FF09F031ECB6F008C0E8F009C0E9F019
:103640002BEF9BF060007FF2D9FF600083F2DAFF7E
:10365000DE2A000EDD22D00E0001A36FFF0EA46F44
:1036600060007FF2D9FF600083F2DAFF6F007BFF1A
:10367000F6FF6F0077FFF7FF000EF86E0800F550B9
:10368000A56FA66BA351A527A451A623A6510AE1B5
:103690000A0EA55DD8A04FEF9BF052EF9BF0010EF4
:1036A00053EF9BF0000EB16FB26BB151B211D8A4C1
:1036B0005CEF9BF05EEF9BF022EF9BF060007FF2EF
:1036C000D9FF600083F2DAFF6F007BFFF6FF6F0027
:1036D00077FFF7FF000EF86E0800F550076E086AD6
:1036E0005CECC4F007500001B96FB951D8B47BEF5E
:1036F0009BF07DEF9BF0C7EF9BF060007FF2D9FF5E
:10370000600083F2DAFF6F0078FFA3F06F0074FFB0
:10371000A4F0010EA327000EA42360008FF2F6FF91
:10372000600093F2F7FF000EF86E0800F550076E88
:10373000086A5CECC4F007500001BA6FBA51D8B403
:10374000A4EF9BF0A6EF9BF0C7EF9BF060007FF229
:10375000D9FF600083F2DAFF6F0078FFA3F06F00FB
:1037600074FFA4F0020EA327000EA42360008FF2C2
:10377000F6FF600093F2F7FF000EF86E0800F550B8
:10378000076E086A5CECC4F007500001BB6F600074
:103790007FF2D9FF600083F2DAFF6F007BFFF6FF54
:1037A0006F0077FFF7FF000EF86E0800F550640A0F
:1037B000D8B4DDEF9BF0DFEF9BF0F7EF9BF06000FC
:1037C0007FF2D9FF600083F2DAFF6F007BFFF6FF24
:1037D0006F0077FFF7FF000EF86E0800F550690ADA
:1037E000D8A4F5EF9BF0F7EF9BF041EF9CF0600061
:1037F0007FF2D9FF600083F2DAFFDE2A000EDD22BD
:10380000600087F2D9FF60008BF2DAFF6F007CFF67
:10381000A3F0020EDE266F007CFFA4F0000EDD2276
:1038200060008FF2D9FF600093F2DAFF6F0078FF3B
:10383000A7F06F0074FFA8F0000EA8BFFF0EA96FDD
:10384000AA6FAB6FAC6FAD6FAE6F9DC01CF09EC02A
:103850001DF0A7C01EF0A8C01FF0A9C020F0AAC08C
:1038600021F0ABC022F0ACC023F0ADC024F0AEC05C
:1038700025F0B4ECB0F01CC09DF01DC09EF0BAEF76
:103880009DF0660EB919D8A448EF9CF04AEF9CF061
:103890009DEF9CF060007FF2D9FF600083F2DAFFB9
:1038A0006F007BFFF6FF6F0077FFF7FF000EF86EEB
:1038B00008006F00D4FFBCF060007FF2D9FF600009
:1038C00083F2DAFFDE2A000EDD22600087F2D9FFE4
:1038D00060008BF2DAFF6F007CFFA3F0040EDE269F
:1038E0006F007CFFA4F0000EDD2260008FF2D9FF94
:1038F000600093F2DAFF6F0078FFB5F06F0078FF99
:10390000B6F06F0078FFB7F06F0078FFB8F09DC099
:1039100057F09EC058F0B5C059F0B6C05AF0B7C0C5
:103920005BF0B8C05CF0BCC05DF069EC8FF057C0D4
:103930009DF058C09EF0BAEF9DF0B90E016E000EDA
:10394000026EF00E036EFF0E046E000E066E020E87
:10395000056EDCECBCF001500210D8A4B2EF9CF074
:10396000B4EF9CF055EF9DF060007FF2D9FF60004E
:1039700083F2DAFF6F0078FFA3F06F0074FFA4F00A
:10398000010E0001A327000EA42360008FF2F6FFB2
:10399000600093F2F7FF000EF86E08006F00D4FF8E
:1039A000BCF0BF0EA36FFF0EA46F60007FF2D9FFC3
:1039B000600083F2DAFF6F007BFFF6FF6F0077FF96
:1039C000F7FF000EF86E0800F550A56FA66BA35127
:1039D000A527A451A623A6510AE11A0EA55DD8A0D9
:1039E000F4EF9CF0F7EF9CF0010EF8EF9CF0000E66
:1039F000B36FB46BB351B411D8B401EF9DF003EFC2
:103A00009DF027EF9DF0600087F2D9FF60008BF2F8
:103A1000DAFF6F007CFFA3F0040EDE266F007CFF50
:103A2000A4F0000EDD2260008FF2D9FF600093F257
:103A3000DAFF6F0078FFB5F06F0078FFB6F06F0027
:103A400078FFB7F06F0078FFB8F049EF9DF06000A5
:103A500087F2D9FF60008BF2DAFF6F007CFFA3F0E2
:103A6000040EDE266F007CFFA4F0000EDD22600055
:103A70008FF2D9FF600093F2DAFF6F0078FFB5F0A4
:103A80006F0078FFB6F06F0078FFB7F06F0078FF37
:103A9000B8F0020E60007FF2D9FF600083F2DAFF17
:103AA000DE26000EDD2287EF9CF060007FF2D9FF5A
:103AB000600083F2DAFF6F007BFFF6FF6F0077FF95
:103AC000F7FF000EF86E0800F550250AD8A46BEF3A
:103AD0009DF06DEF9DF087EF9DF060007FF2D9FFC4
:103AE000600083F2DAFFDE2A000EDD22000E026E95
:103AF000250E016E9DC003F09EC004F059ECBDF090
:103B0000000E00019E6F010E9D6FBAEF9DF06000E8
:103B10007FF2D9FF600083F2DAFFDE2A000EDD2299
:103B2000000E00019E6F000E9D6FBAEF9DF06000C9
:103B30007FF2D9FF600083F2DAFF6F007BFFF6FFB0
:103B40006F0077FFF7FF000EF86E0800F550016E6A
:103B5000026A9DC003F09EC004F059ECBDF0600005
:103B60007FF2D9FF600083F2DAFFDE2A000EDD2249
:103B700080EF9DF0120058EFA0F0010E2EECC8F07F
:103B800001240101286F000E0220296F000E03207E
:103B90002A6F000E04202B6F600013F1D9FF600024
:103BA00017F1DAFF1E0EDE6E000EDD6E2EECC8F091
:103BB00001012851015C295102582A5103582B5107
:103BC0000458D8B0E6EF9DF0E8EF9DF033EFA0F099
:103BD00080EFA0F0030100A1F0EF9DF0F2EF9DF067
:103BE000BDEF9DF0010E0101826FBDEF9DF0120E41
:103BF0003FECC8F0B4ECC7F00009D8A402EF9EF087
:103C000004EF9EF0FAEF9DF0BFECC7F001C0E0F3C7
:103C100002C0E1F3660E156E660E166E660E176E26
:103C20003F0E186EE2C303F0E3C304F0056A066AB0
:103C3000000E0DECB7F003C011F004C012F005C087
:103C400013F006C014F075ECA7F011C02EF012C0EE
:103C50002FF013C030F014C031F0CD0E156ECC0E25
:103C6000166ECC0E176E3D0E186EE0C303F0E1C366
:103C700004F0056A066A000E0DECB7F003C011F0FF
:103C800004C012F005C013F006C014F075ECA7F0E4
:103C900011C02AF012C02BF013C02CF014C02DF06C
:103CA000E7ECA2F02AC03AF02BC03BF02CC03CF06D
:103CB0002DC03DF058ECBBF03AC0E2F33BC0E3F35B
:103CC000D8900301CD35D96ECE35DA6E010ED926E6
:103CD000030EDA2260008BFFDEFF60008FFFDDFF46
:103CE000CD4BCE2BD890CB35D96ECC35DA6E010EBC
:103CF000D926030EDA226F0078FF46F06F0074FFBA
:103D000047F046C003F047C004F0056A066A000E9B
:103D10000DECB7F003C02AF004C02BF005C02CF066
:103D200006C02DF0CFC32EF0D0C32FF0D1C330F09A
:103D3000D2C331F0E7ECA2F02AC0CFF32BC0D0F30E
:103D40002CC0D1F32DC0D2F30301CB4BCC2BCC51E3
:103D500009E1640ECB5DD8A0B0EF9EF0B2EF9EF00B
:103D6000BDEF9EF0000ECC6F000ECB6F000ECE6F3D
:103D7000000ECD6F020E0101826F030100A3C3EF9D
:103D80009EF0C5EF9EF0BDEF9DF000930091000EF8
:103D90000101826FBDEF9DF0CFC32AF0D0C32BF09D
:103DA000D1C32CF0D2C32DF0000E2E6E000E2F6E5C
:103DB000C80E306E420E316E6DECABF02AC0CFF300
:103DC0002BC0D0F32CC0D1F32DC0D2F3030E0101D0
:103DD000826FBDEF9DF0CFC311F0D0C312F0D1C3FD
:103DE00013F0D2C314F06F0E156E120E166E830E02
:103DF000176E3A0E186E75ECA7F011C0D3F312C00F
:103E0000D4F313C0D5F314C0D6F3CCA60AEF9FF0B9
:103E10000CEF9FF013EF9FF0040E0101826F03017E
:103E20000095BDEF9DF0050E0101826F0301008535
:103E3000BDEF9DF0000E156E000E166EC00E176ED3
:103E4000400E186ED3C311F0D4C312F0D5C313F0D3
:103E5000D6C314F075ECA7F011C02AF012C02BF0F5
:103E600013C02CF014C02DF0CD0E2E6ECC0E2F6E84
:103E7000CC0E306E3E0E316EE7ECA2F02AC0D7F3C6
:103E80002BC0D8F32CC0D9F32DC0DAF3000E156E79
:103E9000000E166EC80E176E410E186ED7C311F0C5
:103EA000D8C312F0D9C313F0DAC314F075ECA7F03D
:103EB00011C02AF012C02BF013C02CF014C02DF04A
:103EC000000E2E6E000E2F6E480E306EC30E316E39
:103ED000E7ECA2F02AC0DBF32BC0DCF32CC0DDF34F
:103EE0002DC0DEF3000E2A6E000E2B6EC80E2C6E57
:103EF000420E2D6EDBC32EF0DCC32FF0DDC330F09D
:103F0000DEC331F0DBECBBF0D8B089EF9FF08BEF74
:103F10009FF096EF9FF0000E0301DB6F000EDC6F49
:103F2000C80EDD6F420EDE6FA6EF9FF00301DEBF0D
:103F30009EEF9FF09CEF9FF0A6EF9FF0000EDB6FCF
:103F4000000EDC6F000EDD6F000EDE6FDBC33AF09B
:103F5000DCC33BF0DDC33CF0DEC33DF058ECBBF00E
:103F60003A500301DF6F00910093C7EF9EF0D3C377
:103F700011F0D4C312F0D5C313F0D6C314F0000E61
:103F8000156E000E166EC00E176E400E186E75EC94
:103F9000A7F011C0D7F312C0D8F313C0D9F314C0DF
:103FA000DAF3000E156E000E166E200E176E420E1E
:103FB000186ED7C311F0D8C312F0D9C313F0DAC307
:103FC00014F075ECA7F011C02AF012C02BF013C04A
:103FD0002CF014C02DF0000E2E6E000E2F6EC80EA9
:103FE000306EC30E316EE7ECA2F02AC0DBF32BC0BB
:103FF000DCF32CC0DDF32DC0DEF3000E2A6E000EC4
:104000002B6EC80E2C6E420E2D6EDBC32EF0DCC361
:104010002FF0DDC330F0DEC331F0DBECBBF0D8B005
:1040200014EFA0F016EFA0F021EFA0F0000E0301B6
:10403000DB6F000EDC6FC80EDD6F420EDE6FA6EF89
:104040009FF00301DEBF29EFA0F027EFA0F0A6EF5D
:104050009FF0000EDB6F000EDC6F000EDD6F000EB8
:10406000DE6FA6EF9FF08251466E476A4750000A06
:10407000D8B43DEFA0F0BDEF9DF04650000AD8B493
:10408000EAEF9DF0010AD8B4F7EF9DF0030AD8B427
:10409000CCEF9EF0010AD8B4EBEF9EF0070AD8B43B
:1040A0001AEF9FF0010AD8B4B7EF9FF0BDEF9DF073
:1040B000600013F1D9FF600017F1DAFF6F0078FF9D
:1040C00046F06F0074FF47F04750000AD8B46BEF1A
:1040D000A0F076EFA0F04650000AD8B4BDEF9DF0F6
:1040E0001E0AD8B4D6EF9DF076EFA0F0600013F171
:1040F000D9FF600017F1DAFF000EDE6E000EDD6EF4
:104100001200BEEFA2F0010E2EECC8F00124010156
:10411000606F000E0220616F000E0320626F000EC0
:104120000420636F600027F1D9FF60002BF1DAFFF4
:10413000680EDE6E000EDD6E2EECC8F001016051DF
:10414000015C615102586251035863510458D8B060
:10415000ACEFA0F0AEEFA0F0A4EFA2F0E6EFA2F07B
:10416000FF51D8B4B6EFA0F0B8EFA0F083EFA0F005
:10417000FE2B040EFE65BFEFA0F0C1EFA0F083EFB1
:10418000A0F0000EFF6F960E116E070E126E81ECFE
:10419000C3F0010E0001F46F83EFA0F0960E0C6ED9
:1041A000070E0D6EFC0E0E6EFF0E0F6E97ECBEF03E
:1041B0000C500D10D8B4DFEFA0F0E1EFA0F029EF24
:1041C000A1F0960E0C6E070E0D6EC20E0E6EFF0E57
:1041D0000F6E97ECBEF00C500D10D8B4F2EFA0F0BB
:1041E000F4EFA0F083EFA0F08D0E116E010E126EB1
:1041F00020ECC7F0A10E116E010E126E20ECC7F07C
:104200008D0E126E010E136E960E146E070E156E45
:10421000F60E166EFF0E176EF60E186EFF0E196E66
:10422000CAECC0F0A10E126E010E136E960E146E43
:10423000070E156EF60E166EFF0E176EFC0E186E3C
:10424000FF0E196E72ECC0F0020E0001F46F83EFE6
:10425000A0F0960E0C6E070E0D6EFA0E0E6EFF0E8F
:104260000F6E97ECBEF00C500D10D8B43AEFA1F0E1
:104270003CEFA1F03EEFA1F083EFA0F0000E0001B3
:10428000F46F83EFA0F0A10E0C6E010E0D6EF80E10
:104290000E6EFF0E0F6E97ECBEF00C500D10D8B4E2
:1042A00054EFA1F056EFA1F0F6EFA1F00401009752
:1042B0008D0E0C6E010E0D6EE80E0E6EFF0E0F6E63
:1042C00097ECBEF00C500D10D8B469EFA1F06BEF75
:1042D000A1F075EFA1F00F0E0101A46FA4C102F0CF
:1042E000036ADDECC6F0F1EFA1F08D0E0C6E010E4D
:1042F0000D6EDC0E0E6EFF0E0F6E97ECBEF00C50C6
:104300000D10D8B486EFA1F088EFA1F08FEFA1F0E7
:10431000040100870A0E0101A46F6EEFA1F08D0E5B
:104320000C6E010E0D6EEC0E0E6EFF0E0F6E97EC06
:10433000BEF00C500D10D8B4A0EFA1F0A2EFA1F088
:10434000A7EFA1F00B0E0101A46F6EEFA1F08D0E8F
:104350000C6E010E0D6ED80E0E6EFF0E0F6E97ECEA
:10436000BEF00C500D10D8B4B8EFA1F0BAEFA1F028
:10437000C1EFA1F0040100870C0E0101A46F6EEFE4
:10438000A1F08D0E0C6E010E0D6EE40E0E6EFF0E82
:104390000F6E97ECBEF00C500D10D8B4D2EFA1F018
:1043A000D4EFA1F0D9EFA1F00D0E0101A46F6EEFD3
:1043B000A1F08D0E0C6E010E0D6EE00E0E6EFF0E56
:1043C0000F6E97ECBEF00C500D10D8B4EAEFA1F0D0
:1043D000ECEFA1F0F1EFA1F00E0E0101A46F6EEF72
:1043E000A1F0010E0101A56F92EFA2F00401008778
:1043F000020E0101A56F8D0E0C6E010E0D6EE80E02
:104400000E6EFF0E0F6E97ECBEF00C500D10D8B470
:104410000CEFA2F00EEFA2F01AEFA2F0090E0101CC
:10442000A46F04010097A4C102F0036ADDECC6F09A
:1044300092EFA2F08D0E0C6E010E0D6EDC0E0E6E64
:10444000FF0E0F6E97ECBEF00C500D10D8B42BEF92
:10445000A2F02DEFA2F032EFA2F0170E0101A46F2F
:1044600013EFA2F08D0E0C6E010E0D6EEC0E0E6EA3
:10447000FF0E0F6E97ECBEF00C500D10D8B443EF4A
:10448000A2F045EFA2F04AEFA2F0050E0101A46FE1
:1044900011EFA2F08D0E0C6E010E0D6ED80E0E6E89
:1044A000FF0E0F6E97ECBEF00C500D10D8B45BEF02
:1044B000A2F05DEFA2F062EFA2F0060E0101A46F80
:1044C00013EFA2F08D0E0C6E010E0D6EE40E0E6E4B
:1044D000FF0E0F6E97ECBEF00C500D10D8B473EFBA
:1044E000A2F075EFA2F07AEFA2F0070E0101A46F1F
:1044F00013EFA2F08D0E0C6E010E0D6EE00E0E6E1F
:10450000FF0E0F6E97ECBEF00C500D10D8B48BEF71
:10451000A2F08DEFA2F092EFA2F0080E0101A46FBD
:1045200013EFA2F0000E456E000E446E000E476EB3
:10453000C70E466E19ECC6F00101A4512CECC9F06F
:1045400001018C813EEFA1F00001F4514B6E4C6AE9
:104550004C50000AD8B4AFEFA2F083EFA0F04B505C
:10456000000AD8B4B0EFA0F0010AD8B4CEEFA0F0A2
:10457000030AD8B443EFA1F083EFA0F0600027F165
:10458000D9FF60002BF1DAFF6F0078FF4BF06F006E
:1045900074FF4CF04C50000AD8B4D1EFA2F0DCEF1D
:1045A000A2F04B50000AD8B483EFA0F0680AD8B448
:1045B0009CEFA0F0DCEFA2F0600027F1D9FF6000D3
:1045C0002BF1DAFF000EDE6E000EDD6E12002D50B4
:1045D000800B366E2D502D24386E2CAEF2EFA2F0EB
:1045E000F4EFA2F0F5EFA2F038803850D8B4FBEF2A
:1045F000A2F0FDEFA2F012EFA3F03828D8A403EF49
:10460000A3F005EFA3F00DEFA3F0000E2A6E000E4D
:104610002B6E000E2C6E000E2D6E2C8E000E2D6E4D
:104620001AEFA3F0000E2A6E000E2B6E000E2C6EF9
:10463000000E2D6E3150800B376E36503718D8B4BF
:1046400024EFA3F026EFA3F027EFA3F0368C315030
:104650003124376E30AE2FEFA3F031EFA3F032EFFD
:10466000A3F037803750D8B438EFA3F03AEFA3F077
:104670004FEFA3F03728D8A440EFA3F042EFA3F008
:104680004AEFA3F0000E2E6E000E2F6E000E306E5D
:10469000000E316E308E000E316E57EFA3F0000E1B
:1046A0002E6E000E2F6E000E306E000E316E3850E2
:1046B000375CD8B05EEFA3F060EFA3F087EFA3F014
:1046C00036AC65EFA3F067EFA3F069EFA3F0800EBF
:1046D000361A38C039F037C038F039C037F02AC040
:1046E00039F02EC02AF039C02EF02BC039F02FC07F
:1046F0002BF039C02FF02CC039F030C02CF039C06D
:1047000030F02DC039F031C02DF039C031F0000E3D
:10471000396E385037C032F0336A325E000E335A89
:1047200033BE9CEFA3F0335009E11A0E325CD8A0DF
:104730009CEFA3F09EEFA3F0D5EFA3F02A502B102F
:104740002C102D10D8A4A7EFA3F0AAEFA3F0010E10
:10475000ABEFA3F0000E396E000E2A6E000E2B6E2A
:10476000000E2C6E000E2D6E37C038F0DEEFA3F079
:1047700039A0BDEFA3F0BFEFA3F0C5EFA3F0D89031
:1047800039300109396EC7EFA3F0D89039322AA029
:10479000CCEFA3F0CEEFA3F0CFEFA3F0398E2D3402
:1047A0002D322C322B322A32382A3750385CD8A09E
:1047B000DCEFA3F0DEEFA3F0B8EFA3F036BCE3EF3D
:1047C000A3F0E5EFA3F025EFA4F03850D8A4EBEF69
:1047D000A3F0EDEFA3F0F7EFA3F0000E2A6E000EAA
:1047E0002B6E000E2C6E000E2D6E46EFA5F02E5097
:1047F0002A262F502B2230502C2231502D222DA032
:1048000004EFA4F006EFA4F0B2EFA4F039A00BEF90
:10481000A4F00DEFA4F013EFA4F0D8903930010903
:10482000396E15EFA4F0D89039322AA01AEFA4F00F
:104830001CEFA4F01DEFA4F0398E2D342D322C3254
:104840002B322A32382AB2EFA4F02E502A5C2F5095
:104850002B5830502C582D50800A326E3150800A1F
:104860003258D8B036EFA4F038EFA4F063EFA4F0DC
:104870002A502E5C326E2B502F58336E2C503058ED
:10488000346E2D503158356EFF0E32242A6EFF0ED5
:1048900033202B6EFF0E34202C6EFF0E35202D6E34
:1048A000800E361A396C3950D8A459EFA4F05BEF5A
:1048B000A4F06BEFA4F0010E2A26000E2B222C226E
:1048C0002D226BEFA4F02E502A5E2F502B5A305021
:1048D0002C5A31502D5A2A502B102C102D10D8A4A0
:1048E00074EFA4F076EFA4F0ABEFA4F03950D8A4A5
:1048F0007CEFA4F07EEFA4F0ABEFA4F0000E2A6EE4
:10490000000E2B6E000E2C6E000E2D6E46EFA5F0E5
:10491000D8902A362B362C362D3639AE92EFA4F0AD
:1049200094EFA4F095EFA4F02A8039A09AEFA4F0B8
:104930009CEFA4F0A0EFA4F0D8803936A2EFA4F049
:10494000D89039363850D8B4A8EFA4F0AAEFA4F024
:10495000ABEFA4F038062CAEB0EFA4F0B2EFA4F0A9
:1049600088EFA4F0000E376E39AEB9EFA4F0BBEFBC
:10497000A4F0D3EFA4F039C032F07F0E3216D8B4D1
:10498000C4EFA4F0C6EFA4F0CAEFA4F0010E376E96
:10499000D3EFA4F02AA0CFEFA4F0D1EFA4F0D3EF8F
:1049A000A4F0C6EFA4F03750D8B4D9EFA4F0DBEFF1
:1049B000A4F006EFA5F0010E2A26000E2B222C22D1
:1049C0002D222DA0E6EFA4F0E8EFA4F006EFA5F06D
:1049D0002AC032F02BC033F02CC034F02DC035F09B
:1049E0003534353234323332323232C02AF033C0C9
:1049F0002BF034C02CF035C02DF03828D8B403EF9C
:104A0000A5F005EFA5F006EFA5F0382A3828D8B4B0
:104A10000CEFA5F00EEFA5F016EFA5F03850D8A4D6
:104A200014EFA5F016EFA5F028EFA5F0000E2A6E02
:104A3000000E2B6E000E2C6E000E2D6E3850D8A47A
:104A400024EFA5F026EFA5F028EFA5F0000E366EB6
:104A500038A02DEFA5F02FEFA5F032EFA5F02C8EAA
:104A600033EFA5F02C9ED89038302D6E36AE3BEF4C
:104A7000A5F03DEFA5F03EEFA5F02D8E2AC02AF05F
:104A80002BC02BF02CC02CF02DC02DF012004CEFC1
:104A9000A7F0010E2EECC8F001240101306F000ECA
:104AA0000220316F000E0320326F000E0420336F9E
:104AB000600013F1D9FF600017F1DAFF280EDE6EF7
:104AC000000EDD6E2EECC8F001013051015C315159
:104AD00002583251035833510458D8B072EFA5F040
:104AE00074EFA5F027EFA7F074EFA7F0040100A181
:104AF0007CEFA5F07EEFA5F0AFEFA5F024ECC9F0B8
:104B0000040100A786EFA5F088EFA5F08DEFA5F0D2
:104B1000BE82BE90BA9A90EFA5F0BE92BE80BA9ABD
:104B20000101764B772BE80E765D030E7759D8A0FE
:104B30009CEFA5F09EEFA5F049EFA5F004010095CC
:104B4000000E0101776F000E766F000E0401CC6F2E
:104B5000000ECB6F010E0101846F49EFA5F000A399
:104B6000B4EFA5F0B6EFA5F049EFA5F024ECC9F03D
:104B7000BE9204010085000ECC6F000ECB6F050EB7
:104B80000101846F49EFA5F0060E3FECC8F0B4ECCC
:104B9000C7F00009D8A4CFEFA5F0D1EFA5F0C7EF7B
:104BA000A5F0BFECC7F001C0CBF402C0CCF4CBC47D
:104BB00003F0CCC404F0056A066A000E0DECB7F0F1
:104BC00003C02AF004C02BF005C02CF006C02DF065
:104BD000CFC42EF0D0C42FF0D1C430F0D2C431F005
:104BE000E7ECA2F02AC0CFF42BC0D0F42CC0D1F453
:104BF0002DC0D2F40401D34BD42BD45109E1640E5F
:104C0000D35DD8A006EFA6F008EFA6F049EFA5F017
:104C1000000ECE6F000ECD6F000ED46F000ED36F5E
:104C2000030E0101846F49EFA5F0060E3FECC8F0BA
:104C3000B4ECC7F00009D8A420EFA6F022EFA6F04C
:104C400018EFA6F0BFECC7F001C0D9F402C0DAF447
:104C5000000E156E000E166E000E176E3F0E186ECB
:104C6000DBC403F0DCC404F0056A066A000E0DEC38
:104C7000B7F003C011F004C012F005C013F006C075
:104C800014F075ECA7F011C02EF012C02FF013C075
:104C900030F014C031F0000E156E000E166E000ECE
:104CA000176E3F0E186ED9C403F0DAC404F0056A1B
:104CB000066A000E0DECB7F003C011F004C012F04C
:104CC00005C013F006C014F075ECA7F011C02AF06F
:104CD00012C02BF013C02CF014C02DF0E7ECA2F0A2
:104CE0002AC03AF02BC03BF02CC03CF02DC03DF068
:104CF00058ECBBF03AC0DBF43BC0DCF4DBC403F09F
:104D0000DCC404F0056A066A000E0DECB7F003C0BF
:104D10002AF004C02BF005C02CF006C02DF0CFC443
:104D20002EF0D0C42FF0D1C430F0D2C431F0E7EC73
:104D3000A2F02AC0CFF42BC0D0F42CC0D1F42DC0E7
:104D4000D2F40401D34BD42BE80ED35D030ED45917
:104D5000D8A0ADEFA6F0AFEFA6F049EFA5F0BE9258
:104D6000BE90000ED46F000ED36F030E0101846F4E
:104D700049EFA5F0040100B5C0EFA6F0C2EFA6F020
:104D8000E1EFA6F0CFC42AF0D0C42BF0D1C42CF0B0
:104D9000D2C42DF0000E2E6E000E2F6E7A0E306EE5
:104DA000440E316E6DECABF02AC0CFF42BC0D0F4C2
:104DB0002CC0D1F42DC0D2F4040E0101846F49EF50
:104DC000A5F0CFC42AF0D0C42BF0D1C42CF0D2C4AB
:104DD0002DF0000E2E6E000E2F6EC80E306E420E9D
:104DE000316E6DECABF02AC0CFF42BC0D0F42CC0E8
:104DF000D1F42DC0D2F4DCEFA6F0CFC411F0D0C4B2
:104E000012F0D1C413F0D2C414F06F0E156E120E4E
:104E1000166E830E176E3A0E186E75ECA7F011C061
:104E2000D5F412C0D6F413C0D7F414C0D8F4000ED1
:104E30000401CF6F000ED06F000ED16F000ED26F45
:104E400000910093000E0101846F49EFA5F0845199
:104E5000466E476A4750000AD8B431EFA7F049EFD1
:104E6000A5F04650000AD8B476EFA5F0010AD8B4F0
:104E700015EFA6F0030AD8B449EFA5F0010AD8B49B
:104E8000BAEFA6F0070AD8B4FDEFA6F0010AD8B42D
:104E9000C4EFA5F049EFA5F0600013F1D9FF600061
:104EA00017F1DAFF6F0078FF46F06F0074FF47F0EC
:104EB0004750000AD8B45FEFA7F06AEFA7F046505A
:104EC000000AD8B449EFA5F0280AD8B462EFA5F0DB
:104ED0006AEFA7F0600013F1D9FF600017F1DAFF65
:104EE000000EDE6E000EDD6E12001450800B1D6E83
:104EF00014501424236E13AE80EFA7F082EFA7F0B6
:104F000083EFA7F023802350D8B489EFA7F08BEF6D
:104F1000A7F09EEFA7F02328D8A491EFA7F093EF76
:104F2000A7F09BEFA7F0000E116E000E126E000EA0
:104F3000136E000E146E138EA6EFA7F0000E116E06
:104F4000000E126E000E136E000E146E1850800BC1
:104F50001D1A18501824226E17AEB1EFA7F0B3EF48
:104F6000A7F0B4EFA7F022802250D8B4BAEFA7F090
:104F7000BCEFA7F0CFEFA7F02228D8A4C2EFA7F08C
:104F8000C4EFA7F0CCEFA7F0000E156E000E166E62
:104F9000000E176E000E186E178ED7EFA7F0000EDA
:104FA000156E000E166E000E176E000E186E225053
:104FB000D8B4DDEFA7F0DFEFA7F0E7EFA7F02350BD
:104FC000D8A4E5EFA7F0E7EFA7F0F1EFA7F0000E08
:104FD000116E000E126E000E136E000E146E9BEF1B
:104FE000A9F0175011026F00CCFF28F06F00D0FF1E
:104FF00029F028501E6E1F6A206A216A2950246EEB
:10500000256A266A276A165012026F00CCFF28F024
:105010006F00D0FF29F028501E26000E1F222022EC
:10502000212229502426000E25222622272215502F
:1050300013026F00CCFF28F06F00D0FF29F028503A
:105040001E26000E1F222022212229502426000E77
:1050500025222622272220C021F01FC020F01EC0BA
:105060001FF01E6A155012026F00CCFF28F06F006F
:10507000D0FF29F028501E2629501F22000E202282
:10508000000E2122165011026F00CCFF28F06F0095
:10509000D0FF29F028501E2629501F22000E202262
:1050A000000E212220C021F01FC020F01EC01FF0E2
:1050B0001E6A155011026F00CCFF28F06F00D0FF60
:1050C00029F028501E2629501F22000E2022000EF3
:1050D0002122175012026F00CCFF28F06F00D0FF82
:1050E00029F02850242629502522000E2622000EC1
:1050F0002722165013026F00CCFF28F06F00D0FF5C
:1051000029F02850242629502522000E2622000EA0
:105110002722175013026F00CCFF28F06F00D0FF3A
:1051200029F02850196E29501A6E1B6A1C6A1BC080
:105130001CF01AC01BF019C01AF0196A1950242665
:105140001A5025221B5026221C5027221EC019F05F
:105150001FC01AF020C01BF021C01CF0190EB6EFC2
:10516000A8F0D8901C321B321A321932E82EB1EF57
:10517000A8F0195024261A5025221B5026221C5014
:10518000272220C021F01FC020F01EC01FF01E6A81
:10519000225023C019F01A6A1926000E1A22820E14
:1051A0001924286EFF0E1A20296EECEFA8F0D89073
:1051B000243625362636273621AEE1EFA8F0E3EF78
:1051C000A8F0E4EFA8F02480D8901E361F362036D1
:1051D00021362806D8A0290626AEF1EFA8F0F3EF75
:1051E000A8F0D7EFA8F0000E226E21AEFAEFA8F0DB
:1051F000FCEFA8F020EFA9F0FF0E1E14196EFF0EB1
:105200001F141A6EFF0E20141B6E7F0E21141C6ECD
:1052100019501A101B101C10D8B411EFA9F013EF7D
:10522000A9F017EFA9F0010E226E20EFA9F024A03B
:105230001CEFA9F01EEFA9F020EFA9F013EFA9F0E1
:105240002250D8B426EFA9F028EFA9F04CEFA9F02E
:10525000010E2426000E25222622272227A033EF26
:10526000A9F035EFA9F04CEFA9F024C019F025C042
:105270001AF026C01BF027C01CF01C341C321B3255
:105280001A32193219C024F01AC025F01BC026F0BA
:105290001CC027F0284A292A29BE57EFA9F0295017
:1052A00008E12828D8A057EFA9F059EFA9F063EF3B
:1052B000A9F0000E246E000E256E800E266E7F0E65
:1052C000276E91EFA9F029BE70EFA9F0295006E1F1
:1052D0002804D8B06EEFA9F070EFA9F07CEFA9F028
:1052E000000E246E000E256E000E266E000E276E38
:1052F000000E1D6E91EFA9F028C023F0FF0E2416BA
:10530000FF0E25167F0E2616000E271623A08BEF04
:10531000A9F08DEFA9F08EEFA9F0268ED89023305A
:10532000276E1D50271224C011F025C012F026C090
:1053300013F027C014F0120044EFABF00A0E2EEC6D
:10534000C8F001240101346F000E0220356F000EF9
:105350000320366F000E0420376F600017F0D9FF6E
:1053600060001BF0DAFF1F0EDE6E000EDD6E2EEC0D
:10537000C8F001013451015C3551025836510358CF
:1053800037510458D8B0C7EFA9F0C9EFA9F0CBEF57
:10539000A9F06CEFABF00001EC89CDB4EC99EC8B8B
:1053A000CDB6EC9B16EFABF00001ECA9DAEFA9F05B
:1053B000DCEFA9F0E8EFA9F0ECBBE1EFA9F0E3EF37
:1053C000A9F0E8EFA9F0010E0101856F9EEFA9F0A9
:1053D000ECB9EDEFA9F0EFEFA9F0FBEFA9F0ECAB22
:1053E000F4EFA9F0F6EFA9F0FBEFA9F0020E01012E
:1053F000856F9EEFA9F0ECA900EFAAF002EFAAF0EA
:105400009EEFA9F0ECAB07EFAAF009EFAAF09EEF30
:10541000A9F0030E0101856F9EEFA9F00001ECA930
:1054200014EFAAF016EFAAF03DEFAAF0ECBB1BEFC9
:10543000AAF01DEFAAF03DEFAAF0010E01013827F6
:10544000000E39233A233B233B513A11391109E12C
:105450001E0E385DD8A02FEFAAF031EFAAF09EEF14
:10546000A9F0000E386F000E396F000E3A6F000E73
:105470003B6F040E856F9EEFA9F0000E0101386F9F
:10548000000E396F000E3A6F000E3B6F000E856FF5
:105490009EEFA9F00001ECB950EFAAF052EFAAF08C
:1054A0003DEFAAF0ECAB57EFAAF059EFAAF03DEFB1
:1054B000AAF0010E01013827000E39233A233B23BD
:1054C0003B513A11391109E11E0E385DD8A06BEF3E
:1054D000AAF06DEFAAF09EEFA9F0000E386F000E53
:1054E000396F000E3A6F000E3B6F050E856F9EEF11
:1054F000A9F00001ECA97FEFAAF081EFAAF03DEF3F
:10550000AAF0ECAB86EFAAF088EFAAF03DEFAAF084
:10551000010E01013827000E39233A233B23000EE8
:10552000386F000E396F000E3A6F000E3B6F060E9B
:10553000856F9EEFA9F00001ECA9A1EFAAF0A3EFFF
:10554000AAF0B0EFAAF0ECBBA8EFAAF0AAEFAAF07D
:10555000B0EFAAF0EC81070E0101856F9EEFA9F074
:10556000000E0101856F9EEFA9F00001ECB9BBEFC1
:10557000AAF0BDEFAAF0B0EFAAF0ECABC2EFAAF030
:10558000C4EFAAF0B0EFAAF0EC83ABEFAAF00001F1
:10559000ECA9CDEFAAF0CFEFAAF0B0EFAAF0ECABF8
:1055A000D4EFAAF0D6EFAAF0B0EFAAF0EC85ABEFFB
:1055B000AAF0010E3827000E39233A233B233B5132
:1055C0003A11391109E1050E385DD8A0EAEFAAF0C9
:1055D000ECEFAAF008EFABF0000E386F000E396F59
:1055E000000E3A6F000E3B6F0001EC91EC93EC95CE
:1055F000ECB9FDEFAAF0FFEFAAF09EEFA9F0ECBB2B
:1056000004EFABF006EFABF09EEFA9F0B0EFAAF01D
:105610000001ECA70EEFABF010EFABF09EEFA9F09E
:10562000EC97EC91EC93EC959EEFA9F0010185517C
:10563000076E086A0850000AD8B421EFABF09EEF5D
:10564000A9F00750000AD8B4D4EFA9F0010AD8B4E1
:105650000EEFAAF0030AD8B44AEFAAF0010AD8B4B0
:1056600079EFAAF0070AD8B49BEFAAF0010AD8B4E0
:10567000B5EFAAF0030AD8B4C7EFAAF0010AD8B46C
:10568000D9EFAAF09EEFA9F0600017F0D9FF6000F3
:105690001BF0DAFF6F0078FF07F06F0074FF08F06F
:1056A0000850000AD8B457EFABF062EFABF00750E8
:1056B000000AD8B49EEFA9F01F0AD8B4B7EFA9F03A
:1056C00062EFABF0600017F0D9FF60001BF0DAFF6B
:1056D000000EDE6E000EDD6E12002D50800B3A6E55
:1056E0002D502D24416E2CAE78EFABF07AEFABF05D
:1056F0007BEFABF041804150D8B481EFABF083EF4A
:10570000ABF098EFABF04128D8A489EFABF08BEF6A
:10571000ABF093EFABF0000E2A6E000E2B6E000E76
:105720002C6E000E2D6E2C8E000E2D6EA0EFABF0A9
:10573000000E2A6E000E2B6E000E2C6E000E2D6ECB
:105740003150800B3A1A31503124426E30AEABEFFB
:10575000ABF0ADEFABF0AEEFABF042804250D8B45F
:10576000B4EFABF0B6EFABF0CBEFABF04228D8A480
:10577000BCEFABF0BEEFABF0C6EFABF0000E2E6EA1
:10578000000E2F6E000E306E000E316E308E000E49
:10579000316ED3EFABF0000E2E6E000E2F6E000EAA
:1057A000306E000E316E2E502F1030103110D8A4F4
:1057B000DCEFABF0DEEFABF0F6EFABF0000E2A6EF5
:1057C000000E2B6E000E2C6E000E2D6E800E2C1215
:1057D0007F0E2D123A502D122AC02AF02BC02BF02A
:1057E0002CC02CF02DC02DF039EFADF04150D8A4D5
:1057F000FCEFABF0FEEFABF008EFACF0000E2A6E62
:10580000000E2B6E000E2C6E000E2D6E39EFADF0DB
:10581000425041C032F0336A325E000E335A7F0E7E
:1058200032243B6E000E33203C6E2AC036F02BC073
:1058300037F02CC038F02DC039F0000E2A6E000E63
:105840002B6E000E2C6E000E2D6E000E3D6E000EA7
:105850003E6E000E3F6E000E406E000E426E69EF0F
:10586000ACF04250D8B437EFACF039EFACF050EFB9
:10587000ACF0D8903636373638363936D8902A36A6
:105880002B362C362D3640AE48EFACF04AEFACF05C
:105890004BEFACF02A80D8903D363E363F3640364E
:1058A0002E50365C2F5037583050385831503958B8
:1058B000D8A05DEFACF05FEFACF068EFACF0408CDF
:1058C0002E50365E2F50375A3050385A3150395A90
:1058D000422A190E42646FEFACF071EFACF031EF79
:1058E000ACF03650371038103910D8B47AEFACF02D
:1058F0007CEFACF094EFACF03D8094EFACF0D8903E
:105900002A362B362C362D3640AE89EFACF08BEF95
:10591000ACF08CEFACF02A80D8903D363E363F3666
:1059200040363B06D8A03C062CAE99EFACF09BEF7E
:10593000ACF07FEFACF0000E426E40AEA2EFACF0E8
:10594000A4EFACF0C8EFACF0FF0E3D14326EFF0ECA
:105950003E14336EFF0E3F14346E7F0E4014356ECE
:105960003250331034103510D8B4B9EFACF0BBEF6F
:10597000ACF0BFEFACF0010E426EC8EFACF02AA065
:10598000C4EFACF0C6EFACF0C8EFACF0BBEFACF0DE
:105990004250D8B4CEEFACF0D0EFACF0F4EFACF0B6
:1059A000010E2A26000E2B222C222D222DA0DBEF09
:1059B000ACF0DDEFACF0F4EFACF02AC032F02BC06D
:1059C00033F02CC034F02DC035F03534353234325C
:1059D0003332323232C02AF033C02BF034C02CF0D4
:1059E00035C02DF03B4A3C2A3CBEFFEFACF03C50AA
:1059F00008E13B28D8A0FFEFACF001EFADF00CEFD1
:105A0000ADF0000E3C6E3B68000E2A6E000E2B6E51
:105A1000000E2C6E000E2D6E3CBE19EFADF03C500A
:105A200006E13B04D8B017EFADF019EFADF027EF6A
:105A3000ADF0000E3C6E000E3B6E000E2A6E000EA6
:105A40002B6E000E2C6E000E2D6E000E3A6E3BC0BB
:105A500041F041A02EEFADF030EFADF033EFADF0FF
:105A60002C8E34EFADF02C9ED89041302D6EEAEFA5
:105A7000ABF01200DDEFAEF0010E2EECC8F0012409
:105A800001012C6F000E02202D6F000E03202E6FDF
:105A9000000E04202F6F600013F1D9FF600017F192
:105AA000DAFF1F0EDE6E000EDD6E2EECC8F0010177
:105AB0002C51015C2D5102582E5103582F5104587E
:105AC000D8B065EFADF067EFADF0C0EFAEF005EF29
:105AD000AFF0050100A16FEFADF071EFADF03CEF5D
:105AE000ADF0010E0101836F3CEFADF0070E3FEC0E
:105AF000C8F0B4ECC7F00009D8A481EFADF083EF93
:105B0000ADF079EFADF0BFECC7F001C0D7F502C042
:105B1000D8F5660E156E660E166E660E176E3F0E83
:105B2000186ED9C503F0DAC504F0056A066A000EDE
:105B30000DECB7F003C011F004C012F005C013F073
:105B400006C014F075ECA7F011C02EF012C02FF0B3
:105B500013C030F014C031F0CD0E156ECC0E166EA1
:105B6000CC0E176E3D0E186ED7C503F0D8C504F0E5
:105B7000056A066A000E0DECB7F003C011F004C010
:105B800012F005C013F006C014F075ECA7F011C0B8
:105B90002AF012C02BF013C02CF014C02DF0E7EC4B
:105BA000A2F02AC03AF02BC03BF02CC03CF02DC034
:105BB0003DF058ECBBF03AC0D9F53BC0DAF5D890CF
:105BC0000501CB35D96ECC35DA6E010ED926050E1E
:105BD000DA22610067F7DEFF61006BF7DDFFCB4B78
:105BE000CC2BD890CD35D96ECE35DA6E010ED926B4
:105BF000050EDA226F0078FF46F06F0074FF47F061
:105C000046C003F047C004F0056A066A000E0DECBA
:105C1000B7F003C02AF004C02BF005C02CF006C07A
:105C20002DF0CFC52EF0D0C52FF0D1C530F0D2C5A4
:105C300031F0E7ECA2F02AC0CFF52BC0D0F52CC094
:105C4000D1F52DC0D2F50501CD4BCE2BCE5109E1BA
:105C5000640ECD5DD8A02FEFAEF031EFAEF03CEF8B
:105C6000AEF0000ECE6F000ECD6F000ECC6F000EAA
:105C7000CB6F020E0101836F050100A342EFAEF06E
:105C800044EFAEF03CEFADF000930091000E010147
:105C9000836F3CEFADF0CFC52AF0D0C52BF0D1C556
:105CA0002CF0D2C52DF0000E2E6E000E2F6EC80EF9
:105CB000306E420E316E6DECABF02AC0CFF52BC0CA
:105CC000D0F52CC0D1F52DC0D2F5030E0101836FA4
:105CD0003CEFADF06F0E156E120E166E830E176E42
:105CE0003A0E186ECFC511F0D0C512F0D1C513F021
:105CF000D2C514F075ECA7F011C02AF012C02BF039
:105D000013C02CF014C02DF00A0E2E6ED70E2F6E7D
:105D1000230E306E3C0E316E6DECABF02AC0D3F525
:105D20002BC0D4F52CC0D5F52DC0D6F5D3C52AF09F
:105D3000D4C52BF0D5C52CF0D6C52DF0000E2E6E97
:105D4000000E2F6E8C0E306E420E316EDBECBBF00F
:105D5000D8A0ADEFAEF0AFEFAEF0B8EFAEF0000E02
:105D60000501D36F000ED46F000ED56F000ED66FF5
:105D7000050100910093000E0101836F3CEFADF02F
:105D80008351466E476A4750000AD8B4CAEFAEF056
:105D90003CEFADF04650000AD8B469EFADF0010A0F
:105DA000D8B476EFADF0030AD8B44BEFAEF0010AE9
:105DB000D8B46AEFAEF03CEFADF0600013F1D9FF5C
:105DC000600017F1DAFF6F0078FF46F06F0074FF94
:105DD00047F04750000AD8B4F0EFAEF0FBEFAEF05A
:105DE0004650000AD8B43CEFADF01F0AD8B455EFC6
:105DF000ADF0FBEFAEF0600013F1D9FF600017F1DA
:105E0000DAFF000EDE6E000EDD6E12008BEFB0F0DA
:105E1000010E2EECC8F001240101486F000E022093
:105E2000496F000E03204A6F000E04204B6F600084
:105E300013F1D9FF600017F1DAFF280EDE6E000EB5
:105E4000DD6E2EECC8F001014851015C4951025849
:105E50004A5103584B510458D8B031EFAFF033EFEB
:105E6000AFF06DEFB0F0B3EFB0F0F251D8B43BEF5C
:105E7000AFF03DEFAFF0C8EFAFF0010E3FECC8F070
:105E8000B4ECC7F00009D8A448EFAFF04AEFAFF088
:105E900040EFAFF0BFECC7F001C0B8F102C0B9F1FC
:105EA000660E156E660E166E660E176E3F0E186E37
:105EB0007AC103F07BC104F0000E04BEFF0E056E34
:105EC000066E010E0DECB7F003C011F004C012F025
:105ED00005C013F006C014F075ECA7F011C02EF049
:105EE00012C02FF013C030F014C031F0CD0E156E7B
:105EF000CC0E166ECC0E176E3D0E186EB8C103F0A8
:105F0000B9C104F0000E04BEFF0E056E066E010E50
:105F10000DECB7F003C011F004C012F005C013F08F
:105F200006C014F075ECA7F011C02AF012C02BF0D7
:105F300013C02CF014C02DF0E7ECA2F02AC03AF008
:105F40002BC03BF02CC03CF02DC03DF058ECBBF01A
:105F50003AC07AF13BC07BF10001F051020D000E16
:105F6000F324D96E080EF420DA6E6000EBF5DEFF44
:105F70006000EFF5DDFFF02B630EF065C2EFAFF0D0
:105F8000C4EFAFF0C8EFAFF0000EF06F010EF36F8B
:105F9000F151D8B4CEEFAFF0D0EFAFF008EFAFF0E3
:105FA000000EF16F000EF26F000EF06F08EFAFF011
:105FB000F051020D000EF324D96E080EF420DA6EB3
:105FC0006F0078FF46F06F0074FF47F046C003F0A3
:105FD00047C004F0056A066A000E0DECB7F003C076
:105FE0002AF004C02BF005C02CF006C02DF05CC1D7
:105FF0002EF05DC12FF05EC130F05FC131F0E7ECF3
:10600000A2F02AC05CF12BC05DF12CC05EF12DC066
:106010005FF10001F02B630EF06511EFB0F013EFAC
:10602000B0F008EFAFF0000EF06F020EF36F08EF64
:10603000AFF05CC12AF05DC12BF05EC12CF05FC1F6
:106040002DF0000E2E6E000E2F6EC80E306E420E1A
:10605000316E6DECABF02AC05CF12BC05DF12CC051
:106060005EF12DC05FF1030E0001F36F08EFAFF09A
:106070006F0E156E120E166E830E176E3A0E186E98
:106080005CC111F05DC112F05EC113F05FC114F08C
:1060900075ECA7F011C02AF012C02BF013C02CF041
:1060A00014C02DF00A0E2E6ED70E2F6E230E306EFA
:1060B0003C0E316E6DECABF02AC058F12BC059F19B
:1060C0002CC05AF12DC05BF1000E0001F26F000EE2
:1060D000F16F000EF36F08EFAFF00001F351466E61
:1060E000476A4750000AD8B478EFB0F008EFAFF035
:1060F0004650000AD8B435EFAFF0010AD8B4D8EF53
:10610000AFF0030AD8B419EFB0F0010AD8B438EFF1
:10611000B0F008EFAFF0600013F1D9FF600017F1A5
:10612000DAFF6F0078FF46F06F0074FF47F04750CA
:10613000000AD8B49EEFB0F0A9EFB0F04650000AC4
:10614000D8B408EFAFF0280AD8B421EFAFF0A9EF28
:10615000B0F0600013F1D9FF600017F1DAFF000E14
:10616000DE6E000EDD6E12001EC036F01FC037F06E
:1061700020C038F021C039F022C03AF023C03BF0F3
:1061800024C03CF025C03DF03DBEC9EFB0F0CCEFDF
:10619000B0F0010ECDEFB0F0000E346E356A345021
:1061A0003510D8B4D6EFB0F0D8EFB0F0E8EFB0F0DB
:1061B0003D1E3C1E3B1E3A1E391E381E371E366CD5
:1061C000000E3722382239223A223B223C223D223D
:1061D0000001E9BFEEEFB0F0F0EFB0F0F1EFB0F09A
:1061E000EA93E9BFFEEFB0F0E95106E1E805D8B067
:1061F000FCEFB0F0FEEFB0F004EFB1F0000E316E46
:10620000010E306E08EFB1F0E8C030F0E9C031F0B7
:106210006EC132F06FC133F034503510D8A413EF93
:10622000B1F015EFB1F01CEFB1F0EAA51AEFB1F043
:106230001CEFB1F01FEFB1F03206D8A03306000E0C
:106240003F6E4F0E3E6E000E0201F66FA4EFB1F0EE
:106250003E06D8A03F06A70E3E24D96E020E3F2070
:10626000DA6E36C001F037C002F038C003F039C032
:1062700004F03AC005F03BC006F03CC007F03DC05A
:1062800008F00A0E096E000E0A6E000E0B6E000E6C
:106290000C6E000E0D6E000E0E6E000E0F6E000ED8
:1062A000106E73ECB9F001C026F002C027F003C0F5
:1062B00028F004C029F005C02AF006C02BF007C062
:1062C0002CF008C02DF026C013F028C014F0F9EC13
:1062D000C5F01350300FDF6E3006D8A031063206FD
:1062E000D8A0330636C001F037C002F038C003F042
:1062F00039C004F03AC005F03BC006F03CC007F0DE
:106300003DC008F00A0E096E000E0A6E000E0B6EFC
:10631000000E0C6E000E0D6E000E0E6E000E0F6E57
:10632000000E106EAFECB8F001C036F002C037F0CE
:1063300003C038F004C039F005C03AF006C03BF0A5
:1063400007C03CF008C03DF03FBEAFEFB1F03F509A
:1063500008E13E04D8A0AFEFB1F0B1EFB1F0E2EF49
:10636000B1F036503710381039103A103B103C104D
:106370003D10D8A4BEEFB1F0C0EFB1F028EFB1F0FE
:1063800031BECDEFB1F0315006E13004D8B0CBEFE3
:10639000B1F0CDEFB1F028EFB1F033BED8EFB1F0EE
:1063A000335008E13204D8A0D8EFB1F0DAEFB1F001
:1063B000E2EFB1F00001EAB3E0EFB1F0E2EFB1F0EB
:1063C00028EFB1F034503510D8A4E9EFB1F0EBEF7D
:1063D000B1F0F3EFB1F00001EAA5F1EFB1F0F3EFA6
:1063E000B1F012EFB2F03E06D8A03F06345035109F
:1063F000D8A4FDEFB1F0FFEFB1F005EFB2F0000E61
:106400002F6E2B0E2E6E09EFB2F0000E2F6E2D0E9A
:106410002E6EA70E3E24D96E020E3F20DA6E60006B
:10642000BBF0DFFF1CC011F01DC012F0A70E3E2410
:10643000136E020E3F20146E32C015F033C016F0FA
:10644000FDECBEF011C01CF012C01DF0120014C112
:1064500053F015C154F016C155F017C156F043C0A2
:1064600053F044C054F045C055F046C056F0810E7C
:10647000476EFF0E486E53C049F054C04AF055C0F5
:106480004BF056C04CF0180E4BEFB2F0D8904C3297
:106490004B324A324932E82E46EFB2F04950472497
:1064A000516E000E4820526E52BE60EFB2F0525054
:1064B00009E1170E515CD8A060EFB2F062EFB2F0C4
:1064C0006CEFB2F043C043F044C044F045C045F027
:1064D00046C046F02FEFB3F052BE71EFB2F073EF4B
:1064E000B2F0E3EFB2F051C047F0FF0E486EFF0E7E
:1064F000496E7F0E4A6E000E4B6E476682EFB2F019
:106500008AEFB2F04B344B324A3249324832472E8E
:106510007DEFB2F048C04DF049C04EF04AC04FF098
:106520004BC050F04D505314476E4E505414486EAB
:106530004F505514496E505056144A6E47504810EB
:1065400049104A10D8A4A7EFB2F0A9EFB2F0ABEF10
:10655000B2F062EFB2F053C047F054C048F055C0FB
:1065600049F056C04AF0200EBBEFB2F0D8904A3244
:10657000493248324732E82EB6EFB2F04750481061
:1065800049104A10D8B4C7EFB2F0C9EFB2F0D1EF5A
:10659000B2F04D5053264E5054224F505522505079
:1065A00056224D1C476E4E1C486E4F1C496E501CA7
:1065B0004A6E4750531648505416495055164A5083
:1065C000561627EFB3F053C047F054C048F055C0FB
:1065D00049F056C04AF0200EF3EFB2F0D8904A329C
:1065E000493248324732E82EEEEFB2F047504810B9
:1065F00049104A10D8A4FFEFB2F001EFB3F00BEF4F
:10660000B3F0000E536E000E546E000E556E000E69
:10661000566E27EFB3F0D8905334476E5434486E1B
:106620005534496E56344A6E4750481049104A1046
:10663000D8B41DEFB3F01FEFB3F027EFB3F0000EA7
:10664000536E000E546E800E556EBF0E566E53C0C4
:1066500043F054C044F055C045F056C046F0120017
:106660001CC111F01DC112F01EC113F01FC114F0A6
:1066700001C011F002C012F003C013F004C014F006
:10668000810E056EFF0E066E11C007F012C008F0F5
:1066900013C009F014C00AF0180E54EFB3F0D890EC
:1066A0000A32093208320732E82E4FEFB3F00750B2
:1066B00005240F6E000E0620106E10BE69EFB3F0B9
:1066C000105009E1170E0F5CD8A069EFB3F06BEF23
:1066D000B3F075EFB3F001C001F002C002F003C0E7
:1066E00003F004C004F038EFB4F010BE7AEFB3F05A
:1066F0007CEFB3F0ECEFB3F00FC005F0FF0E066EC9
:10670000FF0E076E7F0E086E000E096E05668BEF9A
:10671000B3F093EFB3F0093409320832073206328E
:10672000052E86EFB3F006C00BF007C00CF008C0D2
:106730000DF009C00EF00B501114056E0C50121420
:10674000066E0D501314076E0E501414086E05508B
:10675000061007100810D8A4B0EFB3F0B2EFB3F0F2
:10676000B4EFB3F06BEFB3F011C005F012C006F058
:1067700013C007F014C008F0200EC4EFB3F0D89097
:106780000832073206320532E82EBFEFB3F005506B
:10679000061007100810D8A4D0EFB3F0D2EFB3F072
:1067A000DAEFB3F00B5011260C5012220D501322C9
:1067B0000E5014220B1C056E0C1C066E0D1C076E71
:1067C0000E1C086E055011160650121607501316AF
:1067D0000850141630EFB4F011C005F012C006F0E6
:1067E00013C007F014C008F0200EFCEFB3F0D890EF
:1067F0000832073206320532E82EF7EFB3F00550C3
:10680000061007100810D8B408EFB4F00AEFB4F07F
:1068100014EFB4F0000E116E000E126E000E136E27
:10682000800E146E30EFB4F0D8901134056E12342F
:10683000066E1334076E1434086E055006100710E8
:106840000810D8B426EFB4F028EFB4F030EFB4F06D
:10685000000E116E000E126E800E136E3F0E146E3F
:1068600011C001F012C002F013C003F014C004F014
:10687000120014EFB5F00A0E2EECC8F0012401014D
:10688000446F000E0220456F000E0320466F000E7D
:106890000420476F600017F0D9FF60001BF0DAFF9B
:1068A0001A0EDE6E000EDD6E2EECC8F001014451B2
:1068B000015C455102584651035847510458D8B01D
:1068C00064EFB4F066EFB4F0F3EFB4F03CEFB5F082
:1068D0000001EF05D8A46FEFB4F071EFB4F077EFDB
:1068E000B4F0BA88010E0101896F3BEFB4F0020EDB
:1068F000EF19D8A47EEFB4F080EFB4F087EFB4F0D6
:1069000001018807BA88020E896F3BEFB4F0030ECD
:10691000EF19D8A48EEFB4F090EFB4F096EFB4F086
:10692000BA88030E0101896F3BEFB4F0000EEF6FE0
:10693000000EEE6F000E0101876FBA983BEFB4F0C6
:106940000001EE2B040EEE65A8EFB4F0AAEFB4F050
:106950003BEFB4F0000EEE6FBA98000E0001EF6F3F
:10696000000E0101896F3BEFB4F00001EE2B040E25
:10697000EE65BDEFB4F0BFEFB4F03BEFB4F0000E46
:10698000EE6F01018851D8A4C8EFB4F0CAEFB4F09B
:10699000CDEFB4F0BA98ADEFB4F0BA98040E01019F
:1069A000896F3BEFB4F00001EE2B040EEE65DBEFD8
:1069B000B4F0DDEFB4F03BEFB4F0000EEE6FBA9838
:1069C000CEEFB4F00001EE2B040EEE65EAEFB4F06A
:1069D000ECEFB4F03BEFB4F0000EEE6F000E0101EF
:1069E000896F3BEFB4F08951076E086A0850000ABE
:1069F000D8B4FDEFB4F03BEFB4F00750000AD8B4C0
:106A000068EFB4F0010AD8B4A0EFB4F0030AD8B428
:106A1000B5EFB4F0010AD8B4D3EFB4F0070AD8B494
:106A2000E2EFB4F03BEFB4F0600017F0D9FF600084
:106A30001BF0DAFF6F0078FF07F06F0074FF08F0BB
:106A40000850000AD8B427EFB5F032EFB5F0075080
:106A5000000AD8B43BEFB4F01A0AD8B454EFB4F03B
:106A600032EFB5F0600017F0D9FF60001BF0DAFFDD
:106A7000000EDE6E000EDD6E1200000E436E000E84
:106A8000446E000E456E000E466EEC0E2A6E510EE0
:106A90002B6E380E2C6E3E0E2D6E3EC02EF03FC07B
:106AA0002FF040C030F041C031F0DBECBBF0D8B08B
:106AB0005CEFB5F05EEFB5F028EFB6F0000E2A6E91
:106AC000000E2B6ED80E2C6E410E2D6E3AC02EF09D
:106AD0003BC02FF03CC030F03DC031F0DBECBBF0F0
:106AE000D8A075EFB5F077EFB5F081EFB5F0000EF7
:106AF000436E000E446E000E456E000E466E28EF8B
:106B0000B6F0000E2A6E000E2B6ED80E2C6E410EC3
:106B10002D6E3AC02EF03BC02FF03CC030F03DC08F
:106B200031F0DBECBBF0D8B098EFB5F09AEFB5F0F0
:106B3000E1EFB5F0000E2A6E000E2B6E160E2C6ED5
:106B4000420E2D6E3AC02EF03BC02FF03CC030F00C
:106B50003DC031F0DBECBBF0D8A0B1EFB5F0B3EF46
:106B6000B5F0E1EFB5F0A30E156E230E166E390EDB
:106B7000176E3C0E186E3AC011F03BC012F03CC0CC
:106B800013F03DC014F075ECA7F011C02AF012C04C
:106B90002BF013C02CF014C02DF0100E2E6E7A0EB8
:106BA0002F6E960E306EBE0E316EE7ECA2F02AC04C
:106BB00043F02BC044F02CC045F02DC046F028EF28
:106BC000B6F0000E2A6E000E2B6E160E2C6E420EC4
:106BD0002D6E3AC02EF03BC02FF03CC030F03DC0CF
:106BE00031F0DBECBBF0D8B0F8EFB5F0FAEFB5F070
:106BF00028EFB6F0A30E156E230E166EB90E176EA3
:106C00003C0E186E3AC011F03BC012F03CC013F0BD
:106C10003DC014F075ECA7F011C02AF012C02BF0A3
:106C200013C02CF014C02DF0EC0E2E6E510E2F6EF2
:106C3000380E306EBF0E316EE7ECA2F02AC043F082
:106C40002BC044F02CC045F02DC046F028EFB6F024
:106C500043C03AF044C03BF045C03CF046C03DF074
:106C60001200000E166E000E156E000E0F6E000E56
:106C70000E6E3DEFB6F0084A092A010E146E600050
:106C800023F0F6FF600027F0F7FF000EF86E080013
:106C9000F550200AD8B44FEFB6F051EFB6F072EFCE
:106CA000B6F0F70E0A6EFF0E0B6E600023F0F6FFD3
:106CB000600027F0F7FF000EF86E0800F5500C6E2C
:106CC0000D6A0A500C260B500D220D5009E1050EDD
:106CD0000C5CD8A06EEFB6F070EFB6F072EFB6F0C5
:106CE000000E146E14C010F0116A10501110D8A4C8
:106CF0007CEFB6F07EEFB6F03BEFB6F088EFB6F083
:106D0000000E0F6E010E0E6E084A092AC5EFB6F08E
:106D1000600023F0F6FF600027F0F7FF000EF86E2A
:106D20000800F5500A6E0B6A0B50000AD8B49BEFAE
:106D3000B6F0C5EFB6F00A502B0AD8B484EFB6F01F
:106D4000060AD8B480EFB6F0C5EFB6F015C001F072
:106D500016C002F0000E046E0A0E036E0BECC7F0B4
:106D6000600023F0F6FF600027F0F7FF000EF86EDA
:106D70000800F550015E000E025A300E0124156E17
:106D8000000E0220166E84EFB6F0D00E0A6EFF0ED3
:106D90000B6E600023F0F6FF600027F0F7FF000E97
:106DA000F86E0800F5500C6E0D6A0A500C260B5058
:106DB0000D220D500AE10A0E0C5CD8A0E2EFB6F0ED
:106DC000E5EFB6F0010EE6EFB6F0000E126E136AB4
:106DD00012501310D8A4EFEFB6F0F1EFB6F0A6EF13
:106DE000B6F00E500F10D8A4F8EFB6F0FAEFB6F0E8
:106DF00008EFB7F015C00AF016C00BF00A1E0B1E04
:106E00000A4A0B2A0AC008F00BC009F00CEFB7F0D1
:106E100015C008F016C009F012000B6E0B50D8B464
:106E200014EFB7F016EFB7F038EFB7F006BE1DEF6E
:106E3000B7F01BEFB7F038EFB7F003C007F004C0AE
:106E400008F005C009F006C00AF0071E081E091E5A
:106E50000A1E072A000E082209220A2207C00DF086
:106E600008C00EF009C00FF00AC010F040EFB7F0F4
:106E700003C00DF004C00EF005C00FF006C010F006
:106E80000350041005100610D8A449EFB7F04BEFDB
:106E9000B7F055EFB7F0000E036E000E046E000E53
:106EA000056E000E066EE6EFB7F0960E0C6E5FEF05
:106EB000B7F00C2AD89010320F320E320D32000E7D
:106EC0000D14076E000E0E14086E000E0F14096EDE
:106ED000FE0E10140A6E0750081009100A10D8A4EC
:106EE00074EFB7F076EFB7F059EFB7F084EFB7F083
:106EF0000C2A010E0D26000E0E220F221022D89011
:106F000010320F320E320D32000E0D14076E000ECD
:106F10000E14086E000E0F14096EFF0E10140A6E88
:106F20000750081009100A10D8A499EFB7F09BEF8A
:106F3000B7F078EFB7F0A3EFB7F00C06D8900D36A6
:106F40000E360F3610360FBEA8EFB7F0AAEFB7F027
:106F5000B2EFB7F0020E0C60B0EFB7F0B2EFB7F0DF
:106F60009DEFB7F00CB0B7EFB7F0B9EFB7F0BAEFED
:106F7000B7F00F9ED8900C320CC007F0086A096A6F
:106F80000A6A07C00AF0096A086A076A07500D1200
:106F900008500E1209500F120A5010120B50D8B49C
:106FA000D4EFB7F0D6EFB7F0DEEFB7F006BEDDEF07
:106FB000B7F0DBEFB7F0DEEFB7F0108E0DC003F0E7
:106FC0000EC004F00FC005F010C006F0120005C09E
:106FD0000FF006C010F009500A10D8A4F2EFB7F075
:106FE000F4EFB7F0F6EFB7F0AEEFB8F060003FF0B7
:106FF000D9FF600043F0DAFF60001FF0DFFF0950A7
:107000000F240B6E0A5010200C6EFF0E0B24D96E4D
:10701000FF0E0C20DA6E60001FF0DFFF0A5007E160
:10702000030E095CD8B017EFB8F019EFB8F01BEFFA
:10703000B8F0AEEFB8F020EE01F00F50D9261050A6
:10704000DA2260001FF0DFFF20EE02F00F50D92699
:107050001050DA2260001FF0DFFF09500F240B6E82
:107060000A5010200C6EFE0E0B24D96EFF0E0C2061
:10707000DA6E60001FF0DFFF09500F240B6E0A501C
:1070800010200C6EFD0E0B24D96EFF0E0C20DA6E54
:1070900060001FF0DFFF0A5007E1070E095CD8B05F
:1070A00054EFB8F056EFB8F058EFB8F0AEEFB8F0D4
:1070B00020EE03F00F50D9261050DA2260001FF0A6
:1070C000DFFF09500F240B6E0A5010200C6EFC0ECF
:1070D0000B24D96EFF0E0C20DA6E60001FF0DFFF6C
:1070E0000A5007E1090E095CD8B079EFB8F07BEFE0
:1070F000B8F07DEFB8F0AEEFB8F00FC00BF010C0F5
:107100000CF00B1E0C1E0B4A0C2A030E0B140D6EFA
:107110000E6A0D500F260E5010220D50095E0E50B3
:107120000A5AFC0E0916FF0E0A16A5EFB8F0600009
:107130003FF0D9FF600043F0DAFF60001FF0DFFF8F
:107140000906D8A00A060F4A102A09500A10D8A426
:10715000ACEFB8F0AEEFB8F097EFB8F01200000E59
:10716000126E10BEB8EFB8F0B6EFB8F0CAEFB8F0D4
:10717000101E0F1E0E1E0D1E0C1E0B1E0A1E096C6D
:10718000000E0A220B220C220D220E220F221022A8
:10719000010E126E08BED1EFB8F0CFEFB8F0E3EFFA
:1071A000B8F0081E071E061E051E041E031E021E42
:1071B000016C000E0222032204220522062207226D
:1071C0000822010E121A20EE13F0070EDE6AE806FE
:1071D000FDE209500A100B100C100D100E100F10CC
:1071E0001010D8B4F6EFB8F0F8EFB8F04AEFB9F0F5
:1071F000010E116E06EFB9F0D89009360A360B363B
:107200000C360D360E360F361036112A10AE0BEF37
:10721000B9F00DEFB9F0FCEFB8F0D8901336143692
:10722000153616361736183619361A360950015CD7
:107230000A5002580B5003580C5004580D50055872
:107240000E5006580F50075810500858D8A02BEF72
:10725000B9F02DEFB9F03EEFB9F00950015E0A50D8
:10726000025A0B50035A0C50045A0D50055A0E5036
:10727000065A0F50075A1050085A1380D8901032EF
:107280000F320E320D320C320B320A320932112E0D
:107290000DEFB9F01250D8B450EFB9F052EFB9F089
:1072A00062EFB9F01A1E191E181E171E161E151EA3
:1072B000141E136C000E14221522162217221822F7
:1072C00019221A2213C001F014C002F015C003F0F5
:1072D00016C004F017C005F018C006F019C007F07A
:1072E0001AC008F01200000E126E08BE7CEFB9F052
:1072F0007AEFB9F08EEFB9F0081E071E061E051EC4
:10730000041E031E021E016C000E02220322042230
:107310000522062207220822010E126E10BE95EFEA
:10732000B9F093EFB9F0A5EFB9F0101E0F1E0E1EC5
:107330000D1E0C1E0B1E0A1E096C000E0A220B22CB
:107340000C220D220E220F22102209500A100B10BF
:107350000C100D100E100F101010D8B4B2EFB9F0C1
:10736000B4EFB9F0FCEFB9F0010E116EC2EFB9F055
:10737000D89009360A360B360C360D360E360F36D7
:107380001036112A10AEC7EFB9F0C9EFB9F0B8EF57
:10739000B9F00950015C0A5002580B5003580C50C8
:1073A00004580D5005580E5006580F5007581050ED
:1073B0000858D8A0DEEFB9F0E0EFB9F0F0EFB9F07F
:1073C0000950015E0A50025A0B50035A0C50045ADD
:1073D0000D50055A0E50065A0F50075A1050085AB1
:1073E000D89010320F320E320D320C320B320A327C
:1073F0000932112EC9EFB9F01250D8B402EFBAF029
:1074000004EFBAF014EFBAF0081E071E061E051EA0
:10741000041E031E021E016C000E0222032204221F
:10742000052206220722082201C001F002C002F054
:1074300003C003F004C004F005C005F006C006F068
:1074400007C007F008C008F01200A9EFBAF00A0E52
:107450002EECC8F001240101646F000E0220656F5C
:10746000000E0320666F000E0420676F600017F0A7
:10747000D9FF60001BF0DAFF220EDE6E000EDD6E1B
:107480002EECC8F001016451015C6551025866514F
:10749000035867510458D8B050EFBAF052EFBAF021
:1074A0008FEFBAF0D1EFBAF0020100A15AEFBAF0B3
:1074B0005CEFBAF027EFBAF0BB9A010E0001F56F4E
:1074C00027EFBAF001017C4B7D2B7D5109E10A0EBB
:1074D0007C5DD8A06EEFBAF070EFBAF027EFBAF08B
:1074E000000E7D6F000E7C6FBB8A020E0001F56FEF
:1074F00027EFBAF001017C4B7D2B7D5109E1640E31
:107500007C5DD8A086EFBAF088EFBAF027EFBAF02A
:10751000000E7D6F000E7C6FBB9A5DEFBAF000012C
:10752000F551076E086A0850000AD8B49AEFBAF00D
:1075300027EFBAF00750000AD8B454EFBAF0010AA6
:10754000D8B462EFBAF0030AD8B47AEFBAF027EFF2
:10755000BAF0600017F0D9FF60001BF0DAFF6F008F
:1075600078FF07F06F0074FF08F00850000AD8B4E5
:10757000BCEFBAF0C7EFBAF00750000AD8B427EF53
:10758000BAF0220AD8B440EFBAF0C7EFBAF0600000
:1075900017F0D9FF60001BF0DAFF000EDE6E000E60
:1075A000DD6E12002FEFBBF0010E2EECC8F00124AF
:1075B0000101206F000E0220216F000E0320226FB8
:1075C000000E0420236F600027F1D9FF60002BF12B
:1075D000DAFF560EDE6E000EDD6E2EECC8F00101F5
:1075E0002051015C21510258225103582351045863
:1075F000D8B0FDEFBAF0FFEFBAF001EFBBF057EFF4
:10760000BBF00001FA51D8B408EFBBF00AEFBBF0B1
:10761000D4EFBAF0F92B040EF96511EFBBF013EFBC
:10762000BBF0D4EFBAF0000EFA6F320E116E070EF7
:10763000126E45ECC3F0320E016E070E026EE5ECE1
:1076400088F001017F6F000E456E000E446E000E43
:10765000476EC70E466E19ECC6F0D4EFBAF0600064
:1076600027F1D9FF60002BF1DAFF6F0078FF4BF0B4
:107670006F0074FF4CF04C50000AD8B442EFBBF0DE
:107680004DEFBBF04B50000AD8B4D4EFBAF0560A15
:10769000D8B4EDEFBAF04DEFBBF0600027F1D9FFA1
:1076A00060002BF1DAFF000EDE6E000EDD6E1200C0
:1076B0003C343D34436E4350D8A461EFBBF063EFDC
:1076C000BBF06DEFBBF0000E3A6E000E3B6E000E8D
:1076D0003C6E000E3D6EDAEFBBF03AC03EF03BC0B0
:1076E0003FF03CC040F03DC041F0200E7DEFBBF0CC
:1076F000D890413240323F323E32E82E78EFBBF034
:107700003E50426E3C8EFF0E3A16FF0E3B16FF0EA9
:107710003C16000E3D16960E435E43BE94EFBBF042
:1077200092EFBBF0AAEFBBF04350800A970FD8B09E
:107730009CEFBBF09EEFBBF0A0EFBBF063EFBBF0A4
:10774000D8903D323C323B323A32433EA0EFBBF060
:10775000C2EFBBF01F0E4364B0EFBBF0B2EFBBF063
:10776000BAEFBBF063EFBBF0D8903A363B363C360D
:107770003D3643064350D8A4C0EFBBF0C2EFBBF088
:10778000B4EFBBF04250D8B4C8EFBBF0CAEFBBF0C7
:10779000D2EFBBF03D1E3C1E3B1E3A6C000E3B225E
:1077A0003C223D223AC03AF03BC03BF03CC03CF0AA
:1077B0003DC03DF01200000E2A14326E000E2B1454
:1077C000336E800E2C14346E7F0E2D14356E3250B5
:1077D000331034103510D8A4F0EFBBF0F2EFBBF04B
:1077E000FAEFBBF0000E2A6E000E2B6E000E2C6E10
:1077F000000E2D6E000E2E14326E000E2F14336EFE
:10780000800E3014346E7F0E3114356E32503310CA
:1078100034103510D8A40FEFBCF011EFBCF019EF05
:10782000BCF0000E2E6E000E2F6E000E306E000E9D
:10783000316E2DAE1EEFBCF020EFBCF029EFBCF096
:107840002A6C2B1ED8B02B2A2C1ED8B02C2A800EC6
:107850002D5631AE2EEFBCF030EFBCF039EFBCF05E
:107860002E6C2F1ED8B02F2A301ED8B0302A800E92
:107870003156000E2A1A000E2B1A000E2C1A800EFA
:107880002D1A000E2E1A000E2F1A000E301A800E1E
:10789000311A2E502A5C2F502B5830502C58315012
:1078A0002D58D8B056EFBCF058EFBCF05BEFBCF0F1
:1078B000D8905CEFBCF0D880120018C10BF019C151
:1078C0000CF01AC10DF01BC10EF001C00BF002C08C
:1078D0000CF003C00DF004C00EF00BC005F00CC09E
:1078E00006F00DC007F00EC008F0180E7DEFBCF0DA
:1078F000D8900832073206320532E82E78EFBCF015
:107900000550096E0A6A09500A10D8A48AEFBCF023
:107910008CEFBCF0ACEFBCF0D8900B34056E0C349F
:10792000066E0D34076E0E34086E055006100710F3
:107930000810D8A49EEFBCF0A0EFBCF0A6EFBCF0FE
:10794000000E026E020E016EDBEFBCF0000E026E46
:10795000030E016EDBEFBCF009280A10D8A4B3EFC8
:10796000BCF0B5EFBCF0D7EFBCF00BC005F00CC01D
:1079700006F00DC007F00EC008F0090ED8900536CD
:10798000063607360836E82EBEEFBCF00550061066
:1079900007100810D8B4CFEFBCF0D2EFBCF0010E46
:1079A000D3EFBCF0000E016E026ADBEFBCF0000EFC
:1079B000026E040E016E120001C008F002C009F050
:1079C00003C00AF004C00BF00506D8A0060605287F
:1079D00006E10628D8A4EFEFBCF0F1EFBCF0FEEF13
:1079E000BCF0000E026E000E016E58EFBDF0084AAA
:1079F000092A0A4A0B2A0506D8A00606600023F0C9
:107A0000D9FF600027F0DAFFDF50D8B40AEFBDF0ED
:107A10000CEFBDF041EFBDF060002BF0F6FF600011
:107A20002FF0F7FF000EF86E0800F5500009D8B4EB
:107A30001CEFBDF01EEFBDF041EFBDF0055006108C
:107A4000D8B425EFBDF027EFBDF041EFBDF06000E9
:107A500023F0D9FF600027F0DAFFDF50076E6000E7
:107A60002BF0F6FF60002FF0F7FF000EF86E080015
:107A7000F5500718D8B43FEFBDF041EFBDF0F7EF78
:107A8000BCF0600023F0D9FF600027F0DAFFDF5080
:107A9000076E60002BF0F6FF60002FF0F7FF000E7E
:107AA000F86E0800F550075C016E026AD8A0020665
:107AB000120003500410D8B460EFBDF062EFBDF0C7
:107AC0006BEFBDF003500410D8A469EFBDF06BEF6D
:107AD000BDF070EFBDF001504CECC9F0C4EFBDF04B
:107AE00020EE04F00350D9260450DA22DE50DE10D6
:107AF000D8B47DEFBDF07FEFBDF09AEFBDF020EE82
:107B000004F00350D9260450DA2210EE02F003509C
:107B1000E1260450E222DE50E65CE650800A096E5F
:107B2000DE50800A0958D8B098EFBDF09AEFBDF04A
:107B3000C4EFBDF020EE02F00350D9260450DA2243
:107B40006F0078FF05F06F0074FF06F060000FF023
:107B5000D9FF600013F0DAFF6F0078FF07F06F00C5
:107B600074FF08F005500724D96E06500820DA6E1D
:107B7000600007F0DFFF20EE02F00350D92604502A
:107B8000DA22DE2A000EDD221200000E0001F825A6
:107B9000D96EDA6A060EDA22000EDF6E3D01E1A729
:107BA000D4EFBDF0D6EFBDF0EDEFBDF0000E00015B
:107BB000F825D96EDA6A060EDA220601DF8202D8CB
:107BC000EDEFBDF00500FA6E0101C451FD6EC55127
:107BD000FE6EC651FF6EFA5012003D01E1A3F3EFB5
:107BE000BDF0F5EFBDF00CEFBEF0000E0001F82582
:107BF000D96EDA6A060EDA220601DF8402D80CEFAB
:107C0000BEF00500FA6E0101C151FD6EC251FE6E5B
:107C1000C351FF6EFA501200000E0001F825D96E14
:107C2000DA6A060EDA22DF50D8B419EFBEF01BEF85
:107C3000BEF02BEFBEF002D829EFBEF00500FA6EC1
:107C40000101BE51FD6EBF51FE6EC051FF6EFA5074
:107C500012002DEFBEF08CECC6F01200400E0001B9
:107C6000FD25D96EDA6A060EDA22000EDF6E3D01BE
:107C7000F9A73DEFBEF03FEFBEF056EFBEF0400E6D
:107C80000001FD25D96EDA6A060EDA220601DF82CE
:107C900002D856EFBEF00500FA6E0101CD51FD6E1F
:107CA000CE51FE6ECF51FF6EFA5012003D01F9A386
:107CB0005CEFBEF05EEFBEF075EFBEF0400E00016F
:107CC000FD25D96EDA6A060EDA220601DF8402D8B3
:107CD00075EFBEF00500FA6E0101CA51FD6ECB5181
:107CE000FE6ECC51FF6EFA501200400E0001FD25D1
:107CF000D96EDA6A060EDA22DF50D8B482EFBEF00F
:107D000084EFBEF094EFBEF002D892EFBEF0050013
:107D1000FA6E0101C751FD6EC851FE6EC951FF6E6A
:107D2000FA50120096EFBEF0A7ECC6F012000E500B
:107D30000F10D8B49EEFBEF0A0EFBEF0F8EFBEF08B
:107D40000EC001F00FC002F0E7ECC4F001C010F06B
:107D500002C011F0E1EFBEF00CC001F00DC002F066
:107D60000EC003F00FC004F010C005F011C006F003
:107D7000DCECBCF001500210D8A4C1EFBEF0C3EFA0
:107D8000BEF0C9EFBEF00CC00CF00DC00DF0FCEF62
:107D9000BEF0010E0C24016E000E0D20026E60007C
:107DA0003BF0F6FF60003FF0F7FF000EF86E0800B2
:107DB000F550036E046A13ECC5F001C00CF002C06C
:107DC0000DF00C500D10D8B4E8EFBEF0EAEFBEF0A5
:107DD000F8EFBEF0600033F0D9FF600037F0DAFF53
:107DE000DF50D8A4F6EFBEF0F8EFBEF0ACEFBEF077
:107DF000000E0C6E000E0D6E12000001EAA103EFE2
:107E0000BFF005EFBFF00FEFBFF013C00AF014C0D2
:107E10000BF011C00CF012C00DF0D7ECC5F016BE7F
:107E200014EFBFF016EFBFF01CEFBFF015C01AF053
:107E300016C01BF020EFBFF0000E1B6E000E1A6E76
:107E4000000E196E000E186E32EFBFF0000E026EBB
:107E5000200E016E11C003F012C004F059ECBDF009
:107E6000184A192A1A50185C1950800A176E1B50AC
:107E7000800A1758D8A03FEFBFF041EFBFF026EFC0
:107E8000BFF00001EAB147EFBFF049EFBFF053EF99
:107E9000BFF013C00AF014C00BF011C00CF012C0F8
:107EA0000DF0D7ECC5F013C001F014C002F0E7EC00
:107EB000C4F01A500124116E1B500220126E1200E1
:107EC000000E066E04BE69EFBFF067EFBFF06FEF04
:107ED000BFF0036C041ED8B0042A010E066E02BE69
:107EE00076EFBFF074EFBFF07CEFBFF0016C021EC5
:107EF000D8B0022A010E061A000E086E000E076E98
:107F000003500410D8B487EFBFF089EFBFF0B1EF92
:107F1000BFF0010E056E91EFBFF0D8900336043626
:107F2000052A04AE96EFBFF098EFBFF08DEFBFF0DB
:107F3000D890073608360350015C04500258D8A088
:107F4000A4EFBFF0A6EFBFF0ABEFBFF00350015EB0
:107F50000450025A0780D89004320332052E98EF5D
:107F6000BFF00650D8B4B7EFBFF0B9EFBFF0BDEF28
:107F7000BFF0076C081ED8B0082A07C001F008C07F
:107F800002F01200600E056E000E066E000E086E06
:107F9000000E076E000E0A6E640E096EE7ECB7F075
:107FA000600E056E000E066E11C007F012C008F0DC
:107FB00011C001F012C002F0E7ECC4F001C009F0FA
:107FC00002C00AF0BAECC4F0600E016E000E026E40
:107FD000E7ECC4F001C0C4F002C0C5F0000E00011F
:107FE000C76F000EC66F0AEFC0F03901A3A9FBEFFF
:107FF000BFF0FDEFBFF0F5EFBFF0600E0001C6254A
:10800000D96E000EC721DA6EDF503D01EA6F000124
:10801000C64BC72BC651C45DC551800A136EC751EC
:10802000800A1358D8B017EFC0F019EFC0F0F5EF81
:10803000BFF01200000E066E02BE23EFC0F021EF6B
:10804000C0F029EFC0F0016C021ED8B0022A010E68
:10805000066E04BE30EFC0F02EEFC0F034EFC0F07B
:10806000036C041ED8B0042A03500410D8B43BEFAC
:10807000C0F03DEFC0F061EFC0F0010E056E45EFBE
:10808000C0F0D89003360436052A04AE4AEFC0F09B
:108090004CEFC0F041EFC0F00350015C04500258B7
:1080A000D8A055EFC0F057EFC0F05BEFC0F0035021
:1080B000015E0450025AD89004320332052E4CEF70
:1080C000C0F00650D8B467EFC0F069EFC0F06DEFB4
:1080D000C0F0016C021ED8B0022A01C001F002C03B
:1080E00002F0120012C005F013C006F0000E086E78
:1080F000000E076E12C001F013C002F0E7ECC4F0EE
:1081000001C009F002C00AF0E7ECB7F014C00CF0AF
:1081100015C00DF016C00EF017C00FF097ECBEF0B2
:108120000CC01BF00DC01CF0050E1B241B6E000EB6
:108130001C201C6EAFEFC0F060006FF0D9FF600034
:1081400073F0DAFF60004BF0E1FF60004FF0E2FFF8
:108150006F007FFFE7FF124A132A1B4A1C2A6000A8
:108160006FF0D9FF600073F0DAFFDF501A6E600025
:1081700063F0F6FF600067F0F7FF000EF86E08008E
:10818000F5501A18D8A4C7EFC0F0C9EFC0F09CEFA3
:10819000C0F0120012C005F013C006F0000E086E09
:1081A000000E076E12C001F013C002F0E7ECC4F03D
:1081B00001C009F002C00AF0E7ECB7F014C00CF0FF
:1081C00015C00DF016C00EF017C00FF097ECBEF002
:1081D0000CC01BF00DC01CF0010E1B241B6E000E0A
:1081E0001C201C6E07EFC1F060006FF0D9FF60002B
:1081F00073F0DAFF60004BF0E1FF60004FF0E2FF48
:108200006F007FFFE7FF124A132A1B4A1C2A6000F7
:108210006FF0D9FF600073F0DAFFDF501A6E600074
:1082200063F0F6FF600067F0F7FF000EF86E0800DD
:10823000F5501A18D8A41FEFC1F021EFC1F0F4EFE8
:10824000C0F01200000E0114096E000E02140A6E36
:10825000800E03140B6E7F0E04140C6E09500A106E
:108260000B100C10D8A437EFC1F039EFC1F041EF7B
:10827000C1F0000E016E000E026E000E036E000EC5
:10828000046E000E0514096E000E06140A6E800EB0
:1082900007140B6E7F0E08140C6E09500A100B1099
:1082A0000C10D8A456EFC1F058EFC1F060EFC1F048
:1082B000000E056E000E066E000E076E000E086EB4
:1082C000055001180FE1065002180CE10750031881
:1082D00009E108500418D8B470EFC1F072EFC1F092
:1082E00075EFC1F0D89076EFC1F0D88012006E0E15
:1082F000F66E900EF76E010EF86E00EED9F110EEEC
:1083000010F009006F00D7FFEEFFE550E150F9E1F2
:1083100002EE00F0C80EEE6AE806FDE101EE00F3A1
:10832000FA0EEE6AE806FDE101EE00F210EE00F151
:10833000EE6AE550E150FCE1E250FAE101EE00F1B5
:10834000DB0EEE6AE806FDE101EE00F0DD0EEE6AFE
:10835000E806FDE100EE00F3E40EEE6AE806FDE15A
:1083600000EE00F2F70EEE6AE806FDE100EE00F125
:10837000BE0EEE6AE806FDE100EEE8F0180EEE6AC9
:10838000E806FDE1080ED56E000ED66E000ED76E23
:1083900000012BEFC4F0000EBE6E000EBD6E000E8D
:1083A000BA6E000EBB6E000EBC6E040EC66ECF0E13
:1083B000C26EDF0EC36E2C0EC46E0E0EC56E000EA6
:1083C0003A01706F040E606FDF0E506F040E806F05
:1083D000CF0E406F0C0E716F000E816F000E516F4B
:1083E000000E416F080E616F000E5A6F000E5B6F3A
:1083F000000E6A6F000E6B6F000E7A6F000E7B6FBF
:10840000000E826F000E426F000E526F000E626F00
:10841000000E726F4369536963697369070E836F56
:1084200044695469646974690F0E846F190EE86FAA
:10843000130E146F160E186F150EE56F120039012A
:1084400096A525EFC2F027EFC2F03EEFC2F0A6A539
:108450002CEFC2F02EEFC2F03EEFC2F002D83CEF9C
:10846000C2F00500FA6E0101D351FD6ED451FE6ECB
:10847000D551FF6EFA5012006EEFC2F093A743EF92
:10848000C2F045EFC2F05CEFC2F0A3A74AEFC2F022
:108490004CEFC2F05CEFC2F002D85AEFC2F0050018
:1084A000FA6E0101D051FD6ED151FE6ED251FF6EB8
:1084B000FA5012006EEFC2F093AF61EFC2F063EFBB
:1084C000C2F06EEFC2F0A3AF68EFC2F06AEFC2F085
:1084D0006EEFC2F0C2ECC6F06EEFC2F011003901CF
:1084E00093975C0E016E7C0E026E010E036EB9EC6A
:1084F000C8F0000E3D01EC6F000EED6F000EEE6F48
:10850000000EEF6F000EF06F000EF16FB00EF26F05
:10851000800EF36F000EF46F8A0EF56F000EF66F8B
:10852000000EF76F000EF86F000EF96F000EFA6F75
:10853000A00E016E920E026E010E036EC7ECC8F023
:108540009E0E016E920E026E010E036EC0ECC8F01C
:108550008A0E016E920E026E010E036ECEECC8F012
:10856000000E01018B6F000E0001FD6F000EFC6F0D
:10857000000EFB6F390193871200390196958A0E20
:10858000016E7B0E026E010E036E9DECC8F0000EB4
:108590003D01D46F000ED66F000ED86FB00EDA6FAB
:1085A000800EDB6F000EDC6F8A0EDD6F000EDE6F5B
:1085B000000EDF6F000EE06F000EE16F000EE26F45
:1085C0009C0E016E920E026E010E036EABECC8F0B3
:1085D0009A0E016E920E026E010E036EA4ECC8F0AC
:1085E000840E016E920E026E010E036EB2ECC8F0A4
:1085F000000E01018A6F000E0001F86F000EF76F88
:10860000000EF66F390196851200A50E8FECC7F0AB
:108610005A0E8FECC7F00A0E8FECC7F0820E8FEC6B
:10862000C7F0000E8FECC7F0200E8FECC7F0540E91
:108630008FECC7F03D0E8FECC7F060000BF0D9FF58
:1086400060000FF0DAFFDF508FECC7F020EE01F092
:108650000250D9260350DA22DF508FECC7F020EE0B
:1086600002F00250D9260350DA22DF508FECC7F017
:1086700020EE03F00250D9260350DA22DF508FECAF
:10868000C7F0430E8FECC7F0120011C005F012C006
:1086900006F0000E086E000E076E11C001F012C049
:1086A00002F0E7ECC4F001C009F002C00AF0E7EC08
:1086B000B7F011C005F012C006F0800E076E060E6E
:1086C000086E800E016E060E026EE7ECC4F001C06B
:1086D00009F002C00AF0BAECC4F0000E0001F86F15
:1086E000000EF66F800E056E060E066E000E086E0A
:1086F000000E076E000E0A6E400E096EE7ECB7F032
:10870000120011C005F012C006F0000E086E000E37
:10871000076E11C001F012C002F0E7ECC4F001C016
:1087200009F002C00AF0E7ECB7F011C005F012C082
:1087300006F0C00E076E060E086EC00E016E060E25
:10874000026EE7ECC4F001C009F002C00AF0BAEC16
:10875000C4F0000E0001FD6F000EFB6FC00E056E31
:10876000060E066E000E086E000E076E000E0A6EF4
:10877000400E096EE7ECB7F01200BFC05EF0C0C05B
:108780005FF0000E01016D6F000E6C6FDFEFC3F044
:10879000BDC09DF0BEC09EF05E0E00019F6F000E3A
:1087A000A06FC1C0A1F0C2C0A2F018EC9AF0000105
:1087B0009D5101016C2700019E5101016D23600054
:1087C0007BF1F6FF60007FF1F7FF000EF86E080006
:1087D000F5500009D8A4EFEFC3F0F1EFC3F0C8EFF4
:1087E000C3F06CC1BDF06DC1BEF0120003C007F054
:1087F00004C008F001C009F002C00AF00750056E7D
:108800000850066E074A082A600017F0F6FF60005D
:108810001BF0F7FF000EF86E600027F0D9FF600034
:108820002BF0DAFF094A0A2A1F0EF76403D008006A
:10883000F55007D06F00DBFFE9FF6F00DFFFEAFFB5
:10884000EF50DF6EDF50D8A428EFC4F02AEFC4F059
:10885000FEEFC3F012006FECC7F0D28E48ECC9F007
:10886000EEECC8F012ECC9F00CECC9F0E2ECC8F088
:10887000F4ECC8F0FAECC8F0E8ECC8F0DCECC8F0B6
:1088800000ECC9F006ECC9F06CECC8F096ECC8F04E
:108890008FECC8F05EECC8F073ECC8F07AECC8F06E
:1088A00065ECC8F057ECC8F081ECC8F047ECC8F0B4
:1088B00044EFC4F00DEF00F0BF0E096EFF0E0A6E1C
:1088C00007C00BF008C00CF009500B260A500C2210
:1088D0000C500AE11A0E0B5CD8A071EFC4F074EFD3
:1088E000C4F0010E75EFC4F0000E0D6E0E6A0D504F
:1088F0000E10D8B47EEFC4F080EFC4F087EFC4F060
:10890000200E0710076E0850086E8BEFC4F007C0EA
:1089100007F008C008F01200000E3E01DE6F000EE6
:10892000DF6F000EE06F000EE16F000EE46F000ECF
:10893000E56F000EEA6F000EEC6F000EF16F030E94
:10894000F36F000EF46F000EF56F000EF66F000E61
:10895000F76F000EF96F000EFA6F000EFB6F000E3E
:10896000FC6F120EFD6F000EFE6F000EFF6FD40E37
:10897000F86F120007C00DF008C00EF005C00BF034
:1089800006C00CF0D9EFC4F0600037F0D9FF6000EA
:108990003BF0DAFFDF500F6E0D4A0E2A60002FF019
:1089A000D9FF600033F0DAFF60003FF0DFFF0B4AD1
:1089B0000C2A0906D8A00A06092806E10A28D8A424
:1089C000E4EFC4F0E6EFC4F0C4EFC4F0120001C05D
:1089D00003F002C004F0EFEFC4F0014A022A600085
:1089E00007F0F6FF60000BF0F7FF000EF86E1F0EA9
:1089F000F76403D00800F55007D06F00DBFFE9FFF4
:108A00006F00DFFFEAFFEF500009D8A40AEFC5F0BE
:108A10000CEFC5F0EDEFC4F00350015C016E0450A3
:108A20000258026E1200600007F0D9FF60000BF0E0
:108A3000DAFF0350DE18D8A420EFC5F022EFC5F00E
:108A400028EFC5F001C001F002C002F03CEFC5F014
:108A5000600007F0D9FF60000BF0DAFF014A022A3C
:108A6000DF50D8A436EFC5F038EFC5F013EFC5F0EE
:108A7000000E016E000E026E1200C70E0001D96FCB
:108A8000000EDA6FC3C0DBF0C4C0DCF0000EDE6F96
:108A9000000EDD6F000EE06F000EDF6FDB0EBD6FAE
:108AA000000EBE6FC5C0BFF0C6C0C0F0D90EC16F0A
:108AB000000EC26FBDECC3F00001DD51C325D96EBD
:108AC000DE51C421DA6E000EDF6E1200010E076E59
:108AD000200E01180210D8B470EFC5F072EFC5F087
:108AE0008BEFC5F0F70E036EFF0E046E01C005F0AC
:108AF00002C006F00350052604500622065009E184
:108B0000050E055CD8A087EFC5F089EFC5F08BEFA7
:108B1000C5F0000E076E07C001F0026A1200000ED9
:108B2000D2BE010E046E0250030B3901E16F6000EA
:108B300007F0E0F960000FF0E3F93F0EE517E58577
:108B4000D29E550EE66FAA0EE66FE583E5B3ABEF56
:108B5000C5F0ADEFC5F0A6EFC5F0E59504B002D0C5
:108B6000D29E01D0D28E1200000E3E1A000E3F1A85
:108B7000000E401A800E411A3AC02AF03BC02BF07A
:108B80003CC02CF03DC02DF03EC02EF03FC02FF079
:108B900040C030F041C031F0E7ECA2F02AC03AF01A
:108BA0002BC03BF02CC03CF02DC03DF01200000E5D
:108BB000106E000E0F6EE8EFC5F00EC001F0026AF5
:108BC0000CC003F00DC004F059ECBDF00F4A102AA0
:108BD0000F500A24D96E10500B20DA6EDF500E6E43
:108BE0000E50D8A4F6EFC5F0F8EFC5F0DDEFC5F0F4
:108BF000120014BE06EFC6F0145006E11304D8B0FC
:108C000004EFC6F006EFC6F014EFC6F013C015F07F
:108C100014C016F0151E161E154A162A15C013F09C
:108C200016C014F018EFC6F013C013F014C014F0FF
:108C30001200A50E8FECC7F05A0E8FECC7F0050E90
:108C40008FECC7F0820E8FECC7F0000E8FECC7F0F0
:108C500046C048F048508FECC7F04550486E485029
:108C60008FECC7F044C048F048508FECC7F01200BA
:108C7000BF0E036EFF0E046E01C005F002C006F0C9
:108C8000035005260450062206500AE11A0E055C20
:108C9000D8A04DEFC6F050EFC6F0010E51EFC6F070
:108CA000000E016E026A120001500210031004103F
:108CB000D8B45DEFC6F05FEFC6F067EFC6F0000E08
:108CC000011A000E021A000E031A800E041A01C0C7
:108CD00001F002C002F003C003F004C004F012006F
:108CE000D00E036EFF0E046E01C005F002C006F048
:108CF000035005260450062206500AE10A0E055CC0
:108D0000D8A085EFC6F088EFC6F0010E89EFC6F057
:108D1000000E016E026A1200800E0001F825D96E65
:108D2000DA6A060EDA226F0043F7DFFFF82B3F0EF8
:108D3000F8659DEFC6F09FEFC6F0A1EFC6F0000EFC
:108D4000F86FF62B010EFA6F000EF96F1200C00ECD
:108D50000001FD25D96EDA6A060EDA226F00A3F74C
:108D6000DFFFFD2B3F0EFD65B8EFC6F0BAEFC6F092
:108D7000BCEFC6F0000EFD6FFB2B010EFF6F000E67
:108D8000FE6F12003901A39F0101D651D711D811EE
:108D9000D8B4CDEFC6F0CFEFC6F0DCEFC6F002D806
:108DA000DCEFC6F00500FA6ED651FD6ED751FE6EAF
:108DB000D851FF6EFA5012001200A50E8FECC7F0CA
:108DC0005A0E8FECC7F0040E8FECC7F0800E8FECBC
:108DD000C7F0030E8FECC7F0000E8FECC7F002C097
:108DE00004F004508FECC7F0120001500201011989
:108DF00009E102500219D8B400EFC7F002EFC7F042
:108E000009EFC7F001C001F202C002F2010E0AEF41
:108E1000C7F0000E1200015003026F00CCFF05F0F6
:108E20006F00D0FF06F001500402F35006260250F6
:108E30000302F350062605C001F006C002F012003E
:108E400011C005F012C006F0000E086E000E076E8D
:108E500011C001F012C002F0E7ECC4F001C009F04B
:108E600002C00AF0E7ECB7F01200040100B13BEFDA
:108E7000C7F03DEFC7F047EFC7F000B342EFC7F0D0
:108E800044EFC7F047EFC7F0010E48EFC7F0000E00
:108E90001200460EB96EF90EB76E000EB66E3901AD
:108EA000A39F938F9E0E016E900E026E010E036EB5
:108EB000D5ECC8F0800EB86E1200000E3901C06FFC
:108EC000000EC16F000EC26F000EC36F000EC46FA4
:108ED000000EC56F000EC66F000EC76F12004AEC81
:108EE000C9F05DECC7F0CBECC1F0A8ECC7F08CEC9E
:108EF000C4F049ECC7F06FECC2F0BDECC2F0120058
:108F00000250030B3901E16F600007F0E0F93F0EFA
:108F1000E517E58100F000F03901E3511200016E20
:108F20003901A6A796EFC7F098EFC7F090EFC7F00A
:108F3000600007F0D2FD12000001F251D8B4A3EF97
:108F4000C7F0A6EFC7F0010EA7EFC7F0000E1200A2
:108F5000600E3901D96F000EDB6F000EDD6F080E59
:108F6000DF6F000EDE6F12003E01F8A1BAEFC7F00E
:108F7000BDEFC7F0010EBEEFC7F0000E12003E01BC
:108F8000F051046E036AEF510324016E000E0420B9
:108F9000026E1200600007F0D9FF60000BF0DAFFEC
:108FA000000EDE6E000EDD6E120001018CB1DBEFF3
:108FB000C7F0DEEFC7F0010EDFEFC7F0000E1200C2
:108FC0000001ECB1E6EFC7F0E9EFC7F0010EEAEF00
:108FD000C7F0000E1200050100A1F1EFC7F0F4EF99
:108FE000C7F0010EF5EFC7F0000E1200030100A15B
:108FF000FCEFC7F0FFEFC7F0010E00EFC8F0000E66
:109000001200020E0001EF6F020E0101886F010EC7
:10901000876F1200D7C301F0D8C302F0D9C303F0A1
:10902000DAC304F01200D3C501F0D4C502F0D5C5EF
:1090300003F0D6C504F0120058C101F059C102F086
:109040005AC103F05BC104F01200D5C401F0D6C4CC
:1090500002F0D7C403F0D8C404F0120068C101F0D4
:1090600069C102F06AC103F06BC104F012006F1213
:10907000833A6F12833A6F12833A6F12833A016E0A
:10908000600007F0F1FE3E01F88FF8811200A80E93
:109090000001E16F010EE26F97EC95F01200010EF6
:1090A00001016827000E69236A236B231200AC0EAE
:1090B000446E010E456E3AECADF01200B60E446EF1
:1090C000010E456E06ECAFF01200AE0E446E010EBE
:1090D000456E47ECA5F01200BC0E056E010E066E43
:1090E00025ECBAF01200B40E056E010E066E39ECD6
:1090F000B4F01200B00E056E010E066E9CECA9F0E5
:109100001200AA0E446E010E456EBBEC9DF01200DB
:10911000010E0001EF6F010E0101876F1200A60E14
:10912000496E010E4A6ED2ECBAF01200BA0E496EC8
:10913000010E4A6E81ECA0F0120001C0D3F102C012
:10914000D4F103C0D5F1120001C0C1F102C0C2F1D7
:1091500003C0C3F1120001C0C4F102C0C5F103C0D5
:10916000C6F1120001C0BEF102C0BFF103C0C0F1E0
:10917000120001C0D0F102C0D1F103C0D2F112003F
:1091800001C0CAF102C0CBF103C0CCF1120001C092
:10919000CDF102C0CEF103C0CFF1120001C0C7F182
:1091A00002C0C8F103C0C9F1120001C0D6F102C06B
:1091B000D7F103C0D8F11200000E0101AD6F000E0F
:1091C000AC6F1200000E0101B76F000EB66F1200F7
:1091D000000E0101AF6F000EAE6F1200000E010114
:1091E000BD6F000EBC6F1200000E0101B56F000EC6
:1091F000B46F1200000E0101B16F000EB06F1200CB
:10920000000E0101AB6F000EAA6F1200000E0101EB
:10921000A96F000EA86F1200000E0101A76F000ECB
:10922000A66F1200000E0101BB6F000EBA6F120094
:1092300001018C918C938C958C971200020101692D
:10924000026901C081F112003B0E3E01F16F120074
:10925000010E0001F26F1200016E01C07FF11200D9
:109260000501008112000301008112000401008148
:10927000120001017F5112000101A45112000301EB
:10928000DF5112008CECC6F01200A7ECC6F0120001
:10929000B88E1200D29A12001200120012001200B0
:1092A0001200FFFFFFFFFFFFFFFFFFFFFFFFFFFFBA
:1092B000FFFFFFFFFFFFFFFFFFFFFFFFFFFFFFFFBE
:1092C000FFFFFFFFFFFFFFFFFFFFFFFFFFFFFFFFAE
:1092D000FFFFFFFFFFFFFFFFFFFFFFFFFFFFFFFF9E
:1092E000FFFFFFFFFFFFFFFFFFFFFFFFFFFFFFFF8E
:1092F000FFFFFFFFFFFFFFFFFFFFFFFFFFFFFFFF7E
:10930000FFFFFFFFFFFFFFFFFFFFFFFFFFFFFFFF6D
:10931000FFFFFFFFFFFFFFFFFFFFFFFFFFFFFFFF5D
:10932000FFFFFFFFFFFFFFFFFFFFFFFFFFFFFFFF4D
:10933000FFFFFFFFFFFFFFFFFFFFFFFFFFFFFFFF3D
:10934000FFFFFFFFFFFFFFFFFFFFFFFFFFFFFFFF2D
:10935000FFFFFFFFFFFFFFFFFFFFFFFFFFFFFFFF1D
:10936000FFFFFFFFFFFFFFFFFFFFFFFFFFFFFFFF0D
:10937000FFFFFFFFFFFFFFFFFFFFFFFFFFFFFFFFFD
:10938000FFFFFFFFFFFFFFFFFFFFFFFFFFFFFFFFED
:10939000FFFFFFFFFFFFFFFFFFFFFFFFFFFFFFFFDD
:1093A000FFFFFFFFFFFFFFFFFFFFFFFFFFFFFFFFCD
:1093B000FFFFFFFFFFFFFFFFFFFFFFFFFFFFFFFFBD
:1093C000FFFFFFFFFFFFFFFFFFFFFFFFFFFFFFFFAD
:1093D000FFFFFFFFFFFFFFFFFFFFFFFFFFFFFFFF9D
:1093E000FFFFFFFFFFFFFFFFFFFFFFFFFFFFFFFF8D
:1093F000FFFFFFFFFFFFFFFFFFFFFFFFFFFFFFFF7D
:10940000FFFFFFFFFFFFFFFFFFFFFFFFFFFFFFFF6C
:10941000FFFFFFFFFFFFFFFFFFFFFFFFFFFFFFFF5C
:10942000FFFFFFFFFFFFFFFFFFFFFFFFFFFFFFFF4C
:10943000FFFFFFFFFFFFFFFFFFFFFFFFFFFFFFFF3C
:10944000FFFFFFFFFFFFFFFFFFFFFFFFFFFFFFFF2C
:10945000FFFFFFFFFFFFFFFFFFFFFFFFFFFFFFFF1C
:10946000FFFFFFFFFFFFFFFFFFFFFFFFFFFFFFFF0C
:10947000FFFFFFFFFFFFFFFFFFFFFFFFFFFFFFFFFC
:10948000FFFFFFFFFFFFFFFFFFFFFFFFFFFFFFFFEC
:10949000FFFFFFFFFFFFFFFFFFFFFFFFFFFFFFFFDC
:1094A000FFFFFFFFFFFFFFFFFFFFFFFFFFFFFFFFCC
:1094B000FFFFFFFFFFFFFFFFFFFFFFFFFFFFFFFFBC
:1094C000FFFFFFFFFFFFFFFFFFFFFFFFFFFFFFFFAC
:1094D000FFFFFFFFFFFFFFFFFFFFFFFFFFFFFFFF9C
:1094E000FFFFFFFFFFFFFFFFFFFFFFFFFFFFFFFF8C
:1094F000FFFFFFFFFFFFFFFFFFFFFFFFFFFFFFFF7C
:10950000FFFFFFFFFFFFFFFFFFFFFFFFFFFFFFFF6B
:10951000FFFFFFFFFFFFFFFFFFFFFFFFFFFFFFFF5B
:10952000FFFFFFFFFFFFFFFFFFFFFFFFFFFFFFFF4B
:10953000FFFFFFFFFFFFFFFFFFFFFFFFFFFFFFFF3B
:10954000FFFFFFFFFFFFFFFFFFFFFFFFFFFFFFFF2B
:10955000FFFFFFFFFFFFFFFFFFFFFFFFFFFFFFFF1B
:10956000FFFFFFFFFFFFFFFFFFFFFFFFFFFFFFFF0B
:10957000FFFFFFFFFFFFFFFFFFFFFFFFFFFFFFFFFB
:10958000FFFFFFFFFFFFFFFFFFFFFFFFFFFFFFFFEB
:10959000FFFFFFFFFFFFFFFFFFFFFFFFFFFFFFFFDB
:1095A000FFFFFFFFFFFFFFFFFFFFFFFFFFFFFFFFCB
:1095B000FFFFFFFFFFFFFFFFFFFFFFFFFFFFFFFFBB
:1095C000FFFFFFFFFFFFFFFFFFFFFFFFFFFFFFFFAB
:1095D000FFFFFFFFFFFFFFFFFFFFFFFFFFFFFFFF9B
:1095E000FFFFFFFFFFFFFFFFFFFFFFFFFFFFFFFF8B
:1095F000FFFFFFFFFFFFFFFFFFFFFFFFFFFFFFFF7B
:10960000FFFFFFFFFFFFFFFFFFFFFFFFFFFFFFFF6A
:10961000FFFFFFFFFFFFFFFFFFFFFFFFFFFFFFFF5A
:10962000FFFFFFFFFFFFFFFFFFFFFFFFFFFFFFFF4A
:10963000FFFFFFFFFFFFFFFFFFFFFFFFFFFFFFFF3A
:10964000FFFFFFFFFFFFFFFFFFFFFFFFFFFFFFFF2A
:10965000FFFFFFFFFFFFFFFFFFFFFFFFFFFFFFFF1A
:10966000FFFFFFFFFFFFFFFFFFFFFFFFFFFFFFFF0A
:10967000FFFFFFFFFFFFFFFFFFFFFFFFFFFFFFFFFA
:10968000FFFFFFFFFFFFFFFFFFFFFFFFFFFFFFFFEA
:10969000FFFFFFFFFFFFFFFFFFFFFFFFFFFFFFFFDA
:1096A000FFFFFFFFFFFFFFFFFFFFFFFFFFFFFFFFCA
:1096B000FFFFFFFFFFFFFFFFFFFFFFFFFFFFFFFFBA
:1096C000FFFFFFFFFFFFFFFFFFFFFFFFFFFFFFFFAA
:1096D000FFFFFFFFFFFFFFFFFFFFFFFFFFFFFFFF9A
:1096E000FFFFFFFFFFFFFFFFFFFFFFFFFFFFFFFF8A
:1096F000FFFFFFFFFFFFFFFFFFFFFFFFFFFFFFFF7A
:10970000FFFFFFFFFFFFFFFFFFFFFFFFFFFFFFFF69
:10971000FFFFFFFFFFFFFFFFFFFFFFFFFFFFFFFF59
:10972000FFFFFFFFFFFFFFFFFFFFFFFFFFFFFFFF49
:10973000FFFFFFFFFFFFFFFFFFFFFFFFFFFFFFFF39
:10974000FFFFFFFFFFFFFFFFFFFFFFFFFFFFFFFF29
:10975000FFFFFFFFFFFFFFFFFFFFFFFFFFFFFFFF19
:10976000FFFFFFFFFFFFFFFFFFFFFFFFFFFFFFFF09
:10977000FFFFFFFFFFFFFFFFFFFFFFFFFFFFFFFFF9
:10978000FFFFFFFFFFFFFFFFFFFFFFFFFFFFFFFFE9
:10979000FFFFFFFFFFFFFFFFFFFFFFFFFFFFFFFFD9
:1097A000FFFFFFFFFFFFFFFFFFFFFFFFFFFFFFFFC9
:1097B000FFFFFFFFFFFFFFFFFFFFFFFFFFFFFFFFB9
:1097C000FFFFFFFFFFFFFFFFFFFFFFFFFFFFFFFFA9
:1097D000FFFFFFFFFFFFFFFFFFFFFFFFFFFFFFFF99
:1097E000FFFFFFFFFFFFFFFFFFFFFFFFFFFFFFFF89
:1097F000FFFFFFFFFFFFFFFFFFFFFFFFFFFFFFFF79
:10980000FFFFFFFFFFFFFFFFFFFFFFFFFFFFFFFF68
:10981000FFFFFFFFFFFFFFFFFFFFFFFFFFFFFFFF58
:10982000FFFFFFFFFFFFFFFFFFFFFFFFFFFFFFFF48
:10983000FFFFFFFFFFFFFFFFFFFFFFFFFFFFFFFF38
:10984000FFFFFFFFFFFFFFFFFFFFFFFFFFFFFFFF28
:10985000FFFFFFFFFFFFFFFFFFFFFFFFFFFFFFFF18
:10986000FFFFFFFFFFFFFFFFFFFFFFFFFFFFFFFF08
:10987000FFFFFFFFFFFFFFFFFFFFFFFFFFFFFFFFF8
:10988000FFFFFFFFFFFFFFFFFFFFFFFFFFFFFFFFE8
:10989000FFFFFFFFFFFFFFFFFFFFFFFFFFFFFFFFD8
:1098A000FFFFFFFFFFFFFFFFFFFFFFFFFFFFFFFFC8
:1098B000FFFFFFFFFFFFFFFFFFFFFFFFFFFFFFFFB8
:1098C000FFFFFFFFFFFFFFFFFFFFFFFFFFFFFFFFA8
:1098D000FFFFFFFFFFFFFFFFFFFFFFFFFFFFFFFF98
:1098E000FFFFFFFFFFFFFFFFFFFFFFFFFFFFFFFF88
:1098F000FFFFFFFFFFFFFFFFFFFFFFFFFFFFFFFF78
:10990000FFFFFFFFFFFFFFFFFFFFFFFFFFFFFFFF67
:10991000FFFFFFFFFFFFFFFFFFFFFFFFFFFFFFFF57
:10992000FFFFFFFFFFFFFFFFFFFFFFFFFFFFFFFF47
:10993000FFFFFFFFFFFFFFFFFFFFFFFFFFFFFFFF37
:10994000FFFFFFFFFFFFFFFFFFFFFFFFFFFFFFFF27
:10995000FFFFFFFFFFFFFFFFFFFFFFFFFFFFFFFF17
:10996000FFFFFFFFFFFFFFFFFFFFFFFFFFFFFFFF07
:10997000FFFFFFFFFFFFFFFFFFFFFFFFFFFFFFFFF7
:10998000FFFFFFFFFFFFFFFFFFFFFFFFFFFFFFFFE7
:10999000FFFFFFFFFFFFFFFFFFFFFFFFFFFFFFFFD7
:1099A000FFFFFFFFFFFFFFFFFFFFFFFFFFFFFFFFC7
:1099B000FFFFFFFFFFFFFFFFFFFFFFFFFFFFFFFFB7
:1099C000FFFFFFFFFFFFFFFFFFFFFFFFFFFFFFFFA7
:1099D000FFFFFFFFFFFFFFFFFFFFFFFFFFFFFFFF97
:1099E000FFFFFFFFFFFFFFFFFFFFFFFFFFFFFFFF87
:1099F000FFFFFFFFFFFFFFFFFFFFFFFFFFFFFFFF77
:109A0000FFFFFFFFFFFFFFFFFFFFFFFFFFFFFFFF66
:109A1000FFFFFFFFFFFFFFFFFFFFFFFFFFFFFFFF56
:109A2000FFFFFFFFFFFFFFFFFFFFFFFFFFFFFFFF46
:109A3000FFFFFFFFFFFFFFFFFFFFFFFFFFFFFFFF36
:109A4000FFFFFFFFFFFFFFFFFFFFFFFFFFFFFFFF26
:109A5000FFFFFFFFFFFFFFFFFFFFFFFFFFFFFFFF16
:109A6000FFFFFFFFFFFFFFFFFFFFFFFFFFFFFFFF06
:109A7000FFFFFFFFFFFFFFFFFFFFFFFFFFFFFFFFF6
:109A8000FFFFFFFFFFFFFFFFFFFFFFFFFFFFFFFFE6
:109A9000FFFFFFFFFFFFFFFFFFFFFFFFFFFFFFFFD6
:109AA000FFFFFFFFFFFFFFFFFFFFFFFFFFFFFFFFC6
:109AB000FFFFFFFFFFFFFFFFFFFFFFFFFFFFFFFFB6
:109AC000FFFFFFFFFFFFFFFFFFFFFFFFFFFFFFFFA6
:109AD000FFFFFFFFFFFFFFFFFFFFFFFFFFFFFFFF96
:109AE000FFFFFFFFFFFFFFFFFFFFFFFFFFFFFFFF86
:109AF000FFFFFFFFFFFFFFFFFFFFFFFFFFFFFFFF76
:109B0000FFFFFFFFFFFFFFFFFFFFFFFFFFFFFFFF65
:109B1000FFFFFFFFFFFFFFFFFFFFFFFFFFFFFFFF55
:109B2000FFFFFFFFFFFFFFFFFFFFFFFFFFFFFFFF45
:109B3000FFFFFFFFFFFFFFFFFFFFFFFFFFFFFFFF35
:109B4000FFFFFFFFFFFFFFFFFFFFFFFFFFFFFFFF25
:109B5000FFFFFFFFFFFFFFFFFFFFFFFFFFFFFFFF15
:109B6000FFFFFFFFFFFFFFFFFFFFFFFFFFFFFFFF05
:109B7000FFFFFFFFFFFFFFFFFFFFFFFFFFFFFFFFF5
:109B8000FFFFFFFFFFFFFFFFFFFFFFFFFFFFFFFFE5
:109B9000FFFFFFFFFFFFFFFFFFFFFFFFFFFFFFFFD5
:109BA000FFFFFFFFFFFFFFFFFFFFFFFFFFFFFFFFC5
:109BB000FFFFFFFFFFFFFFFFFFFFFFFFFFFFFFFFB5
:109BC000FFFFFFFFFFFFFFFFFFFFFFFFFFFFFFFFA5
:109BD000FFFFFFFFFFFFFFFFFFFFFFFFFFFFFFFF95
:109BE000FFFFFFFFFFFFFFFFFFFFFFFFFFFFFFFF85
:109BF000FFFFFFFFFFFFFFFFFFFFFFFFFFFFFFFF75
:109C0000FFFFFFFFFFFFFFFFFFFFFFFFFFFFFFFF64
:109C1000FFFFFFFFFFFFFFFFFFFFFFFFFFFFFFFF54
:109C2000FFFFFFFFFFFFFFFFFFFFFFFFFFFFFFFF44
:109C3000FFFFFFFFFFFFFFFFFFFFFFFFFFFFFFFF34
:109C4000FFFFFFFFFFFFFFFFFFFFFFFFFFFFFFFF24
:109C5000FFFFFFFFFFFFFFFFFFFFFFFFFFFFFFFF14
:109C6000FFFFFFFFFFFFFFFFFFFFFFFFFFFFFFFF04
:109C7000FFFFFFFFFFFFFFFFFFFFFFFFFFFFFFFFF4
:109C8000FFFFFFFFFFFFFFFFFFFFFFFFFFFFFFFFE4
:109C9000FFFFFFFFFFFFFFFFFFFFFFFFFFFFFFFFD4
:109CA000FFFFFFFFFFFFFFFFFFFFFFFFFFFFFFFFC4
:109CB000FFFFFFFFFFFFFFFFFFFFFFFFFFFFFFFFB4
:109CC000FFFFFFFFFFFFFFFFFFFFFFFFFFFFFFFFA4
:109CD000FFFFFFFFFFFFFFFFFFFFFFFFFFFFFFFF94
:109CE000FFFFFFFFFFFFFFFFFFFFFFFFFFFFFFFF84
:109CF000FFFFFFFFFFFFFFFFFFFFFFFFFFFFFFFF74
:109D0000FFFFFFFFFFFFFFFFFFFFFFFFFFFFFFFF63
:109D1000FFFFFFFFFFFFFFFFFFFFFFFFFFFFFFFF53
:109D2000FFFFFFFFFFFFFFFFFFFFFFFFFFFFFFFF43
:109D3000FFFFFFFFFFFFFFFFFFFFFFFFFFFFFFFF33
:109D4000FFFFFFFFFFFFFFFFFFFFFFFFFFFFFFFF23
:109D5000FFFFFFFFFFFFFFFFFFFFFFFFFFFFFFFF13
:109D6000FFFFFFFFFFFFFFFFFFFFFFFFFFFFFFFF03
:109D7000FFFFFFFFFFFFFFFFFFFFFFFFFFFFFFFFF3
:109D8000FFFFFFFFFFFFFFFFFFFFFFFFFFFFFFFFE3
:109D9000FFFFFFFFFFFFFFFFFFFFFFFFFFFFFFFFD3
:109DA000FFFFFFFFFFFFFFFFFFFFFFFFFFFFFFFFC3
:109DB000FFFFFFFFFFFFFFFFFFFFFFFFFFFFFFFFB3
:109DC000FFFFFFFFFFFFFFFFFFFFFFFFFFFFFFFFA3
:109DD000FFFFFFFFFFFFFFFFFFFFFFFFFFFFFFFF93
:109DE000FFFFFFFFFFFFFFFFFFFFFFFFFFFFFFFF83
:109DF000FFFFFFFFFFFFFFFFFFFFFFFFFFFFFFFF73
:109E0000FFFFFFFFFFFFFFFFFFFFFFFFFFFFFFFF62
:109E1000FFFFFFFFFFFFFFFFFFFFFFFFFFFFFFFF52
:109E2000FFFFFFFFFFFFFFFFFFFFFFFFFFFFFFFF42
:109E3000FFFFFFFFFFFFFFFFFFFFFFFFFFFFFFFF32
:109E4000FFFFFFFFFFFFFFFFFFFFFFFFFFFFFFFF22
:109E5000FFFFFFFFFFFFFFFFFFFFFFFFFFFFFFFF12
:109E6000FFFFFFFFFFFFFFFFFFFFFFFFFFFFFFFF02
:109E7000FFFFFFFFFFFFFFFFFFFFFFFFFFFFFFFFF2
:109E8000FFFFFFFFFFFFFFFFFFFFFFFFFFFFFFFFE2
:109E9000FFFFFFFFFFFFFFFFFFFFFFFFFFFFFFFFD2
:109EA000FFFFFFFFFFFFFFFFFFFFFFFFFFFFFFFFC2
:109EB000FFFFFFFFFFFFFFFFFFFFFFFFFFFFFFFFB2
:109EC000FFFFFFFFFFFFFFFFFFFFFFFFFFFFFFFFA2
:109ED000FFFFFFFFFFFFFFFFFFFFFFFFFFFFFFFF92
:109EE000FFFFFFFFFFFFFFFFFFFFFFFFFFFFFFFF82
:109EF000FFFFFFFFFFFFFFFFFFFFFFFFFFFFFFFF72
:109F0000FFFFFFFFFFFFFFFFFFFFFFFFFFFFFFFF61
:109F1000FFFFFFFFFFFFFFFFFFFFFFFFFFFFFFFF51
:109F2000FFFFFFFFFFFFFFFFFFFFFFFFFFFFFFFF41
:109F3000FFFFFFFFFFFFFFFFFFFFFFFFFFFFFFFF31
:109F4000FFFFFFFFFFFFFFFFFFFFFFFFFFFFFFFF21
:109F5000FFFFFFFFFFFFFFFFFFFFFFFFFFFFFFFF11
:109F6000FFFFFFFFFFFFFFFFFFFFFFFFFFFFFFFF01
:109F7000FFFFFFFFFFFFFFFFFFFFFFFFFFFFFFFFF1
:109F8000FFFFFFFFFFFFFFFFFFFFFFFFFFFFFFFFE1
:109F9000FFFFFFFFFFFFFFFFFFFFFFFFFFFFFFFFD1
:109FA000FFFFFFFFFFFFFFFFFFFFFFFFFFFFFFFFC1
:109FB000FFFFFFFFFFFFFFFFFFFFFFFFFFFFFFFFB1
:109FC000FFFFFFFFFFFFFFFFFFFFFFFFFFFFFFFFA1
:109FD000FFFFFFFFFFFFFFFFFFFFFFFFFFFFFFFF91
:109FE000FFFFFFFFFFFFFFFFFFFFFFFFFFFFFFFF81
:109FF000FFFFFFFFFFFFFFFFFFFFFFFFFFFFFFFF71
:10A00000FFFFFFFFFFFFFFFFFFFFFFFFFFFFFFFF60
:10A01000FFFFFFFFFFFFFFFFFFFFFFFFFFFFFFFF50
:10A02000FFFFFFFFFFFFFFFFFFFFFFFFFFFFFFFF40
:10A03000FFFFFFFFFFFFFFFFFFFFFFFFFFFFFFFF30
:10A04000FFFFFFFFFFFFFFFFFFFFFFFFFFFFFFFF20
:10A05000FFFFFFFFFFFFFFFFFFFFFFFFFFFFFFFF10
:10A06000FFFFFFFFFFFFFFFFFFFFFFFFFFFFFFFF00
:10A07000FFFFFFFFFFFFFFFFFFFFFFFFFFFFFFFFF0
:10A08000FFFFFFFFFFFFFFFFFFFFFFFFFFFFFFFFE0
:10A09000FFFFFFFFFFFFFFFFFFFFFFFFFFFFFFFFD0
:10A0A000FFFFFFFFFFFFFFFFFFFFFFFFFFFFFFFFC0
:10A0B000FFFFFFFFFFFFFFFFFFFFFFFFFFFFFFFFB0
:10A0C000FFFFFFFFFFFFFFFFFFFFFFFFFFFFFFFFA0
:10A0D000FFFFFFFFFFFFFFFFFFFFFFFFFFFFFFFF90
:10A0E000FFFFFFFFFFFFFFFFFFFFFFFFFFFFFFFF80
:10A0F000FFFFFFFFFFFFFFFFFFFFFFFFFFFFFFFF70
:10A10000FFFFFFFFFFFFFFFFFFFFFFFFFFFFFFFF5F
:10A11000FFFFFFFFFFFFFFFFFFFFFFFFFFFFFFFF4F
:10A12000FFFFFFFFFFFFFFFFFFFFFFFFFFFFFFFF3F
:10A13000FFFFFFFFFFFFFFFFFFFFFFFFFFFFFFFF2F
:10A14000FFFFFFFFFFFFFFFFFFFFFFFFFFFFFFFF1F
:10A15000FFFFFFFFFFFFFFFFFFFFFFFFFFFFFFFF0F
:10A16000FFFFFFFFFFFFFFFFFFFFFFFFFFFFFFFFFF
:10A17000FFFFFFFFFFFFFFFFFFFFFFFFFFFFFFFFEF
:10A18000FFFFFFFFFFFFFFFFFFFFFFFFFFFFFFFFDF
:10A19000FFFFFFFFFFFFFFFFFFFFFFFFFFFFFFFFCF
:10A1A000FFFFFFFFFFFFFFFFFFFFFFFFFFFFFFFFBF
:10A1B000FFFFFFFFFFFFFFFFFFFFFFFFFFFFFFFFAF
:10A1C000FFFFFFFFFFFFFFFFFFFFFFFFFFFFFFFF9F
:10A1D000FFFFFFFFFFFFFFFFFFFFFFFFFFFFFFFF8F
:10A1E000FFFFFFFFFFFFFFFFFFFFFFFFFFFFFFFF7F
:10A1F000FFFFFFFFFFFFFFFFFFFFFFFFFFFFFFFF6F
:10A20000FFFFFFFFFFFFFFFFFFFFFFFFFFFFFFFF5E
:10A21000FFFFFFFFFFFFFFFFFFFFFFFFFFFFFFFF4E
:10A22000FFFFFFFFFFFFFFFFFFFFFFFFFFFFFFFF3E
:10A23000FFFFFFFFFFFFFFFFFFFFFFFFFFFFFFFF2E
:10A24000FFFFFFFFFFFFFFFFFFFFFFFFFFFFFFFF1E
:10A25000FFFFFFFFFFFFFFFFFFFFFFFFFFFFFFFF0E
:10A26000FFFFFFFFFFFFFFFFFFFFFFFFFFFFFFFFFE
:10A27000FFFFFFFFFFFFFFFFFFFFFFFFFFFFFFFFEE
:10A28000FFFFFFFFFFFFFFFFFFFFFFFFFFFFFFFFDE
:10A29000FFFFFFFFFFFFFFFFFFFFFFFFFFFFFFFFCE
:10A2A000FFFFFFFFFFFFFFFFFFFFFFFFFFFFFFFFBE
:10A2B000FFFFFFFFFFFFFFFFFFFFFFFFFFFFFFFFAE
:10A2C000FFFFFFFFFFFFFFFFFFFFFFFFFFFFFFFF9E
:10A2D000FFFFFFFFFFFFFFFFFFFFFFFFFFFFFFFF8E
:10A2E000FFFFFFFFFFFFFFFFFFFFFFFFFFFFFFFF7E
:10A2F000FFFFFFFFFFFFFFFFFFFFFFFFFFFFFFFF6E
:10A30000FFFFFFFFFFFFFFFFFFFFFFFFFFFFFFFF5D
:10A31000FFFFFFFFFFFFFFFFFFFFFFFFFFFFFFFF4D
:10A32000FFFFFFFFFFFFFFFFFFFFFFFFFFFFFFFF3D
:10A33000FFFFFFFFFFFFFFFFFFFFFFFFFFFFFFFF2D
:10A34000FFFFFFFFFFFFFFFFFFFFFFFFFFFFFFFF1D
:10A35000FFFFFFFFFFFFFFFFFFFFFFFFFFFFFFFF0D
:10A36000FFFFFFFFFFFFFFFFFFFFFFFFFFFFFFFFFD
:10A37000FFFFFFFFFFFFFFFFFFFFFFFFFFFFFFFFED
:10A38000FFFFFFFFFFFFFFFFFFFFFFFFFFFFFFFFDD
:10A39000FFFFFFFFFFFFFFFFFFFFFFFFFFFFFFFFCD
:10A3A000FFFFFFFFFFFFFFFFFFFFFFFFFFFFFFFFBD
:10A3B000FFFFFFFFFFFFFFFFFFFFFFFFFFFFFFFFAD
:10A3C000FFFFFFFFFFFFFFFFFFFFFFFFFFFFFFFF9D
:10A3D000FFFFFFFFFFFFFFFFFFFFFFFFFFFFFFFF8D
:10A3E000FFFFFFFFFFFFFFFFFFFFFFFFFFFFFFFF7D
:10A3F000FFFFFFFFFFFFFFFFFFFFFFFFFFFFFFFF6D
:10A40000FFFFFFFFFFFFFFFFFFFFFFFFFFFFFFFF5C
:10A41000FFFFFFFFFFFFFFFFFFFFFFFFFFFFFFFF4C
:10A42000FFFFFFFFFFFFFFFFFFFFFFFFFFFFFFFF3C
:10A43000FFFFFFFFFFFFFFFFFFFFFFFFFFFFFFFF2C
:10A44000FFFFFFFFFFFFFFFFFFFFFFFFFFFFFFFF1C
:10A45000FFFFFFFFFFFFFFFFFFFFFFFFFFFFFFFF0C
:10A46000FFFFFFFFFFFFFFFFFFFFFFFFFFFFFFFFFC
:10A47000FFFFFFFFFFFFFFFFFFFFFFFFFFFFFFFFEC
:10A48000FFFFFFFFFFFFFFFFFFFFFFFFFFFFFFFFDC
:10A49000FFFFFFFFFFFFFFFFFFFFFFFFFFFFFFFFCC
:10A4A000FFFFFFFFFFFFFFFFFFFFFFFFFFFFFFFFBC
:10A4B000FFFFFFFFFFFFFFFFFFFFFFFFFFFFFFFFAC
:10A4C000FFFFFFFFFFFFFFFFFFFFFFFFFFFFFFFF9C
:10A4D000FFFFFFFFFFFFFFFFFFFFFFFFFFFFFFFF8C
:10A4E000FFFFFFFFFFFFFFFFFFFFFFFFFFFFFFFF7C
:10A4F000FFFFFFFFFFFFFFFFFFFFFFFFFFFFFFFF6C
:10A50000FFFFFFFFFFFFFFFFFFFFFFFFFFFFFFFF5B
:10A51000FFFFFFFFFFFFFFFFFFFFFFFFFFFFFFFF4B
:10A52000FFFFFFFFFFFFFFFFFFFFFFFFFFFFFFFF3B
:10A53000FFFFFFFFFFFFFFFFFFFFFFFFFFFFFFFF2B
:10A54000FFFFFFFFFFFFFFFFFFFFFFFFFFFFFFFF1B
:10A55000FFFFFFFFFFFFFFFFFFFFFFFFFFFFFFFF0B
:10A56000FFFFFFFFFFFFFFFFFFFFFFFFFFFFFFFFFB
:10A57000FFFFFFFFFFFFFFFFFFFFFFFFFFFFFFFFEB
:10A58000FFFFFFFFFFFFFFFFFFFFFFFFFFFFFFFFDB
:10A59000FFFFFFFFFFFFFFFFFFFFFFFFFFFFFFFFCB
:10A5A000FFFFFFFFFFFFFFFFFFFFFFFFFFFFFFFFBB
:10A5B000FFFFFFFFFFFFFFFFFFFFFFFFFFFFFFFFAB
:10A5C000FFFFFFFFFFFFFFFFFFFFFFFFFFFFFFFF9B
:10A5D000FFFFFFFFFFFFFFFFFFFFFFFFFFFFFFFF8B
:10A5E000FFFFFFFFFFFFFFFFFFFFFFFFFFFFFFFF7B
:10A5F000FFFFFFFFFFFFFFFFFFFFFFFFFFFFFFFF6B
:10A60000FFFFFFFFFFFFFFFFFFFFFFFFFFFFFFFF5A
:10A61000FFFFFFFFFFFFFFFFFFFFFFFFFFFFFFFF4A
:10A62000FFFFFFFFFFFFFFFFFFFFFFFFFFFFFFFF3A
:10A63000FFFFFFFFFFFFFFFFFFFFFFFFFFFFFFFF2A
:10A64000FFFFFFFFFFFFFFFFFFFFFFFFFFFFFFFF1A
:10A65000FFFFFFFFFFFFFFFFFFFFFFFFFFFFFFFF0A
:10A66000FFFFFFFFFFFFFFFFFFFFFFFFFFFFFFFFFA
:10A67000FFFFFFFFFFFFFFFFFFFFFFFFFFFFFFFFEA
:10A68000FFFFFFFFFFFFFFFFFFFFFFFFFFFFFFFFDA
:10A69000FFFFFFFFFFFFFFFFFFFFFFFFFFFFFFFFCA
:10A6A000FFFFFFFFFFFFFFFFFFFFFFFFFFFFFFFFBA
:10A6B000FFFFFFFFFFFFFFFFFFFFFFFFFFFFFFFFAA
:10A6C000FFFFFFFFFFFFFFFFFFFFFFFFFFFFFFFF9A
:10A6D000FFFFFFFFFFFFFFFFFFFFFFFFFFFFFFFF8A
:10A6E000FFFFFFFFFFFFFFFFFFFFFFFFFFFFFFFF7A
:10A6F000FFFFFFFFFFFFFFFFFFFFFFFFFFFFFFFF6A
:10A70000FFFFFFFFFFFFFFFFFFFFFFFFFFFFFFFF59
:10A71000FFFFFFFFFFFFFFFFFFFFFFFFFFFFFFFF49
:10A72000FFFFFFFFFFFFFFFFFFFFFFFFFFFFFFFF39
:10A73000FFFFFFFFFFFFFFFFFFFFFFFFFFFFFFFF29
:10A74000FFFFFFFFFFFFFFFFFFFFFFFFFFFFFFFF19
:10A75000FFFFFFFFFFFFFFFFFFFFFFFFFFFFFFFF09
:10A76000FFFFFFFFFFFFFFFFFFFFFFFFFFFFFFFFF9
:10A77000FFFFFFFFFFFFFFFFFFFFFFFFFFFFFFFFE9
:10A78000FFFFFFFFFFFFFFFFFFFFFFFFFFFFFFFFD9
:10A79000FFFFFFFFFFFFFFFFFFFFFFFFFFFFFFFFC9
:10A7A000FFFFFFFFFFFFFFFFFFFFFFFFFFFFFFFFB9
:10A7B000FFFFFFFFFFFFFFFFFFFFFFFFFFFFFFFFA9
:10A7C000FFFFFFFFFFFFFFFFFFFFFFFFFFFFFFFF99
:10A7D000FFFFFFFFFFFFFFFFFFFFFFFFFFFFFFFF89
:10A7E000FFFFFFFFFFFFFFFFFFFFFFFFFFFFFFFF79
:10A7F000FFFFFFFFFFFFFFFFFFFFFFFFFFFFFFFF69
:10A80000FFFFFFFFFFFFFFFFFFFFFFFFFFFFFFFF58
:10A81000FFFFFFFFFFFFFFFFFFFFFFFFFFFFFFFF48
:10A82000FFFFFFFFFFFFFFFFFFFFFFFFFFFFFFFF38
:10A83000FFFFFFFFFFFFFFFFFFFFFFFFFFFFFFFF28
:10A84000FFFFFFFFFFFFFFFFFFFFFFFFFFFFFFFF18
:10A85000FFFFFFFFFFFFFFFFFFFFFFFFFFFFFFFF08
:10A86000FFFFFFFFFFFFFFFFFFFFFFFFFFFFFFFFF8
:10A87000FFFFFFFFFFFFFFFFFFFFFFFFFFFFFFFFE8
:10A88000FFFFFFFFFFFFFFFFFFFFFFFFFFFFFFFFD8
:10A89000FFFFFFFFFFFFFFFFFFFFFFFFFFFFFFFFC8
:10A8A000FFFFFFFFFFFFFFFFFFFFFFFFFFFFFFFFB8
:10A8B000FFFFFFFFFFFFFFFFFFFFFFFFFFFFFFFFA8
:10A8C000FFFFFFFFFFFFFFFFFFFFFFFFFFFFFFFF98
:10A8D000FFFFFFFFFFFFFFFFFFFFFFFFFFFFFFFF88
:10A8E000FFFFFFFFFFFFFFFFFFFFFFFFFFFFFFFF78
:10A8F000FFFFFFFFFFFFFFFFFFFFFFFFFFFFFFFF68
:10A90000FFFFFFFFFFFFFFFFFFFFFFFFFFFFFFFF57
:10A91000FFFFFFFFFFFFFFFFFFFFFFFFFFFFFFFF47
:10A92000FFFFFFFFFFFFFFFFFFFFFFFFFFFFFFFF37
:10A93000FFFFFFFFFFFFFFFFFFFFFFFFFFFFFFFF27
:10A94000FFFFFFFFFFFFFFFFFFFFFFFFFFFFFFFF17
:10A95000FFFFFFFFFFFFFFFFFFFFFFFFFFFFFFFF07
:10A96000FFFFFFFFFFFFFFFFFFFFFFFFFFFFFFFFF7
:10A97000FFFFFFFFFFFFFFFFFFFFFFFFFFFFFFFFE7
:10A98000FFFFFFFFFFFFFFFFFFFFFFFFFFFFFFFFD7
:10A99000FFFFFFFFFFFFFFFFFFFFFFFFFFFFFFFFC7
:10A9A000FFFFFFFFFFFFFFFFFFFFFFFFFFFFFFFFB7
:10A9B000FFFFFFFFFFFFFFFFFFFFFFFFFFFFFFFFA7
:10A9C000FFFFFFFFFFFFFFFFFFFFFFFFFFFFFFFF97
:10A9D000FFFFFFFFFFFFFFFFFFFFFFFFFFFFFFFF87
:10A9E000FFFFFFFFFFFFFFFFFFFFFFFFFFFFFFFF77
:10A9F000FFFFFFFFFFFFFFFFFFFFFFFFFFFFFFFF67
:10AA0000FFFFFFFFFFFFFFFFFFFFFFFFFFFFFFFF56
:10AA1000FFFFFFFFFFFFFFFFFFFFFFFFFFFFFFFF46
:10AA2000FFFFFFFFFFFFFFFFFFFFFFFFFFFFFFFF36
:10AA3000FFFFFFFFFFFFFFFFFFFFFFFFFFFFFFFF26
:10AA4000FFFFFFFFFFFFFFFFFFFFFFFFFFFFFFFF16
:10AA5000FFFFFFFFFFFFFFFFFFFFFFFFFFFFFFFF06
:10AA6000FFFFFFFFFFFFFFFFFFFFFFFFFFFFFFFFF6
:10AA7000FFFFFFFFFFFFFFFFFFFFFFFFFFFFFFFFE6
:10AA8000FFFFFFFFFFFFFFFFFFFFFFFFFFFFFFFFD6
:10AA9000FFFFFFFFFFFFFFFFFFFFFFFFFFFFFFFFC6
:10AAA000FFFFFFFFFFFFFFFFFFFFFFFFFFFFFFFFB6
:10AAB000FFFFFFFFFFFFFFFFFFFFFFFFFFFFFFFFA6
:10AAC000FFFFFFFFFFFFFFFFFFFFFFFFFFFFFFFF96
:10AAD000FFFFFFFFFFFFFFFFFFFFFFFFFFFFFFFF86
:10AAE000FFFFFFFFFFFFFFFFFFFFFFFFFFFFFFFF76
:10AAF000FFFFFFFFFFFFFFFFFFFFFFFFFFFFFFFF66
:10AB0000FFFFFFFFFFFFFFFFFFFFFFFFFFFFFFFF55
:10AB1000FFFFFFFFFFFFFFFFFFFFFFFFFFFFFFFF45
:10AB2000FFFFFFFFFFFFFFFFFFFFFFFFFFFFFFFF35
:10AB3000FFFFFFFFFFFFFFFFFFFFFFFFFFFFFFFF25
:10AB4000FFFFFFFFFFFFFFFFFFFFFFFFFFFFFFFF15
:10AB5000FFFFFFFFFFFFFFFFFFFFFFFFFFFFFFFF05
:10AB6000FFFFFFFFFFFFFFFFFFFFFFFFFFFFFFFFF5
:10AB7000FFFFFFFFFFFFFFFFFFFFFFFFFFFFFFFFE5
:10AB8000FFFFFFFFFFFFFFFFFFFFFFFFFFFFFFFFD5
:10AB9000FFFFFFFFFFFFFFFFFFFFFFFFFFFFFFFFC5
:10ABA000FFFFFFFFFFFFFFFFFFFFFFFFFFFFFFFFB5
:10ABB000FFFFFFFFFFFFFFFFFFFFFFFFFFFFFFFFA5
:10ABC000FFFFFFFFFFFFFFFFFFFFFFFFFFFFFFFF95
:10ABD000FFFFFFFFFFFFFFFFFFFFFFFFFFFFFFFF85
:10ABE000FFFFFFFFFFFFFFFFFFFFFFFFFFFFFFFF75
:10ABF000FFFFFFFFFFFFFFFFFFFFFFFFFFFFFFFF65
:10AC0000FFFFFFFFFFFFFFFFFFFFFFFFFFFFFFFF54
:10AC1000FFFFFFFFFFFFFFFFFFFFFFFFFFFFFFFF44
:10AC2000FFFFFFFFFFFFFFFFFFFFFFFFFFFFFFFF34
:10AC3000FFFFFFFFFFFFFFFFFFFFFFFFFFFFFFFF24
:10AC4000FFFFFFFFFFFFFFFFFFFFFFFFFFFFFFFF14
:10AC5000FFFFFFFFFFFFFFFFFFFFFFFFFFFFFFFF04
:10AC6000FFFFFFFFFFFFFFFFFFFFFFFFFFFFFFFFF4
:10AC7000FFFFFFFFFFFFFFFFFFFFFFFFFFFFFFFFE4
:10AC8000FFFFFFFFFFFFFFFFFFFFFFFFFFFFFFFFD4
:10AC9000FFFFFFFFFFFFFFFFFFFFFFFFFFFFFFFFC4
:10ACA000FFFFFFFFFFFFFFFFFFFFFFFFFFFFFFFFB4
:10ACB000FFFFFFFFFFFFFFFFFFFFFFFFFFFFFFFFA4
:10ACC000FFFFFFFFFFFFFFFFFFFFFFFFFFFFFFFF94
:10ACD000FFFFFFFFFFFFFFFFFFFFFFFFFFFFFFFF84
:10ACE000FFFFFFFFFFFFFFFFFFFFFFFFFFFFFFFF74
:10ACF000FFFFFFFFFFFFFFFFFFFFFFFFFFFFFFFF64
:10AD0000FFFFFFFFFFFFFFFFFFFFFFFFFFFFFFFF53
:10AD1000FFFFFFFFFFFFFFFFFFFFFFFFFFFFFFFF43
:10AD2000FFFFFFFFFFFFFFFFFFFFFFFFFFFFFFFF33
:10AD3000FFFFFFFFFFFFFFFFFFFFFFFFFFFFFFFF23
:10AD4000FFFFFFFFFFFFFFFFFFFFFFFFFFFFFFFF13
:10AD5000FFFFFFFFFFFFFFFFFFFFFFFFFFFFFFFF03
:10AD6000FFFFFFFFFFFFFFFFFFFFFFFFFFFFFFFFF3
:10AD7000FFFFFFFFFFFFFFFFFFFFFFFFFFFFFFFFE3
:10AD8000FFFFFFFFFFFFFFFFFFFFFFFFFFFFFFFFD3
:10AD9000FFFFFFFFFFFFFFFFFFFFFFFFFFFFFFFFC3
:10ADA000FFFFFFFFFFFFFFFFFFFFFFFFFFFFFFFFB3
:10ADB000FFFFFFFFFFFFFFFFFFFFFFFFFFFFFFFFA3
:10ADC000FFFFFFFFFFFFFFFFFFFFFFFFFFFFFFFF93
:10ADD000FFFFFFFFFFFFFFFFFFFFFFFFFFFFFFFF83
:10ADE000FFFFFFFFFFFFFFFFFFFFFFFFFFFFFFFF73
:10ADF000FFFFFFFFFFFFFFFFFFFFFFFFFFFFFFFF63
:10AE0000FFFFFFFFFFFFFFFFFFFFFFFFFFFFFFFF52
:10AE1000FFFFFFFFFFFFFFFFFFFFFFFFFFFFFFFF42
:10AE2000FFFFFFFFFFFFFFFFFFFFFFFFFFFFFFFF32
:10AE3000FFFFFFFFFFFFFFFFFFFFFFFFFFFFFFFF22
:10AE4000FFFFFFFFFFFFFFFFFFFFFFFFFFFFFFFF12
:10AE5000FFFFFFFFFFFFFFFFFFFFFFFFFFFFFFFF02
:10AE6000FFFFFFFFFFFFFFFFFFFFFFFFFFFFFFFFF2
:10AE7000FFFFFFFFFFFFFFFFFFFFFFFFFFFFFFFFE2
:10AE8000FFFFFFFFFFFFFFFFFFFFFFFFFFFFFFFFD2
:10AE9000FFFFFFFFFFFFFFFFFFFFFFFFFFFFFFFFC2
:10AEA000FFFFFFFFFFFFFFFFFFFFFFFFFFFFFFFFB2
:10AEB000FFFFFFFFFFFFFFFFFFFFFFFFFFFFFFFFA2
:10AEC000FFFFFFFFFFFFFFFFFFFFFFFFFFFFFFFF92
:10AED000FFFFFFFFFFFFFFFFFFFFFFFFFFFFFFFF82
:10AEE000FFFFFFFFFFFFFFFFFFFFFFFFFFFFFFFF72
:10AEF000FFFFFFFFFFFFFFFFFFFFFFFFFFFFFFFF62
:10AF0000FFFFFFFFFFFFFFFFFFFFFFFFFFFFFFFF51
:10AF1000FFFFFFFFFFFFFFFFFFFFFFFFFFFFFFFF41
:10AF2000FFFFFFFFFFFFFFFFFFFFFFFFFFFFFFFF31
:10AF3000FFFFFFFFFFFFFFFFFFFFFFFFFFFFFFFF21
:10AF4000FFFFFFFFFFFFFFFFFFFFFFFFFFFFFFFF11
:10AF5000FFFFFFFFFFFFFFFFFFFFFFFFFFFFFFFF01
:10AF6000FFFFFFFFFFFFFFFFFFFFFFFFFFFFFFFFF1
:10AF7000FFFFFFFFFFFFFFFFFFFFFFFFFFFFFFFFE1
:10AF8000FFFFFFFFFFFFFFFFFFFFFFFFFFFFFFFFD1
:10AF9000FFFFFFFFFFFFFFFFFFFFFFFFFFFFFFFFC1
:10AFA000FFFFFFFFFFFFFFFFFFFFFFFFFFFFFFFFB1
:10AFB000FFFFFFFFFFFFFFFFFFFFFFFFFFFFFFFFA1
:10AFC000FFFFFFFFFFFFFFFFFFFFFFFFFFFFFFFF91
:10AFD000FFFFFFFFFFFFFFFFFFFFFFFFFFFFFFFF81
:10AFE000FFFFFFFFFFFFFFFFFFFFFFFFFFFFFFFF71
:10AFF000FFFFFFFFFFFFFFFFFFFFFFFFFFFFFFFF61
:10B00000FFFFFFFFFFFFFFFFFFFFFFFFFFFFFFFF50
:10B01000FFFFFFFFFFFFFFFFFFFFFFFFFFFFFFFF40
:10B02000FFFFFFFFFFFFFFFFFFFFFFFFFFFFFFFF30
:10B03000FFFFFFFFFFFFFFFFFFFFFFFFFFFFFFFF20
:10B04000FFFFFFFFFFFFFFFFFFFFFFFFFFFFFFFF10
:10B05000FFFFFFFFFFFFFFFFFFFFFFFFFFFFFFFF00
:10B06000FFFFFFFFFFFFFFFFFFFFFFFFFFFFFFFFF0
:10B07000FFFFFFFFFFFFFFFFFFFFFFFFFFFFFFFFE0
:10B08000FFFFFFFFFFFFFFFFFFFFFFFFFFFFFFFFD0
:10B09000FFFFFFFFFFFFFFFFFFFFFFFFFFFFFFFFC0
:10B0A000FFFFFFFFFFFFFFFFFFFFFFFFFFFFFFFFB0
:10B0B000FFFFFFFFFFFFFFFFFFFFFFFFFFFFFFFFA0
:10B0C000FFFFFFFFFFFFFFFFFFFFFFFFFFFFFFFF90
:10B0D000FFFFFFFFFFFFFFFFFFFFFFFFFFFFFFFF80
:10B0E000FFFFFFFFFFFFFFFFFFFFFFFFFFFFFFFF70
:10B0F000FFFFFFFFFFFFFFFFFFFFFFFFFFFFFFFF60
:10B10000FFFFFFFFFFFFFFFFFFFFFFFFFFFFFFFF4F
:10B11000FFFFFFFFFFFFFFFFFFFFFFFFFFFFFFFF3F
:10B12000FFFFFFFFFFFFFFFFFFFFFFFFFFFFFFFF2F
:10B13000FFFFFFFFFFFFFFFFFFFFFFFFFFFFFFFF1F
:10B14000FFFFFFFFFFFFFFFFFFFFFFFFFFFFFFFF0F
:10B15000FFFFFFFFFFFFFFFFFFFFFFFFFFFFFFFFFF
:10B16000FFFFFFFFFFFFFFFFFFFFFFFFFFFFFFFFEF
:10B17000FFFFFFFFFFFFFFFFFFFFFFFFFFFFFFFFDF
:10B18000FFFFFFFFFFFFFFFFFFFFFFFFFFFFFFFFCF
:10B19000FFFFFFFFFFFFFFFFFFFFFFFFFFFFFFFFBF
:10B1A000FFFFFFFFFFFFFFFFFFFFFFFFFFFFFFFFAF
:10B1B000FFFFFFFFFFFFFFFFFFFFFFFFFFFFFFFF9F
:10B1C000FFFFFFFFFFFFFFFFFFFFFFFFFFFFFFFF8F
:10B1D000FFFFFFFFFFFFFFFFFFFFFFFFFFFFFFFF7F
:10B1E000FFFFFFFFFFFFFFFFFFFFFFFFFFFFFFFF6F
:10B1F000FFFFFFFFFFFFFFFFFFFFFFFFFFFFFFFF5F
:10B20000FFFFFFFFFFFFFFFFFFFFFFFFFFFFFFFF4E
:10B21000FFFFFFFFFFFFFFFFFFFFFFFFFFFFFFFF3E
:10B22000FFFFFFFFFFFFFFFFFFFFFFFFFFFFFFFF2E
:10B23000FFFFFFFFFFFFFFFFFFFFFFFFFFFFFFFF1E
:10B24000FFFFFFFFFFFFFFFFFFFFFFFFFFFFFFFF0E
:10B25000FFFFFFFFFFFFFFFFFFFFFFFFFFFFFFFFFE
:10B26000FFFFFFFFFFFFFFFFFFFFFFFFFFFFFFFFEE
:10B27000FFFFFFFFFFFFFFFFFFFFFFFFFFFFFFFFDE
:10B28000FFFFFFFFFFFFFFFFFFFFFFFFFFFFFFFFCE
:10B29000FFFFFFFFFFFFFFFFFFFFFFFFFFFFFFFFBE
:10B2A000FFFFFFFFFFFFFFFFFFFFFFFFFFFFFFFFAE
:10B2B000FFFFFFFFFFFFFFFFFFFFFFFFFFFFFFFF9E
:10B2C000FFFFFFFFFFFFFFFFFFFFFFFFFFFFFFFF8E
:10B2D000FFFFFFFFFFFFFFFFFFFFFFFFFFFFFFFF7E
:10B2E000FFFFFFFFFFFFFFFFFFFFFFFFFFFFFFFF6E
:10B2F000FFFFFFFFFFFFFFFFFFFFFFFFFFFFFFFF5E
:10B30000FFFFFFFFFFFFFFFFFFFFFFFFFFFFFFFF4D
:10B31000FFFFFFFFFFFFFFFFFFFFFFFFFFFFFFFF3D
:10B32000FFFFFFFFFFFFFFFFFFFFFFFFFFFFFFFF2D
:10B33000FFFFFFFFFFFFFFFFFFFFFFFFFFFFFFFF1D
:10B34000FFFFFFFFFFFFFFFFFFFFFFFFFFFFFFFF0D
:10B35000FFFFFFFFFFFFFFFFFFFFFFFFFFFFFFFFFD
:10B36000FFFFFFFFFFFFFFFFFFFFFFFFFFFFFFFFED
:10B37000FFFFFFFFFFFFFFFFFFFFFFFFFFFFFFFFDD
:10B38000FFFFFFFFFFFFFFFFFFFFFFFFFFFFFFFFCD
:10B39000FFFFFFFFFFFFFFFFFFFFFFFFFFFFFFFFBD
:10B3A000FFFFFFFFFFFFFFFFFFFFFFFFFFFFFFFFAD
:10B3B000FFFFFFFFFFFFFFFFFFFFFFFFFFFFFFFF9D
:10B3C000FFFFFFFFFFFFFFFFFFFFFFFFFFFFFFFF8D
:10B3D000FFFFFFFFFFFFFFFFFFFFFFFFFFFFFFFF7D
:10B3E000FFFFFFFFFFFFFFFFFFFFFFFFFFFFFFFF6D
:10B3F000FFFFFFFFFFFFFFFFFFFFFFFFFFFFFFFF5D
:10B40000FFFFFFFFFFFFFFFFFFFFFFFFFFFFFFFF4C
:10B41000FFFFFFFFFFFFFFFFFFFFFFFFFFFFFFFF3C
:10B42000FFFFFFFFFFFFFFFFFFFFFFFFFFFFFFFF2C
:10B43000FFFFFFFFFFFFFFFFFFFFFFFFFFFFFFFF1C
:10B44000FFFFFFFFFFFFFFFFFFFFFFFFFFFFFFFF0C
:10B45000FFFFFFFFFFFFFFFFFFFFFFFFFFFFFFFFFC
:10B46000FFFFFFFFFFFFFFFFFFFFFFFFFFFFFFFFEC
:10B47000FFFFFFFFFFFFFFFFFFFFFFFFFFFFFFFFDC
:10B48000FFFFFFFFFFFFFFFFFFFFFFFFFFFFFFFFCC
:10B49000FFFFFFFFFFFFFFFFFFFFFFFFFFFFFFFFBC
:10B4A000FFFFFFFFFFFFFFFFFFFFFFFFFFFFFFFFAC
:10B4B000FFFFFFFFFFFFFFFFFFFFFFFFFFFFFFFF9C
:10B4C000FFFFFFFFFFFFFFFFFFFFFFFFFFFFFFFF8C
:10B4D000FFFFFFFFFFFFFFFFFFFFFFFFFFFFFFFF7C
:10B4E000FFFFFFFFFFFFFFFFFFFFFFFFFFFFFFFF6C
:10B4F000FFFFFFFFFFFFFFFFFFFFFFFFFFFFFFFF5C
:10B50000FFFFFFFFFFFFFFFFFFFFFFFFFFFFFFFF4B
:10B51000FFFFFFFFFFFFFFFFFFFFFFFFFFFFFFFF3B
:10B52000FFFFFFFFFFFFFFFFFFFFFFFFFFFFFFFF2B
:10B53000FFFFFFFFFFFFFFFFFFFFFFFFFFFFFFFF1B
:10B54000FFFFFFFFFFFFFFFFFFFFFFFFFFFFFFFF0B
:10B55000FFFFFFFFFFFFFFFFFFFFFFFFFFFFFFFFFB
:10B56000FFFFFFFFFFFFFFFFFFFFFFFFFFFFFFFFEB
:10B57000FFFFFFFFFFFFFFFFFFFFFFFFFFFFFFFFDB
:10B58000FFFFFFFFFFFFFFFFFFFFFFFFFFFFFFFFCB
:10B59000FFFFFFFFFFFFFFFFFFFFFFFFFFFFFFFFBB
:10B5A000FFFFFFFFFFFFFFFFFFFFFFFFFFFFFFFFAB
:10B5B000FFFFFFFFFFFFFFFFFFFFFFFFFFFFFFFF9B
:10B5C000FFFFFFFFFFFFFFFFFFFFFFFFFFFFFFFF8B
:10B5D000FFFFFFFFFFFFFFFFFFFFFFFFFFFFFFFF7B
:10B5E000FFFFFFFFFFFFFFFFFFFFFFFFFFFFFFFF6B
:10B5F000FFFFFFFFFFFFFFFFFFFFFFFFFFFFFFFF5B
:10B60000FFFFFFFFFFFFFFFFFFFFFFFFFFFFFFFF4A
:10B61000FFFFFFFFFFFFFFFFFFFFFFFFFFFFFFFF3A
:10B62000FFFFFFFFFFFFFFFFFFFFFFFFFFFFFFFF2A
:10B63000FFFFFFFFFFFFFFFFFFFFFFFFFFFFFFFF1A
:10B64000FFFFFFFFFFFFFFFFFFFFFFFFFFFFFFFF0A
:10B65000FFFFFFFFFFFFFFFFFFFFFFFFFFFFFFFFFA
:10B66000FFFFFFFFFFFFFFFFFFFFFFFFFFFFFFFFEA
:10B67000FFFFFFFFFFFFFFFFFFFFFFFFFFFFFFFFDA
:10B68000FFFFFFFFFFFFFFFFFFFFFFFFFFFFFFFFCA
:10B69000FFFFFFFFFFFFFFFFFFFFFFFFFFFFFFFFBA
:10B6A000FFFFFFFFFFFFFFFFFFFFFFFFFFFFFFFFAA
:10B6B000FFFFFFFFFFFFFFFFFFFFFFFFFFFFFFFF9A
:10B6C000FFFFFFFFFFFFFFFFFFFFFFFFFFFFFFFF8A
:10B6D000FFFFFFFFFFFFFFFFFFFFFFFFFFFFFFFF7A
:10B6E000FFFFFFFFFFFFFFFFFFFFFFFFFFFFFFFF6A
:10B6F000FFFFFFFFFFFFFFFFFFFFFFFFFFFFFFFF5A
:10B70000FFFFFFFFFFFFFFFFFFFFFFFFFFFFFFFF49
:10B71000FFFFFFFFFFFFFFFFFFFFFFFFFFFFFFFF39
:10B72000FFFFFFFFFFFFFFFFFFFFFFFFFFFFFFFF29
:10B73000FFFFFFFFFFFFFFFFFFFFFFFFFFFFFFFF19
:10B74000FFFFFFFFFFFFFFFFFFFFFFFFFFFFFFFF09
:10B75000FFFFFFFFFFFFFFFFFFFFFFFFFFFFFFFFF9
:10B76000FFFFFFFFFFFFFFFFFFFFFFFFFFFFFFFFE9
:10B77000FFFFFFFFFFFFFFFFFFFFFFFFFFFFFFFFD9
:10B78000FFFFFFFFFFFFFFFFFFFFFFFFFFFFFFFFC9
:10B79000FFFFFFFFFFFFFFFFFFFFFFFFFFFFFFFFB9
:10B7A000FFFFFFFFFFFFFFFFFFFFFFFFFFFFFFFFA9
:10B7B000FFFFFFFFFFFFFFFFFFFFFFFFFFFFFFFF99
:10B7C000FFFFFFFFFFFFFFFFFFFFFFFFFFFFFFFF89
:10B7D000FFFFFFFFFFFFFFFFFFFFFFFFFFFFFFFF79
:10B7E000FFFFFFFFFFFFFFFFFFFFFFFFFFFFFFFF69
:10B7F000FFFFFFFFFFFFFFFFFFFFFFFFFFFFFFFF59
:10B80000FFFFFFFFFFFFFFFFFFFFFFFFFFFFFFFF48
:10B81000FFFFFFFFFFFFFFFFFFFFFFFFFFFFFFFF38
:10B82000FFFFFFFFFFFFFFFFFFFFFFFFFFFFFFFF28
:10B83000FFFFFFFFFFFFFFFFFFFFFFFFFFFFFFFF18
:10B84000FFFFFFFFFFFFFFFFFFFFFFFFFFFFFFFF08
:10B85000FFFFFFFFFFFFFFFFFFFFFFFFFFFFFFFFF8
:10B86000FFFFFFFFFFFFFFFFFFFFFFFFFFFFFFFFE8
:10B87000FFFFFFFFFFFFFFFFFFFFFFFFFFFFFFFFD8
:10B88000FFFFFFFFFFFFFFFFFFFFFFFFFFFFFFFFC8
:10B89000FFFFFFFFFFFFFFFFFFFFFFFFFFFFFFFFB8
:10B8A000FFFFFFFFFFFFFFFFFFFFFFFFFFFFFFFFA8
:10B8B000FFFFFFFFFFFFFFFFFFFFFFFFFFFFFFFF98
:10B8C000FFFFFFFFFFFFFFFFFFFFFFFFFFFFFFFF88
:10B8D000FFFFFFFFFFFFFFFFFFFFFFFFFFFFFFFF78
:10B8E000FFFFFFFFFFFFFFFFFFFFFFFFFFFFFFFF68
:10B8F000FFFFFFFFFFFFFFFFFFFFFFFFFFFFFFFF58
:10B90000FFFFFFFFFFFFFFFFFFFFFFFFFFFFFFFF47
:10B91000FFFFFFFFFFFFFFFFFFFFFFFFFFFFFFFF37
:10B92000FFFFFFFFFFFFFFFFFFFFFFFFFFFFFFFF27
:10B93000FFFFFFFFFFFFFFFFFFFFFFFFFFFFFFFF17
:10B94000FFFFFFFFFFFFFFFFFFFFFFFFFFFFFFFF07
:10B95000FFFFFFFFFFFFFFFFFFFFFFFFFFFFFFFFF7
:10B96000FFFFFFFFFFFFFFFFFFFFFFFFFFFFFFFFE7
:10B97000FFFFFFFFFFFFFFFFFFFFFFFFFFFFFFFFD7
:10B98000FFFFFFFFFFFFFFFFFFFFFFFFFFFFFFFFC7
:10B99000FFFFFFFFFFFFFFFFFFFFFFFFFFFFFFFFB7
:10B9A000FFFFFFFFFFFFFFFFFFFFFFFFFFFFFFFFA7
:10B9B000FFFFFFFFFFFFFFFFFFFFFFFFFFFFFFFF97
:10B9C000FFFFFFFFFFFFFFFFFFFFFFFFFFFFFFFF87
:10B9D000FFFFFFFFFFFFFFFFFFFFFFFFFFFFFFFF77
:10B9E000FFFFFFFFFFFFFFFFFFFFFFFFFFFFFFFF67
:10B9F000FFFFFFFFFFFFFFFFFFFFFFFFFFFFFFFF57
:10BA0000FFFFFFFFFFFFFFFFFFFFFFFFFFFFFFFF46
:10BA1000FFFFFFFFFFFFFFFFFFFFFFFFFFFFFFFF36
:10BA2000FFFFFFFFFFFFFFFFFFFFFFFFFFFFFFFF26
:10BA3000FFFFFFFFFFFFFFFFFFFFFFFFFFFFFFFF16
:10BA4000FFFFFFFFFFFFFFFFFFFFFFFFFFFFFFFF06
:10BA5000FFFFFFFFFFFFFFFFFFFFFFFFFFFFFFFFF6
:10BA6000FFFFFFFFFFFFFFFFFFFFFFFFFFFFFFFFE6
:10BA7000FFFFFFFFFFFFFFFFFFFFFFFFFFFFFFFFD6
:10BA8000FFFFFFFFFFFFFFFFFFFFFFFFFFFFFFFFC6
:10BA9000FFFFFFFFFFFFFFFFFFFFFFFFFFFFFFFFB6
:10BAA000FFFFFFFFFFFFFFFFFFFFFFFFFFFFFFFFA6
:10BAB000FFFFFFFFFFFFFFFFFFFFFFFFFFFFFFFF96
:10BAC000FFFFFFFFFFFFFFFFFFFFFFFFFFFFFFFF86
:10BAD000FFFFFFFFFFFFFFFFFFFFFFFFFFFFFFFF76
:10BAE000FFFFFFFFFFFFFFFFFFFFFFFFFFFFFFFF66
:10BAF000FFFFFFFFFFFFFFFFFFFFFFFFFFFFFFFF56
:10BB0000FFFFFFFFFFFFFFFFFFFFFFFFFFFFFFFF45
:10BB1000FFFFFFFFFFFFFFFFFFFFFFFFFFFFFFFF35
:10BB2000FFFFFFFFFFFFFFFFFFFFFFFFFFFFFFFF25
:10BB3000FFFFFFFFFFFFFFFFFFFFFFFFFFFFFFFF15
:10BB4000FFFFFFFFFFFFFFFFFFFFFFFFFFFFFFFF05
:10BB5000FFFFFFFFFFFFFFFFFFFFFFFFFFFFFFFFF5
:10BB6000FFFFFFFFFFFFFFFFFFFFFFFFFFFFFFFFE5
:10BB7000FFFFFFFFFFFFFFFFFFFFFFFFFFFFFFFFD5
:10BB8000FFFFFFFFFFFFFFFFFFFFFFFFFFFFFFFFC5
:10BB9000FFFFFFFFFFFFFFFFFFFFFFFFFFFFFFFFB5
:10BBA000FFFFFFFFFFFFFFFFFFFFFFFFFFFFFFFFA5
:10BBB000FFFFFFFFFFFFFFFFFFFFFFFFFFFFFFFF95
:10BBC000FFFFFFFFFFFFFFFFFFFFFFFFFFFFFFFF85
:10BBD000FFFFFFFFFFFFFFFFFFFFFFFFFFFFFFFF75
:10BBE000FFFFFFFFFFFFFFFFFFFFFFFFFFFFFFFF65
:10BBF000FFFFFFFFFFFFFFFFFFFFFFFFFFFFFFFF55
:10BC0000FFFFFFFFFFFFFFFFFFFFFFFFFFFFFFFF44
:10BC1000FFFFFFFFFFFFFFFFFFFFFFFFFFFFFFFF34
:10BC2000FFFFFFFFFFFFFFFFFFFFFFFFFFFFFFFF24
:10BC3000FFFFFFFFFFFFFFFFFFFFFFFFFFFFFFFF14
:10BC4000FFFFFFFFFFFFFFFFFFFFFFFFFFFFFFFF04
:10BC5000FFFFFFFFFFFFFFFFFFFFFFFFFFFFFFFFF4
:10BC6000FFFFFFFFFFFFFFFFFFFFFFFFFFFFFFFFE4
:10BC7000FFFFFFFFFFFFFFFFFFFFFFFFFFFFFFFFD4
:10BC8000FFFFFFFFFFFFFFFFFFFFFFFFFFFFFFFFC4
:10BC9000FFFFFFFFFFFFFFFFFFFFFFFFFFFFFFFFB4
:10BCA000FFFFFFFFFFFFFFFFFFFFFFFFFFFFFFFFA4
:10BCB000FFFFFFFFFFFFFFFFFFFFFFFFFFFFFFFF94
:10BCC000FFFFFFFFFFFFFFFFFFFFFFFFFFFFFFFF84
:10BCD000FFFFFFFFFFFFFFFFFFFFFFFFFFFFFFFF74
:10BCE000FFFFFFFFFFFFFFFFFFFFFFFFFFFFFFFF64
:10BCF000FFFFFFFFFFFFFFFFFFFFFFFFFFFFFFFF54
:10BD0000FFFFFFFFFFFFFFFFFFFFFFFFFFFFFFFF43
:10BD1000FFFFFFFFFFFFFFFFFFFFFFFFFFFFFFFF33
:10BD2000FFFFFFFFFFFFFFFFFFFFFFFFFFFFFFFF23
:10BD3000FFFFFFFFFFFFFFFFFFFFFFFFFFFFFFFF13
:10BD4000FFFFFFFFFFFFFFFFFFFFFFFFFFFFFFFF03
:10BD5000FFFFFFFFFFFFFFFFFFFFFFFFFFFFFFFFF3
:10BD6000FFFFFFFFFFFFFFFFFFFFFFFFFFFFFFFFE3
:10BD7000FFFFFFFFFFFFFFFFFFFFFFFFFFFFFFFFD3
:10BD8000FFFFFFFFFFFFFFFFFFFFFFFFFFFFFFFFC3
:10BD9000FFFFFFFFFFFFFFFFFFFFFFFFFFFFFFFFB3
:10BDA000FFFFFFFFFFFFFFFFFFFFFFFFFFFFFFFFA3
:10BDB000FFFFFFFFFFFFFFFFFFFFFFFFFFFFFFFF93
:10BDC000FFFFFFFFFFFFFFFFFFFFFFFFFFFFFFFF83
:10BDD000FFFFFFFFFFFFFFFFFFFFFFFFFFFFFFFF73
:10BDE000FFFFFFFFFFFFFFFFFFFFFFFFFFFFFFFF63
:10BDF000FFFFFFFFFFFFFFFFFFFFFFFFFFFFFFFF53
:10BE0000FFFFFFFFFFFFFFFFFFFFFFFFFFFFFFFF42
:10BE1000FFFFFFFFFFFFFFFFFFFFFFFFFFFFFFFF32
:10BE2000FFFFFFFFFFFFFFFFFFFFFFFFFFFFFFFF22
:10BE3000FFFFFFFFFFFFFFFFFFFFFFFFFFFFFFFF12
:10BE4000FFFFFFFFFFFFFFFFFFFFFFFFFFFFFFFF02
:10BE5000FFFFFFFFFFFFFFFFFFFFFFFFFFFFFFFFF2
:10BE6000FFFFFFFFFFFFFFFFFFFFFFFFFFFFFFFFE2
:10BE7000FFFFFFFFFFFFFFFFFFFFFFFFFFFFFFFFD2
:10BE8000FFFFFFFFFFFFFFFFFFFFFFFFFFFFFFFFC2
:10BE9000FFFFFFFFFFFFFFFFFFFFFFFFFFFFFFFFB2
:10BEA000FFFFFFFFFFFFFFFFFFFFFFFFFFFFFFFFA2
:10BEB000FFFFFFFFFFFFFFFFFFFFFFFFFFFFFFFF92
:10BEC000FFFFFFFFFFFFFFFFFFFFFFFFFFFFFFFF82
:10BED000FFFFFFFFFFFFFFFFFFFFFFFFFFFFFFFF72
:10BEE000FFFFFFFFFFFFFFFFFFFFFFFFFFFFFFFF62
:10BEF000FFFFFFFFFFFFFFFFFFFFFFFFFFFFFFFF52
:10BF0000FFFFFFFFFFFFFFFFFFFFFFFFFFFFFFFF41
:10BF1000FFFFFFFFFFFFFFFFFFFFFFFFFFFFFFFF31
:10BF2000FFFFFFFFFFFFFFFFFFFFFFFFFFFFFFFF21
:10BF3000FFFFFFFFFFFFFFFFFFFFFFFFFFFFFFFF11
:10BF4000FFFFFFFFFFFFFFFFFFFFFFFFFFFFFFFF01
:10BF5000FFFFFFFFFFFFFFFFFFFFFFFFFFFFFFFFF1
:10BF6000FFFFFFFFFFFFFFFFFFFFFFFFFFFFFFFFE1
:10BF7000FFFFFFFFFFFFFFFFFFFFFFFFFFFFFFFFD1
:10BF8000FFFFFFFFFFFFFFFFFFFFFFFFFFFFFFFFC1
:10BF9000FFFFFFFFFFFFFFFFFFFFFFFFFFFFFFFFB1
:10BFA000FFFFFFFFFFFFFFFFFFFFFFFFFFFFFFFFA1
:10BFB000FFFFFFFFFFFFFFFFFFFFFFFFFFFFFFFF91
:10BFC000FFFFFFFFFFFFFFFFFFFFFFFFFFFFFFFF81
:10BFD000FFFFFFFFFFFFFFFFFFFFFFFFFFFFFFFF71
:10BFE000FFFFFFFFFFFFFFFFFFFFFFFFFFFFFFFF61
:10BFF000FFFFFFFFFFFFFFFFFFFFFFFFFFFFFFFF51
:10C00000FFFFFFFFFFFFFFFFFFFFFFFFFFFFFFFF40
:10C01000FFFFFFFFFFFFFFFFFFFFFFFFFFFFFFFF30
:10C02000FFFFFFFFFFFFFFFFFFFFFFFFFFFFFFFF20
:10C03000FFFFFFFFFFFFFFFFFFFFFFFFFFFFFFFF10
:10C04000FFFFFFFFFFFFFFFFFFFFFFFFFFFFFFFF00
:10C05000FFFFFFFFFFFFFFFFFFFFFFFFFFFFFFFFF0
:10C06000FFFFFFFFFFFFFFFFFFFFFFFFFFFFFFFFE0
:10C07000FFFFFFFFFFFFFFFFFFFFFFFFFFFFFFFFD0
:10C08000FFFFFFFFFFFFFFFFFFFFFFFFFFFFFFFFC0
:10C09000FFFFFFFFFFFFFFFFFFFFFFFFFFFFFFFFB0
:10C0A000FFFFFFFFFFFFFFFFFFFFFFFFFFFFFFFFA0
:10C0B000FFFFFFFFFFFFFFFFFFFFFFFFFFFFFFFF90
:10C0C000FFFFFFFFFFFFFFFFFFFFFFFFFFFFFFFF80
:10C0D000FFFFFFFFFFFFFFFFFFFFFFFFFFFFFFFF70
:10C0E000FFFFFFFFFFFFFFFFFFFFFFFFFFFFFFFF60
:10C0F000FFFFFFFFFFFFFFFFFFFFFFFFFFFFFFFF50
:10C10000FFFFFFFFFFFFFFFFFFFFFFFFFFFFFFFF3F
:10C11000FFFFFFFFFFFFFFFFFFFFFFFFFFFFFFFF2F
:10C12000FFFFFFFFFFFFFFFFFFFFFFFFFFFFFFFF1F
:10C13000FFFFFFFFFFFFFFFFFFFFFFFFFFFFFFFF0F
:10C14000FFFFFFFFFFFFFFFFFFFFFFFFFFFFFFFFFF
:10C15000FFFFFFFFFFFFFFFFFFFFFFFFFFFFFFFFEF
:10C16000FFFFFFFFFFFFFFFFFFFFFFFFFFFFFFFFDF
:10C17000FFFFFFFFFFFFFFFFFFFFFFFFFFFFFFFFCF
:10C18000FFFFFFFFFFFFFFFFFFFFFFFFFFFFFFFFBF
:10C19000FFFFFFFFFFFFFFFFFFFFFFFFFFFFFFFFAF
:10C1A000FFFFFFFFFFFFFFFFFFFFFFFFFFFFFFFF9F
:10C1B000FFFFFFFFFFFFFFFFFFFFFFFFFFFFFFFF8F
:10C1C000FFFFFFFFFFFFFFFFFFFFFFFFFFFFFFFF7F
:10C1D000FFFFFFFFFFFFFFFFFFFFFFFFFFFFFFFF6F
:10C1E000FFFFFFFFFFFFFFFFFFFFFFFFFFFFFFFF5F
:10C1F000FFFFFFFFFFFFFFFFFFFFFFFFFFFFFFFF4F
:10C20000FFFFFFFFFFFFFFFFFFFFFFFFFFFFFFFF3E
:10C21000FFFFFFFFFFFFFFFFFFFFFFFFFFFFFFFF2E
:10C22000FFFFFFFFFFFFFFFFFFFFFFFFFFFFFFFF1E
:10C23000FFFFFFFFFFFFFFFFFFFFFFFFFFFFFFFF0E
:10C24000FFFFFFFFFFFFFFFFFFFFFFFFFFFFFFFFFE
:10C25000FFFFFFFFFFFFFFFFFFFFFFFFFFFFFFFFEE
:10C26000FFFFFFFFFFFFFFFFFFFFFFFFFFFFFFFFDE
:10C27000FFFFFFFFFFFFFFFFFFFFFFFFFFFFFFFFCE
:10C28000FFFFFFFFFFFFFFFFFFFFFFFFFFFFFFFFBE
:10C29000FFFFFFFFFFFFFFFFFFFFFFFFFFFFFFFFAE
:10C2A000FFFFFFFFFFFFFFFFFFFFFFFFFFFFFFFF9E
:10C2B000FFFFFFFFFFFFFFFFFFFFFFFFFFFFFFFF8E
:10C2C000FFFFFFFFFFFFFFFFFFFFFFFFFFFFFFFF7E
:10C2D000FFFFFFFFFFFFFFFFFFFFFFFFFFFFFFFF6E
:10C2E000FFFFFFFFFFFFFFFFFFFFFFFFFFFFFFFF5E
:10C2F000FFFFFFFFFFFFFFFFFFFFFFFFFFFFFFFF4E
:10C30000FFFFFFFFFFFFFFFFFFFFFFFFFFFFFFFF3D
:10C31000FFFFFFFFFFFFFFFFFFFFFFFFFFFFFFFF2D
:10C32000FFFFFFFFFFFFFFFFFFFFFFFFFFFFFFFF1D
:10C33000FFFFFFFFFFFFFFFFFFFFFFFFFFFFFFFF0D
:10C34000FFFFFFFFFFFFFFFFFFFFFFFFFFFFFFFFFD
:10C35000FFFFFFFFFFFFFFFFFFFFFFFFFFFFFFFFED
:10C36000FFFFFFFFFFFFFFFFFFFFFFFFFFFFFFFFDD
:10C37000FFFFFFFFFFFFFFFFFFFFFFFFFFFFFFFFCD
:10C38000FFFFFFFFFFFFFFFFFFFFFFFFFFFFFFFFBD
:10C39000FFFFFFFFFFFFFFFFFFFFFFFFFFFFFFFFAD
:10C3A000FFFFFFFFFFFFFFFFFFFFFFFFFFFFFFFF9D
:10C3B000FFFFFFFFFFFFFFFFFFFFFFFFFFFFFFFF8D
:10C3C000FFFFFFFFFFFFFFFFFFFFFFFFFFFFFFFF7D
:10C3D000FFFFFFFFFFFFFFFFFFFFFFFFFFFFFFFF6D
:10C3E000FFFFFFFFFFFFFFFFFFFFFFFFFFFFFFFF5D
:10C3F000FFFFFFFFFFFFFFFFFFFFFFFFFFFFFFFF4D
:10C40000FFFFFFFFFFFFFFFFFFFFFFFFFFFFFFFF3C
:10C41000FFFFFFFFFFFFFFFFFFFFFFFFFFFFFFFF2C
:10C42000FFFFFFFFFFFFFFFFFFFFFFFFFFFFFFFF1C
:10C43000FFFFFFFFFFFFFFFFFFFFFFFFFFFFFFFF0C
:10C44000FFFFFFFFFFFFFFFFFFFFFFFFFFFFFFFFFC
:10C45000FFFFFFFFFFFFFFFFFFFFFFFFFFFFFFFFEC
:10C46000FFFFFFFFFFFFFFFFFFFFFFFFFFFFFFFFDC
:10C47000FFFFFFFFFFFFFFFFFFFFFFFFFFFFFFFFCC
:10C48000FFFFFFFFFFFFFFFFFFFFFFFFFFFFFFFFBC
:10C49000FFFFFFFFFFFFFFFFFFFFFFFFFFFFFFFFAC
:10C4A000FFFFFFFFFFFFFFFFFFFFFFFFFFFFFFFF9C
:10C4B000FFFFFFFFFFFFFFFFFFFFFFFFFFFFFFFF8C
:10C4C000FFFFFFFFFFFFFFFFFFFFFFFFFFFFFFFF7C
:10C4D000FFFFFFFFFFFFFFFFFFFFFFFFFFFFFFFF6C
:10C4E000FFFFFFFFFFFFFFFFFFFFFFFFFFFFFFFF5C
:10C4F000FFFFFFFFFFFFFFFFFFFFFFFFFFFFFFFF4C
:10C50000FFFFFFFFFFFFFFFFFFFFFFFFFFFFFFFF3B
:10C51000FFFFFFFFFFFFFFFFFFFFFFFFFFFFFFFF2B
:10C52000FFFFFFFFFFFFFFFFFFFFFFFFFFFFFFFF1B
:10C53000FFFFFFFFFFFFFFFFFFFFFFFFFFFFFFFF0B
:10C54000FFFFFFFFFFFFFFFFFFFFFFFFFFFFFFFFFB
:10C55000FFFFFFFFFFFFFFFFFFFFFFFFFFFFFFFFEB
:10C56000FFFFFFFFFFFFFFFFFFFFFFFFFFFFFFFFDB
:10C57000FFFFFFFFFFFFFFFFFFFFFFFFFFFFFFFFCB
:10C58000FFFFFFFFFFFFFFFFFFFFFFFFFFFFFFFFBB
:10C59000FFFFFFFFFFFFFFFFFFFFFFFFFFFFFFFFAB
:10C5A000FFFFFFFFFFFFFFFFFFFFFFFFFFFFFFFF9B
:10C5B000FFFFFFFFFFFFFFFFFFFFFFFFFFFFFFFF8B
:10C5C000FFFFFFFFFFFFFFFFFFFFFFFFFFFFFFFF7B
:10C5D000FFFFFFFFFFFFFFFFFFFFFFFFFFFFFFFF6B
:10C5E000FFFFFFFFFFFFFFFFFFFFFFFFFFFFFFFF5B
:10C5F000FFFFFFFFFFFFFFFFFFFFFFFFFFFFFFFF4B
:10C60000FFFFFFFFFFFFFFFFFFFFFFFFFFFFFFFF3A
:10C61000FFFFFFFFFFFFFFFFFFFFFFFFFFFFFFFF2A
:10C62000FFFFFFFFFFFFFFFFFFFFFFFFFFFFFFFF1A
:10C63000FFFFFFFFFFFFFFFFFFFFFFFFFFFFFFFF0A
:10C64000FFFFFFFFFFFFFFFFFFFFFFFFFFFFFFFFFA
:10C65000FFFFFFFFFFFFFFFFFFFFFFFFFFFFFFFFEA
:10C66000FFFFFFFFFFFFFFFFFFFFFFFFFFFFFFFFDA
:10C67000FFFFFFFFFFFFFFFFFFFFFFFFFFFFFFFFCA
:10C68000FFFFFFFFFFFFFFFFFFFFFFFFFFFFFFFFBA
:10C69000FFFFFFFFFFFFFFFFFFFFFFFFFFFFFFFFAA
:10C6A000FFFFFFFFFFFFFFFFFFFFFFFFFFFFFFFF9A
:10C6B000FFFFFFFFFFFFFFFFFFFFFFFFFFFFFFFF8A
:10C6C000FFFFFFFFFFFFFFFFFFFFFFFFFFFFFFFF7A
:10C6D000FFFFFFFFFFFFFFFFFFFFFFFFFFFFFFFF6A
:10C6E000FFFFFFFFFFFFFFFFFFFFFFFFFFFFFFFF5A
:10C6F000FFFFFFFFFFFFFFFFFFFFFFFFFFFFFFFF4A
:10C70000FFFFFFFFFFFFFFFFFFFFFFFFFFFFFFFF39
:10C71000FFFFFFFFFFFFFFFFFFFFFFFFFFFFFFFF29
:10C72000FFFFFFFFFFFFFFFFFFFFFFFFFFFFFFFF19
:10C73000FFFFFFFFFFFFFFFFFFFFFFFFFFFFFFFF09
:10C74000FFFFFFFFFFFFFFFFFFFFFFFFFFFFFFFFF9
:10C75000FFFFFFFFFFFFFFFFFFFFFFFFFFFFFFFFE9
:10C76000FFFFFFFFFFFFFFFFFFFFFFFFFFFFFFFFD9
:10C77000FFFFFFFFFFFFFFFFFFFFFFFFFFFFFFFFC9
:10C78000FFFFFFFFFFFFFFFFFFFFFFFFFFFFFFFFB9
:10C79000FFFFFFFFFFFFFFFFFFFFFFFFFFFFFFFFA9
:10C7A000FFFFFFFFFFFFFFFFFFFFFFFFFFFFFFFF99
:10C7B000FFFFFFFFFFFFFFFFFFFFFFFFFFFFFFFF89
:10C7C000FFFFFFFFFFFFFFFFFFFFFFFFFFFFFFFF79
:10C7D000FFFFFFFFFFFFFFFFFFFFFFFFFFFFFFFF69
:10C7E000FFFFFFFFFFFFFFFFFFFFFFFFFFFFFFFF59
:10C7F000FFFFFFFFFFFFFFFFFFFFFFFFFFFFFFFF49
:10C80000FFFFFFFFFFFFFFFFFFFFFFFFFFFFFFFF38
:10C81000FFFFFFFFFFFFFFFFFFFFFFFFFFFFFFFF28
:10C82000FFFFFFFFFFFFFFFFFFFFFFFFFFFFFFFF18
:10C83000FFFFFFFFFFFFFFFFFFFFFFFFFFFFFFFF08
:10C84000FFFFFFFFFFFFFFFFFFFFFFFFFFFFFFFFF8
:10C85000FFFFFFFFFFFFFFFFFFFFFFFFFFFFFFFFE8
:10C86000FFFFFFFFFFFFFFFFFFFFFFFFFFFFFFFFD8
:10C87000FFFFFFFFFFFFFFFFFFFFFFFFFFFFFFFFC8
:10C88000FFFFFFFFFFFFFFFFFFFFFFFFFFFFFFFFB8
:10C89000FFFFFFFFFFFFFFFFFFFFFFFFFFFFFFFFA8
:10C8A000FFFFFFFFFFFFFFFFFFFFFFFFFFFFFFFF98
:10C8B000FFFFFFFFFFFFFFFFFFFFFFFFFFFFFFFF88
:10C8C000FFFFFFFFFFFFFFFFFFFFFFFFFFFFFFFF78
:10C8D000FFFFFFFFFFFFFFFFFFFFFFFFFFFFFFFF68
:10C8E000FFFFFFFFFFFFFFFFFFFFFFFFFFFFFFFF58
:10C8F000FFFFFFFFFFFFFFFFFFFFFFFFFFFFFFFF48
:10C90000FFFFFFFFFFFFFFFFFFFFFFFFFFFFFFFF37
:10C91000FFFFFFFFFFFFFFFFFFFFFFFFFFFFFFFF27
:10C92000FFFFFFFFFFFFFFFFFFFFFFFFFFFFFFFF17
:10C93000FFFFFFFFFFFFFFFFFFFFFFFFFFFFFFFF07
:10C94000FFFFFFFFFFFFFFFFFFFFFFFFFFFFFFFFF7
:10C95000FFFFFFFFFFFFFFFFFFFFFFFFFFFFFFFFE7
:10C96000FFFFFFFFFFFFFFFFFFFFFFFFFFFFFFFFD7
:10C97000FFFFFFFFFFFFFFFFFFFFFFFFFFFFFFFFC7
:10C98000FFFFFFFFFFFFFFFFFFFFFFFFFFFFFFFFB7
:10C99000FFFFFFFFFFFFFFFFFFFFFFFFFFFFFFFFA7
:10C9A000FFFFFFFFFFFFFFFFFFFFFFFFFFFFFFFF97
:10C9B000FFFFFFFFFFFFFFFFFFFFFFFFFFFFFFFF87
:10C9C000FFFFFFFFFFFFFFFFFFFFFFFFFFFFFFFF77
:10C9D000FFFFFFFFFFFFFFFFFFFFFFFFFFFFFFFF67
:10C9E000FFFFFFFFFFFFFFFFFFFFFFFFFFFFFFFF57
:10C9F000FFFFFFFFFFFFFFFFFFFFFFFFFFFFFFFF47
:10CA0000FFFFFFFFFFFFFFFFFFFFFFFFFFFFFFFF36
:10CA1000FFFFFFFFFFFFFFFFFFFFFFFFFFFFFFFF26
:10CA2000FFFFFFFFFFFFFFFFFFFFFFFFFFFFFFFF16
:10CA3000FFFFFFFFFFFFFFFFFFFFFFFFFFFFFFFF06
:10CA4000FFFFFFFFFFFFFFFFFFFFFFFFFFFFFFFFF6
:10CA5000FFFFFFFFFFFFFFFFFFFFFFFFFFFFFFFFE6
:10CA6000FFFFFFFFFFFFFFFFFFFFFFFFFFFFFFFFD6
:10CA7000FFFFFFFFFFFFFFFFFFFFFFFFFFFFFFFFC6
:10CA8000FFFFFFFFFFFFFFFFFFFFFFFFFFFFFFFFB6
:10CA9000FFFFFFFFFFFFFFFFFFFFFFFFFFFFFFFFA6
:10CAA000FFFFFFFFFFFFFFFFFFFFFFFFFFFFFFFF96
:10CAB000FFFFFFFFFFFFFFFFFFFFFFFFFFFFFFFF86
:10CAC000FFFFFFFFFFFFFFFFFFFFFFFFFFFFFFFF76
:10CAD000FFFFFFFFFFFFFFFFFFFFFFFFFFFFFFFF66
:10CAE000FFFFFFFFFFFFFFFFFFFFFFFFFFFFFFFF56
:10CAF000FFFFFFFFFFFFFFFFFFFFFFFFFFFFFFFF46
:10CB0000FFFFFFFFFFFFFFFFFFFFFFFFFFFFFFFF35
:10CB1000FFFFFFFFFFFFFFFFFFFFFFFFFFFFFFFF25
:10CB2000FFFFFFFFFFFFFFFFFFFFFFFFFFFFFFFF15
:10CB3000FFFFFFFFFFFFFFFFFFFFFFFFFFFFFFFF05
:10CB4000FFFFFFFFFFFFFFFFFFFFFFFFFFFFFFFFF5
:10CB5000FFFFFFFFFFFFFFFFFFFFFFFFFFFFFFFFE5
:10CB6000FFFFFFFFFFFFFFFFFFFFFFFFFFFFFFFFD5
:10CB7000FFFFFFFFFFFFFFFFFFFFFFFFFFFFFFFFC5
:10CB8000FFFFFFFFFFFFFFFFFFFFFFFFFFFFFFFFB5
:10CB9000FFFFFFFFFFFFFFFFFFFFFFFFFFFFFFFFA5
:10CBA000FFFFFFFFFFFFFFFFFFFFFFFFFFFFFFFF95
:10CBB000FFFFFFFFFFFFFFFFFFFFFFFFFFFFFFFF85
:10CBC000FFFFFFFFFFFFFFFFFFFFFFFFFFFFFFFF75
:10CBD000FFFFFFFFFFFFFFFFFFFFFFFFFFFFFFFF65
:10CBE000FFFFFFFFFFFFFFFFFFFFFFFFFFFFFFFF55
:10CBF000FFFFFFFFFFFFFFFFFFFFFFFFFFFFFFFF45
:10CC0000FFFFFFFFFFFFFFFFFFFFFFFFFFFFFFFF34
:10CC1000FFFFFFFFFFFFFFFFFFFFFFFFFFFFFFFF24
:10CC2000FFFFFFFFFFFFFFFFFFFFFFFFFFFFFFFF14
:10CC3000FFFFFFFFFFFFFFFFFFFFFFFFFFFFFFFF04
:10CC4000FFFFFFFFFFFFFFFFFFFFFFFFFFFFFFFFF4
:10CC5000FFFFFFFFFFFFFFFFFFFFFFFFFFFFFFFFE4
:10CC6000FFFFFFFFFFFFFFFFFFFFFFFFFFFFFFFFD4
:10CC7000FFFFFFFFFFFFFFFFFFFFFFFFFFFFFFFFC4
:10CC8000FFFFFFFFFFFFFFFFFFFFFFFFFFFFFFFFB4
:10CC9000FFFFFFFFFFFFFFFFFFFFFFFFFFFFFFFFA4
:10CCA000FFFFFFFFFFFFFFFFFFFFFFFFFFFFFFFF94
:10CCB000FFFFFFFFFFFFFFFFFFFFFFFFFFFFFFFF84
:10CCC000FFFFFFFFFFFFFFFFFFFFFFFFFFFFFFFF74
:10CCD000FFFFFFFFFFFFFFFFFFFFFFFFFFFFFFFF64
:10CCE000FFFFFFFFFFFFFFFFFFFFFFFFFFFFFFFF54
:10CCF000FFFFFFFFFFFFFFFFFFFFFFFFFFFFFFFF44
:10CD0000FFFFFFFFFFFFFFFFFFFFFFFFFFFFFFFF33
:10CD1000FFFFFFFFFFFFFFFFFFFFFFFFFFFFFFFF23
:10CD2000FFFFFFFFFFFFFFFFFFFFFFFFFFFFFFFF13
:10CD3000FFFFFFFFFFFFFFFFFFFFFFFFFFFFFFFF03
:10CD4000FFFFFFFFFFFFFFFFFFFFFFFFFFFFFFFFF3
:10CD5000FFFFFFFFFFFFFFFFFFFFFFFFFFFFFFFFE3
:10CD6000FFFFFFFFFFFFFFFFFFFFFFFFFFFFFFFFD3
:10CD7000FFFFFFFFFFFFFFFFFFFFFFFFFFFFFFFFC3
:10CD8000FFFFFFFFFFFFFFFFFFFFFFFFFFFFFFFFB3
:10CD9000FFFFFFFFFFFFFFFFFFFFFFFFFFFFFFFFA3
:10CDA000FFFFFFFFFFFFFFFFFFFFFFFFFFFFFFFF93
:10CDB000FFFFFFFFFFFFFFFFFFFFFFFFFFFFFFFF83
:10CDC000FFFFFFFFFFFFFFFFFFFFFFFFFFFFFFFF73
:10CDD000FFFFFFFFFFFFFFFFFFFFFFFFFFFFFFFF63
:10CDE000FFFFFFFFFFFFFFFFFFFFFFFFFFFFFFFF53
:10CDF000FFFFFFFFFFFFFFFFFFFFFFFFFFFFFFFF43
:10CE0000FFFFFFFFFFFFFFFFFFFFFFFFFFFFFFFF32
:10CE1000FFFFFFFFFFFFFFFFFFFFFFFFFFFFFFFF22
:10CE2000FFFFFFFFFFFFFFFFFFFFFFFFFFFFFFFF12
:10CE3000FFFFFFFFFFFFFFFFFFFFFFFFFFFFFFFF02
:10CE4000FFFFFFFFFFFFFFFFFFFFFFFFFFFFFFFFF2
:10CE5000FFFFFFFFFFFFFFFFFFFFFFFFFFFFFFFFE2
:10CE6000FFFFFFFFFFFFFFFFFFFFFFFFFFFFFFFFD2
:10CE7000FFFFFFFFFFFFFFFFFFFFFFFFFFFFFFFFC2
:10CE8000FFFFFFFFFFFFFFFFFFFFFFFFFFFFFFFFB2
:10CE9000FFFFFFFFFFFFFFFFFFFFFFFFFFFFFFFFA2
:10CEA000FFFFFFFFFFFFFFFFFFFFFFFFFFFFFFFF92
:10CEB000FFFFFFFFFFFFFFFFFFFFFFFFFFFFFFFF82
:10CEC000FFFFFFFFFFFFFFFFFFFFFFFFFFFFFFFF72
:10CED000FFFFFFFFFFFFFFFFFFFFFFFFFFFFFFFF62
:10CEE000FFFFFFFFFFFFFFFFFFFFFFFFFFFFFFFF52
:10CEF000FFFFFFFFFFFFFFFFFFFFFFFFFFFFFFFF42
:10CF0000FFFFFFFFFFFFFFFFFFFFFFFFFFFFFFFF31
:10CF1000FFFFFFFFFFFFFFFFFFFFFFFFFFFFFFFF21
:10CF2000FFFFFFFFFFFFFFFFFFFFFFFFFFFFFFFF11
:10CF3000FFFFFFFFFFFFFFFFFFFFFFFFFFFFFFFF01
:10CF4000FFFFFFFFFFFFFFFFFFFFFFFFFFFFFFFFF1
:10CF5000FFFFFFFFFFFFFFFFFFFFFFFFFFFFFFFFE1
:10CF6000FFFFFFFFFFFFFFFFFFFFFFFFFFFFFFFFD1
:10CF7000FFFFFFFFFFFFFFFFFFFFFFFFFFFFFFFFC1
:10CF8000FFFFFFFFFFFFFFFFFFFFFFFFFFFFFFFFB1
:10CF9000FFFFFFFFFFFFFFFFFFFFFFFFFFFFFFFFA1
:10CFA000FFFFFFFFFFFFFFFFFFFFFFFFFFFFFFFF91
:10CFB000FFFFFFFFFFFFFFFFFFFFFFFFFFFFFFFF81
:10CFC000FFFFFFFFFFFFFFFFFFFFFFFFFFFFFFFF71
:10CFD000FFFFFFFFFFFFFFFFFFFFFFFFFFFFFFFF61
:10CFE000FFFFFFFFFFFFFFFFFFFFFFFFFFFFFFFF51
:10CFF000FFFFFFFFFFFFFFFFFFFFFFFFFFFFFFFF41
:10D00000FFFFFFFFFFFFFFFFFFFFFFFFFFFFFFFF30
:10D01000FFFFFFFFFFFFFFFFFFFFFFFFFFFFFFFF20
:10D02000FFFFFFFFFFFFFFFFFFFFFFFFFFFFFFFF10
:10D03000FFFFFFFFFFFFFFFFFFFFFFFFFFFFFFFF00
:10D04000FFFFFFFFFFFFFFFFFFFFFFFFFFFFFFFFF0
:10D05000FFFFFFFFFFFFFFFFFFFFFFFFFFFFFFFFE0
:10D06000FFFFFFFFFFFFFFFFFFFFFFFFFFFFFFFFD0
:10D07000FFFFFFFFFFFFFFFFFFFFFFFFFFFFFFFFC0
:10D08000FFFFFFFFFFFFFFFFFFFFFFFFFFFFFFFFB0
:10D09000FFFFFFFFFFFFFFFFFFFFFFFFFFFFFFFFA0
:10D0A000FFFFFFFFFFFFFFFFFFFFFFFFFFFFFFFF90
:10D0B000FFFFFFFFFFFFFFFFFFFFFFFFFFFFFFFF80
:10D0C000FFFFFFFFFFFFFFFFFFFFFFFFFFFFFFFF70
:10D0D000FFFFFFFFFFFFFFFFFFFFFFFFFFFFFFFF60
:10D0E000FFFFFFFFFFFFFFFFFFFFFFFFFFFFFFFF50
:10D0F000FFFFFFFFFFFFFFFFFFFFFFFFFFFFFFFF40
:10D10000FFFFFFFFFFFFFFFFFFFFFFFFFFFFFFFF2F
:10D11000FFFFFFFFFFFFFFFFFFFFFFFFFFFFFFFF1F
:10D12000FFFFFFFFFFFFFFFFFFFFFFFFFFFFFFFF0F
:10D13000FFFFFFFFFFFFFFFFFFFFFFFFFFFFFFFFFF
:10D14000FFFFFFFFFFFFFFFFFFFFFFFFFFFFFFFFEF
:10D15000FFFFFFFFFFFFFFFFFFFFFFFFFFFFFFFFDF
:10D16000FFFFFFFFFFFFFFFFFFFFFFFFFFFFFFFFCF
:10D17000FFFFFFFFFFFFFFFFFFFFFFFFFFFFFFFFBF
:10D18000FFFFFFFFFFFFFFFFFFFFFFFFFFFFFFFFAF
:10D19000FFFFFFFFFFFFFFFFFFFFFFFFFFFFFFFF9F
:10D1A000FFFFFFFFFFFFFFFFFFFFFFFFFFFFFFFF8F
:10D1B000FFFFFFFFFFFFFFFFFFFFFFFFFFFFFFFF7F
:10D1C000FFFFFFFFFFFFFFFFFFFFFFFFFFFFFFFF6F
:10D1D000FFFFFFFFFFFFFFFFFFFFFFFFFFFFFFFF5F
:10D1E000FFFFFFFFFFFFFFFFFFFFFFFFFFFFFFFF4F
:10D1F000FFFFFFFFFFFFFFFFFFFFFFFFFFFFFFFF3F
:10D20000FFFFFFFFFFFFFFFFFFFFFFFFFFFFFFFF2E
:10D21000FFFFFFFFFFFFFFFFFFFFFFFFFFFFFFFF1E
:10D22000FFFFFFFFFFFFFFFFFFFFFFFFFFFFFFFF0E
:10D23000FFFFFFFFFFFFFFFFFFFFFFFFFFFFFFFFFE
:10D24000FFFFFFFFFFFFFFFFFFFFFFFFFFFFFFFFEE
:10D25000FFFFFFFFFFFFFFFFFFFFFFFFFFFFFFFFDE
:10D26000FFFFFFFFFFFFFFFFFFFFFFFFFFFFFFFFCE
:10D27000FFFFFFFFFFFFFFFFFFFFFFFFFFFFFFFFBE
:10D28000FFFFFFFFFFFFFFFFFFFFFFFFFFFFFFFFAE
:10D29000FFFFFFFFFFFFFFFFFFFFFFFFFFFFFFFF9E
:10D2A000FFFFFFFFFFFFFFFFFFFFFFFFFFFFFFFF8E
:10D2B000FFFFFFFFFFFFFFFFFFFFFFFFFFFFFFFF7E
:10D2C000FFFFFFFFFFFFFFFFFFFFFFFFFFFFFFFF6E
:10D2D000FFFFFFFFFFFFFFFFFFFFFFFFFFFFFFFF5E
:10D2E000FFFFFFFFFFFFFFFFFFFFFFFFFFFFFFFF4E
:10D2F000FFFFFFFFFFFFFFFFFFFFFFFFFFFFFFFF3E
:10D30000FFFFFFFFFFFFFFFFFFFFFFFFFFFFFFFF2D
:10D31000FFFFFFFFFFFFFFFFFFFFFFFFFFFFFFFF1D
:10D32000FFFFFFFFFFFFFFFFFFFFFFFFFFFFFFFF0D
:10D33000FFFFFFFFFFFFFFFFFFFFFFFFFFFFFFFFFD
:10D34000FFFFFFFFFFFFFFFFFFFFFFFFFFFFFFFFED
:10D35000FFFFFFFFFFFFFFFFFFFFFFFFFFFFFFFFDD
:10D36000FFFFFFFFFFFFFFFFFFFFFFFFFFFFFFFFCD
:10D37000FFFFFFFFFFFFFFFFFFFFFFFFFFFFFFFFBD
:10D38000FFFFFFFFFFFFFFFFFFFFFFFFFFFFFFFFAD
:10D39000FFFFFFFFFFFFFFFFFFFFFFFFFFFFFFFF9D
:10D3A000FFFFFFFFFFFFFFFFFFFFFFFFFFFFFFFF8D
:10D3B000FFFFFFFFFFFFFFFFFFFFFFFFFFFFFFFF7D
:10D3C000FFFFFFFFFFFFFFFFFFFFFFFFFFFFFFFF6D
:10D3D000FFFFFFFFFFFFFFFFFFFFFFFFFFFFFFFF5D
:10D3E000FFFFFFFFFFFFFFFFFFFFFFFFFFFFFFFF4D
:10D3F000FFFFFFFFFFFFFFFFFFFFFFFFFFFFFFFF3D
:10D40000FFFFFFFFFFFFFFFFFFFFFFFFFFFFFFFF2C
:10D41000FFFFFFFFFFFFFFFFFFFFFFFFFFFFFFFF1C
:10D42000FFFFFFFFFFFFFFFFFFFFFFFFFFFFFFFF0C
:10D43000FFFFFFFFFFFFFFFFFFFFFFFFFFFFFFFFFC
:10D44000FFFFFFFFFFFFFFFFFFFFFFFFFFFFFFFFEC
:10D45000FFFFFFFFFFFFFFFFFFFFFFFFFFFFFFFFDC
:10D46000FFFFFFFFFFFFFFFFFFFFFFFFFFFFFFFFCC
:10D47000FFFFFFFFFFFFFFFFFFFFFFFFFFFFFFFFBC
:10D48000FFFFFFFFFFFFFFFFFFFFFFFFFFFFFFFFAC
:10D49000FFFFFFFFFFFFFFFFFFFFFFFFFFFFFFFF9C
:10D4A000FFFFFFFFFFFFFFFFFFFFFFFFFFFFFFFF8C
:10D4B000FFFFFFFFFFFFFFFFFFFFFFFFFFFFFFFF7C
:10D4C000FFFFFFFFFFFFFFFFFFFFFFFFFFFFFFFF6C
:10D4D000FFFFFFFFFFFFFFFFFFFFFFFFFFFFFFFF5C
:10D4E000FFFFFFFFFFFFFFFFFFFFFFFFFFFFFFFF4C
:10D4F000FFFFFFFFFFFFFFFFFFFFFFFFFFFFFFFF3C
:10D50000FFFFFFFFFFFFFFFFFFFFFFFFFFFFFFFF2B
:10D51000FFFFFFFFFFFFFFFFFFFFFFFFFFFFFFFF1B
:10D52000FFFFFFFFFFFFFFFFFFFFFFFFFFFFFFFF0B
:10D53000FFFFFFFFFFFFFFFFFFFFFFFFFFFFFFFFFB
:10D54000FFFFFFFFFFFFFFFFFFFFFFFFFFFFFFFFEB
:10D55000FFFFFFFFFFFFFFFFFFFFFFFFFFFFFFFFDB
:10D56000FFFFFFFFFFFFFFFFFFFFFFFFFFFFFFFFCB
:10D57000FFFFFFFFFFFFFFFFFFFFFFFFFFFFFFFFBB
:10D58000FFFFFFFFFFFFFFFFFFFFFFFFFFFFFFFFAB
:10D59000FFFFFFFFFFFFFFFFFFFFFFFFFFFFFFFF9B
:10D5A000FFFFFFFFFFFFFFFFFFFFFFFFFFFFFFFF8B
:10D5B000FFFFFFFFFFFFFFFFFFFFFFFFFFFFFFFF7B
:10D5C000FFFFFFFFFFFFFFFFFFFFFFFFFFFFFFFF6B
:10D5D000FFFFFFFFFFFFFFFFFFFFFFFFFFFFFFFF5B
:10D5E000FFFFFFFFFFFFFFFFFFFFFFFFFFFFFFFF4B
:10D5F000FFFFFFFFFFFFFFFFFFFFFFFFFFFFFFFF3B
:10D60000FFFFFFFFFFFFFFFFFFFFFFFFFFFFFFFF2A
:10D61000FFFFFFFFFFFFFFFFFFFFFFFFFFFFFFFF1A
:10D62000FFFFFFFFFFFFFFFFFFFFFFFFFFFFFFFF0A
:10D63000FFFFFFFFFFFFFFFFFFFFFFFFFFFFFFFFFA
:10D64000FFFFFFFFFFFFFFFFFFFFFFFFFFFFFFFFEA
:10D65000FFFFFFFFFFFFFFFFFFFFFFFFFFFFFFFFDA
:10D66000FFFFFFFFFFFFFFFFFFFFFFFFFFFFFFFFCA
:10D67000FFFFFFFFFFFFFFFFFFFFFFFFFFFFFFFFBA
:10D68000FFFFFFFFFFFFFFFFFFFFFFFFFFFFFFFFAA
:10D69000FFFFFFFFFFFFFFFFFFFFFFFFFFFFFFFF9A
:10D6A000FFFFFFFFFFFFFFFFFFFFFFFFFFFFFFFF8A
:10D6B000FFFFFFFFFFFFFFFFFFFFFFFFFFFFFFFF7A
:10D6C000FFFFFFFFFFFFFFFFFFFFFFFFFFFFFFFF6A
:10D6D000FFFFFFFFFFFFFFFFFFFFFFFFFFFFFFFF5A
:10D6E000FFFFFFFFFFFFFFFFFFFFFFFFFFFFFFFF4A
:10D6F000FFFFFFFFFFFFFFFFFFFFFFFFFFFFFFFF3A
:10D70000FFFFFFFFFFFFFFFFFFFFFFFFFFFFFFFF29
:10D71000FFFFFFFFFFFFFFFFFFFFFFFFFFFFFFFF19
:10D72000FFFFFFFFFFFFFFFFFFFFFFFFFFFFFFFF09
:10D73000FFFFFFFFFFFFFFFFFFFFFFFFFFFFFFFFF9
:10D74000FFFFFFFFFFFFFFFFFFFFFFFFFFFFFFFFE9
:10D75000FFFFFFFFFFFFFFFFFFFFFFFFFFFFFFFFD9
:10D76000FFFFFFFFFFFFFFFFFFFFFFFFFFFFFFFFC9
:10D77000FFFFFFFFFFFFFFFFFFFFFFFFFFFFFFFFB9
:10D78000FFFFFFFFFFFFFFFFFFFFFFFFFFFFFFFFA9
:10D79000FFFFFFFFFFFFFFFFFFFFFFFFFFFFFFFF99
:10D7A000FFFFFFFFFFFFFFFFFFFFFFFFFFFFFFFF89
:10D7B000FFFFFFFFFFFFFFFFFFFFFFFFFFFFFFFF79
:10D7C000FFFFFFFFFFFFFFFFFFFFFFFFFFFFFFFF69
:10D7D000FFFFFFFFFFFFFFFFFFFFFFFFFFFFFFFF59
:10D7E000FFFFFFFFFFFFFFFFFFFFFFFFFFFFFFFF49
:10D7F000FFFFFFFFFFFFFFFFFFFFFFFFFFFFFFFF39
:10D80000FFFFFFFFFFFFFFFFFFFFFFFFFFFFFFFF28
:10D81000FFFFFFFFFFFFFFFFFFFFFFFFFFFFFFFF18
:10D82000FFFFFFFFFFFFFFFFFFFFFFFFFFFFFFFF08
:10D83000FFFFFFFFFFFFFFFFFFFFFFFFFFFFFFFFF8
:10D84000FFFFFFFFFFFFFFFFFFFFFFFFFFFFFFFFE8
:10D85000FFFFFFFFFFFFFFFFFFFFFFFFFFFFFFFFD8
:10D86000FFFFFFFFFFFFFFFFFFFFFFFFFFFFFFFFC8
:10D87000FFFFFFFFFFFFFFFFFFFFFFFFFFFFFFFFB8
:10D88000FFFFFFFFFFFFFFFFFFFFFFFFFFFFFFFFA8
:10D89000FFFFFFFFFFFFFFFFFFFFFFFFFFFFFFFF98
:10D8A000FFFFFFFFFFFFFFFFFFFFFFFFFFFFFFFF88
:10D8B000FFFFFFFFFFFFFFFFFFFFFFFFFFFFFFFF78
:10D8C000FFFFFFFFFFFFFFFFFFFFFFFFFFFFFFFF68
:10D8D000FFFFFFFFFFFFFFFFFFFFFFFFFFFFFFFF58
:10D8E000FFFFFFFFFFFFFFFFFFFFFFFFFFFFFFFF48
:10D8F000FFFFFFFFFFFFFFFFFFFFFFFFFFFFFFFF38
:10D90000FFFFFFFFFFFFFFFFFFFFFFFFFFFFFFFF27
:10D91000FFFFFFFFFFFFFFFFFFFFFFFFFFFFFFFF17
:10D92000FFFFFFFFFFFFFFFFFFFFFFFFFFFFFFFF07
:10D93000FFFFFFFFFFFFFFFFFFFFFFFFFFFFFFFFF7
:10D94000FFFFFFFFFFFFFFFFFFFFFFFFFFFFFFFFE7
:10D95000FFFFFFFFFFFFFFFFFFFFFFFFFFFFFFFFD7
:10D96000FFFFFFFFFFFFFFFFFFFFFFFFFFFFFFFFC7
:10D97000FFFFFFFFFFFFFFFFFFFFFFFFFFFFFFFFB7
:10D98000FFFFFFFFFFFFFFFFFFFFFFFFFFFFFFFFA7
:10D99000FFFFFFFFFFFFFFFFFFFFFFFFFFFFFFFF97
:10D9A000FFFFFFFFFFFFFFFFFFFFFFFFFFFFFFFF87
:10D9B000FFFFFFFFFFFFFFFFFFFFFFFFFFFFFFFF77
:10D9C000FFFFFFFFFFFFFFFFFFFFFFFFFFFFFFFF67
:10D9D000FFFFFFFFFFFFFFFFFFFFFFFFFFFFFFFF57
:10D9E000FFFFFFFFFFFFFFFFFFFFFFFFFFFFFFFF47
:10D9F000FFFFFFFFFFFFFFFFFFFFFFFFFFFFFFFF37
:10DA0000FFFFFFFFFFFFFFFFFFFFFFFFFFFFFFFF26
:10DA1000FFFFFFFFFFFFFFFFFFFFFFFFFFFFFFFF16
:10DA2000FFFFFFFFFFFFFFFFFFFFFFFFFFFFFFFF06
:10DA3000FFFFFFFFFFFFFFFFFFFFFFFFFFFFFFFFF6
:10DA4000FFFFFFFFFFFFFFFFFFFFFFFFFFFFFFFFE6
:10DA5000FFFFFFFFFFFFFFFFFFFFFFFFFFFFFFFFD6
:10DA6000FFFFFFFFFFFFFFFFFFFFFFFFFFFFFFFFC6
:10DA7000FFFFFFFFFFFFFFFFFFFFFFFFFFFFFFFFB6
:10DA8000FFFFFFFFFFFFFFFFFFFFFFFFFFFFFFFFA6
:10DA9000FFFFFFFFFFFFFFFFFFFFFFFFFFFFFFFF96
:10DAA000FFFFFFFFFFFFFFFFFFFFFFFFFFFFFFFF86
:10DAB000FFFFFFFFFFFFFFFFFFFFFFFFFFFFFFFF76
:10DAC000FFFFFFFFFFFFFFFFFFFFFFFFFFFFFFFF66
:10DAD000FFFFFFFFFFFFFFFFFFFFFFFFFFFFFFFF56
:10DAE000FFFFFFFFFFFFFFFFFFFFFFFFFFFFFFFF46
:10DAF000FFFFFFFFFFFFFFFFFFFFFFFFFFFFFFFF36
:10DB0000FFFFFFFFFFFFFFFFFFFFFFFFFFFFFFFF25
:10DB1000FFFFFFFFFFFFFFFFFFFFFFFFFFFFFFFF15
:10DB2000FFFFFFFFFFFFFFFFFFFFFFFFFFFFFFFF05
:10DB3000FFFFFFFFFFFFFFFFFFFFFFFFFFFFFFFFF5
:10DB4000FFFFFFFFFFFFFFFFFFFFFFFFFFFFFFFFE5
:10DB5000FFFFFFFFFFFFFFFFFFFFFFFFFFFFFFFFD5
:10DB6000FFFFFFFFFFFFFFFFFFFFFFFFFFFFFFFFC5
:10DB7000FFFFFFFFFFFFFFFFFFFFFFFFFFFFFFFFB5
:10DB8000FFFFFFFFFFFFFFFFFFFFFFFFFFFFFFFFA5
:10DB9000FFFFFFFFFFFFFFFFFFFFFFFFFFFFFFFF95
:10DBA000FFFFFFFFFFFFFFFFFFFFFFFFFFFFFFFF85
:10DBB000FFFFFFFFFFFFFFFFFFFFFFFFFFFFFFFF75
:10DBC000FFFFFFFFFFFFFFFFFFFFFFFFFFFFFFFF65
:10DBD000FFFFFFFFFFFFFFFFFFFFFFFFFFFFFFFF55
:10DBE000FFFFFFFFFFFFFFFFFFFFFFFFFFFFFFFF45
:10DBF000FFFFFFFFFFFFFFFFFFFFFFFFFFFFFFFF35
:10DC0000FFFFFFFFFFFFFFFFFFFFFFFFFFFFFFFF24
:10DC1000FFFFFFFFFFFFFFFFFFFFFFFFFFFFFFFF14
:10DC2000FFFFFFFFFFFFFFFFFFFFFFFFFFFFFFFF04
:10DC3000FFFFFFFFFFFFFFFFFFFFFFFFFFFFFFFFF4
:10DC4000FFFFFFFFFFFFFFFFFFFFFFFFFFFFFFFFE4
:10DC5000FFFFFFFFFFFFFFFFFFFFFFFFFFFFFFFFD4
:10DC6000FFFFFFFFFFFFFFFFFFFFFFFFFFFFFFFFC4
:10DC7000FFFFFFFFFFFFFFFFFFFFFFFFFFFFFFFFB4
:10DC8000FFFFFFFFFFFFFFFFFFFFFFFFFFFFFFFFA4
:10DC9000FFFFFFFFFFFFFFFFFFFFFFFFFFFFFFFF94
:10DCA000FFFFFFFFFFFFFFFFFFFFFFFFFFFFFFFF84
:10DCB000FFFFFFFFFFFFFFFFFFFFFFFFFFFFFFFF74
:10DCC000FFFFFFFFFFFFFFFFFFFFFFFFFFFFFFFF64
:10DCD000FFFFFFFFFFFFFFFFFFFFFFFFFFFFFFFF54
:10DCE000FFFFFFFFFFFFFFFFFFFFFFFFFFFFFFFF44
:10DCF000FFFFFFFFFFFFFFFFFFFFFFFFFFFFFFFF34
:10DD0000FFFFFFFFFFFFFFFFFFFFFFFFFFFFFFFF23
:10DD1000FFFFFFFFFFFFFFFFFFFFFFFFFFFFFFFF13
:10DD2000FFFFFFFFFFFFFFFFFFFFFFFFFFFFFFFF03
:10DD3000FFFFFFFFFFFFFFFFFFFFFFFFFFFFFFFFF3
:10DD4000FFFFFFFFFFFFFFFFFFFFFFFFFFFFFFFFE3
:10DD5000FFFFFFFFFFFFFFFFFFFFFFFFFFFFFFFFD3
:10DD6000FFFFFFFFFFFFFFFFFFFFFFFFFFFFFFFFC3
:10DD7000FFFFFFFFFFFFFFFFFFFFFFFFFFFFFFFFB3
:10DD8000FFFFFFFFFFFFFFFFFFFFFFFFFFFFFFFFA3
:10DD9000FFFFFFFFFFFFFFFFFFFFFFFFFFFFFFFF93
:10DDA000FFFFFFFFFFFFFFFFFFFFFFFFFFFFFFFF83
:10DDB000FFFFFFFFFFFFFFFFFFFFFFFFFFFFFFFF73
:10DDC000FFFFFFFFFFFFFFFFFFFFFFFFFFFFFFFF63
:10DDD000FFFFFFFFFFFFFFFFFFFFFFFFFFFFFFFF53
:10DDE000FFFFFFFFFFFFFFFFFFFFFFFFFFFFFFFF43
:10DDF000FFFFFFFFFFFFFFFFFFFFFFFFFFFFFFFF33
:10DE0000FFFFFFFFFFFFFFFFFFFFFFFFFFFFFFFF22
:10DE1000FFFFFFFFFFFFFFFFFFFFFFFFFFFFFFFF12
:10DE2000FFFFFFFFFFFFFFFFFFFFFFFFFFFFFFFF02
:10DE3000FFFFFFFFFFFFFFFFFFFFFFFFFFFFFFFFF2
:10DE4000FFFFFFFFFFFFFFFFFFFFFFFFFFFFFFFFE2
:10DE5000FFFFFFFFFFFFFFFFFFFFFFFFFFFFFFFFD2
:10DE6000FFFFFFFFFFFFFFFFFFFFFFFFFFFFFFFFC2
:10DE7000FFFFFFFFFFFFFFFFFFFFFFFFFFFFFFFFB2
:10DE8000FFFFFFFFFFFFFFFFFFFFFFFFFFFFFFFFA2
:10DE9000FFFFFFFFFFFFFFFFFFFFFFFFFFFFFFFF92
:10DEA000FFFFFFFFFFFFFFFFFFFFFFFFFFFFFFFF82
:10DEB000FFFFFFFFFFFFFFFFFFFFFFFFFFFFFFFF72
:10DEC000FFFFFFFFFFFFFFFFFFFFFFFFFFFFFFFF62
:10DED000FFFFFFFFFFFFFFFFFFFFFFFFFFFFFFFF52
:10DEE000FFFFFFFFFFFFFFFFFFFFFFFFFFFFFFFF42
:10DEF000FFFFFFFFFFFFFFFFFFFFFFFFFFFFFFFF32
:10DF0000FFFFFFFFFFFFFFFFFFFFFFFFFFFFFFFF21
:10DF1000FFFFFFFFFFFFFFFFFFFFFFFFFFFFFFFF11
:10DF2000FFFFFFFFFFFFFFFFFFFFFFFFFFFFFFFF01
:10DF3000FFFFFFFFFFFFFFFFFFFFFFFFFFFFFFFFF1
:10DF4000FFFFFFFFFFFFFFFFFFFFFFFFFFFFFFFFE1
:10DF5000FFFFFFFFFFFFFFFFFFFFFFFFFFFFFFFFD1
:10DF6000FFFFFFFFFFFFFFFFFFFFFFFFFFFFFFFFC1
:10DF7000FFFFFFFFFFFFFFFFFFFFFFFFFFFFFFFFB1
:10DF8000FFFFFFFFFFFFFFFFFFFFFFFFFFFFFFFFA1
:10DF9000FFFFFFFFFFFFFFFFFFFFFFFFFFFFFFFF91
:10DFA000FFFFFFFFFFFFFFFFFFFFFFFFFFFFFFFF81
:10DFB000FFFFFFFFFFFFFFFFFFFFFFFFFFFFFFFF71
:10DFC000FFFFFFFFFFFFFFFFFFFFFFFFFFFFFFFF61
:10DFD000FFFFFFFFFFFFFFFFFFFFFFFFFFFFFFFF51
:10DFE000FFFFFFFFFFFFFFFFFFFFFFFFFFFFFFFF41
:10DFF000FFFFFFFFFFFFFFFFFFFFFFFFFFFFFFFF31
:10E00000FFFFFFFFFFFFFFFFFFFFFFFFFFFFFFFF20
:10E01000FFFFFFFFFFFFFFFFFFFFFFFFFFFFFFFF10
:10E02000FFFFFFFFFFFFFFFFFFFFFFFFFFFFFFFF00
:10E03000FFFFFFFFFFFFFFFFFFFFFFFFFFFFFFFFF0
:10E04000FFFFFFFFFFFFFFFFFFFFFFFFFFFFFFFFE0
:10E05000FFFFFFFFFFFFFFFFFFFFFFFFFFFFFFFFD0
:10E06000FFFFFFFFFFFFFFFFFFFFFFFFFFFFFFFFC0
:10E07000FFFFFFFFFFFFFFFFFFFFFFFFFFFFFFFFB0
:10E08000FFFFFFFFFFFFFFFFFFFFFFFFFFFFFFFFA0
:10E09000FFFFFFFFFFFFFFFFFFFFFFFFFFFFFFFF90
:10E0A000FFFFFFFFFFFFFFFFFFFFFFFFFFFFFFFF80
:10E0B000FFFFFFFFFFFFFFFFFFFFFFFFFFFFFFFF70
:10E0C000FFFFFFFFFFFFFFFFFFFFFFFFFFFFFFFF60
:10E0D000FFFFFFFFFFFFFFFFFFFFFFFFFFFFFFFF50
:10E0E000FFFFFFFFFFFFFFFFFFFFFFFFFFFFFFFF40
:10E0F000FFFFFFFFFFFFFFFFFFFFFFFFFFFFFFFF30
:10E10000FFFFFFFFFFFFFFFFFFFFFFFFFFFFFFFF1F
:10E11000FFFFFFFFFFFFFFFFFFFFFFFFFFFFFFFF0F
:10E12000FFFFFFFFFFFFFFFFFFFFFFFFFFFFFFFFFF
:10E13000FFFFFFFFFFFFFFFFFFFFFFFFFFFFFFFFEF
:10E14000FFFFFFFFFFFFFFFFFFFFFFFFFFFFFFFFDF
:10E15000FFFFFFFFFFFFFFFFFFFFFFFFFFFFFFFFCF
:10E16000FFFFFFFFFFFFFFFFFFFFFFFFFFFFFFFFBF
:10E17000FFFFFFFFFFFFFFFFFFFFFFFFFFFFFFFFAF
:10E18000FFFFFFFFFFFFFFFFFFFFFFFFFFFFFFFF9F
:10E19000FFFFFFFFFFFFFFFFFFFFFFFFFFFFFFFF8F
:10E1A000FFFFFFFFFFFFFFFFFFFFFFFFFFFFFFFF7F
:10E1B000FFFFFFFFFFFFFFFFFFFFFFFFFFFFFFFF6F
:10E1C000FFFFFFFFFFFFFFFFFFFFFFFFFFFFFFFF5F
:10E1D000FFFFFFFFFFFFFFFFFFFFFFFFFFFFFFFF4F
:10E1E000FFFFFFFFFFFFFFFFFFFFFFFFFFFFFFFF3F
:10E1F000FFFFFFFFFFFFFFFFFFFFFFFFFFFFFFFF2F
:10E20000FFFFFFFFFFFFFFFFFFFFFFFFFFFFFFFF1E
:10E21000FFFFFFFFFFFFFFFFFFFFFFFFFFFFFFFF0E
:10E22000FFFFFFFFFFFFFFFFFFFFFFFFFFFFFFFFFE
:10E23000FFFFFFFFFFFFFFFFFFFFFFFFFFFFFFFFEE
:10E24000FFFFFFFFFFFFFFFFFFFFFFFFFFFFFFFFDE
:10E25000FFFFFFFFFFFFFFFFFFFFFFFFFFFFFFFFCE
:10E26000FFFFFFFFFFFFFFFFFFFFFFFFFFFFFFFFBE
:10E27000FFFFFFFFFFFFFFFFFFFFFFFFFFFFFFFFAE
:10E28000FFFFFFFFFFFFFFFFFFFFFFFFFFFFFFFF9E
:10E29000FFFFFFFFFFFFFFFFFFFFFFFFFFFFFFFF8E
:10E2A000FFFFFFFFFFFFFFFFFFFFFFFFFFFFFFFF7E
:10E2B000FFFFFFFFFFFFFFFFFFFFFFFFFFFFFFFF6E
:10E2C000FFFFFFFFFFFFFFFFFFFFFFFFFFFFFFFF5E
:10E2D000FFFFFFFFFFFFFFFFFFFFFFFFFFFFFFFF4E
:10E2E000FFFFFFFFFFFFFFFFFFFFFFFFFFFFFFFF3E
:10E2F000FFFFFFFFFFFFFFFFFFFFFFFFFFFFFFFF2E
:10E30000FFFFFFFFFFFFFFFFFFFFFFFFFFFFFFFF1D
:10E31000FFFFFFFFFFFFFFFFFFFFFFFFFFFFFFFF0D
:10E32000FFFFFFFFFFFFFFFFFFFFFFFFFFFFFFFFFD
:10E33000FFFFFFFFFFFFFFFFFFFFFFFFFFFFFFFFED
:10E34000FFFFFFFFFFFFFFFFFFFFFFFFFFFFFFFFDD
:10E35000FFFFFFFFFFFFFFFFFFFFFFFFFFFFFFFFCD
:10E36000FFFFFFFFFFFFFFFFFFFFFFFFFFFFFFFFBD
:10E37000FFFFFFFFFFFFFFFFFFFFFFFFFFFFFFFFAD
:10E38000FFFFFFFFFFFFFFFFFFFFFFFFFFFFFFFF9D
:10E39000FFFFFFFFFFFFFFFFFFFFFFFFFFFFFFFF8D
:10E3A000FFFFFFFFFFFFFFFFFFFFFFFFFFFFFFFF7D
:10E3B000FFFFFFFFFFFFFFFFFFFFFFFFFFFFFFFF6D
:10E3C000FFFFFFFFFFFFFFFFFFFFFFFFFFFFFFFF5D
:10E3D000FFFFFFFFFFFFFFFFFFFFFFFFFFFFFFFF4D
:10E3E000FFFFFFFFFFFFFFFFFFFFFFFFFFFFFFFF3D
:10E3F000FFFFFFFFFFFFFFFFFFFFFFFFFFFFFFFF2D
:10E40000FFFFFFFFFFFFFFFFFFFFFFFFFFFFFFFF1C
:10E41000FFFFFFFFFFFFFFFFFFFFFFFFFFFFFFFF0C
:10E42000FFFFFFFFFFFFFFFFFFFFFFFFFFFFFFFFFC
:10E43000FFFFFFFFFFFFFFFFFFFFFFFFFFFFFFFFEC
:10E44000FFFFFFFFFFFFFFFFFFFFFFFFFFFFFFFFDC
:10E45000FFFFFFFFFFFFFFFFFFFFFFFFFFFFFFFFCC
:10E46000FFFFFFFFFFFFFFFFFFFFFFFFFFFFFFFFBC
:10E47000FFFFFFFFFFFFFFFFFFFFFFFFFFFFFFFFAC
:10E48000FFFFFFFFFFFFFFFFFFFFFFFFFFFFFFFF9C
:10E49000FFFFFFFFFFFFFFFFFFFFFFFFFFFFFFFF8C
:10E4A000FFFFFFFFFFFFFFFFFFFFFFFFFFFFFFFF7C
:10E4B000FFFFFFFFFFFFFFFFFFFFFFFFFFFFFFFF6C
:10E4C000FFFFFFFFFFFFFFFFFFFFFFFFFFFFFFFF5C
:10E4D000FFFFFFFFFFFFFFFFFFFFFFFFFFFFFFFF4C
:10E4E000FFFFFFFFFFFFFFFFFFFFFFFFFFFFFFFF3C
:10E4F000FFFFFFFFFFFFFFFFFFFFFFFFFFFFFFFF2C
:10E50000FFFFFFFFFFFFFFFFFFFFFFFFFFFFFFFF1B
:10E51000FFFFFFFFFFFFFFFFFFFFFFFFFFFFFFFF0B
:10E52000FFFFFFFFFFFFFFFFFFFFFFFFFFFFFFFFFB
:10E53000FFFFFFFFFFFFFFFFFFFFFFFFFFFFFFFFEB
:10E54000FFFFFFFFFFFFFFFFFFFFFFFFFFFFFFFFDB
:10E55000FFFFFFFFFFFFFFFFFFFFFFFFFFFFFFFFCB
:10E56000FFFFFFFFFFFFFFFFFFFFFFFFFFFFFFFFBB
:10E57000FFFFFFFFFFFFFFFFFFFFFFFFFFFFFFFFAB
:10E58000FFFFFFFFFFFFFFFFFFFFFFFFFFFFFFFF9B
:10E59000FFFFFFFFFFFFFFFFFFFFFFFFFFFFFFFF8B
:10E5A000FFFFFFFFFFFFFFFFFFFFFFFFFFFFFFFF7B
:10E5B000FFFFFFFFFFFFFFFFFFFFFFFFFFFFFFFF6B
:10E5C000FFFFFFFFFFFFFFFFFFFFFFFFFFFFFFFF5B
:10E5D000FFFFFFFFFFFFFFFFFFFFFFFFFFFFFFFF4B
:10E5E000FFFFFFFFFFFFFFFFFFFFFFFFFFFFFFFF3B
:10E5F000FFFFFFFFFFFFFFFFFFFFFFFFFFFFFFFF2B
:10E60000FFFFFFFFFFFFFFFFFFFFFFFFFFFFFFFF1A
:10E61000FFFFFFFFFFFFFFFFFFFFFFFFFFFFFFFF0A
:10E62000FFFFFFFFFFFFFFFFFFFFFFFFFFFFFFFFFA
:10E63000FFFFFFFFFFFFFFFFFFFFFFFFFFFFFFFFEA
:10E64000FFFFFFFFFFFFFFFFFFFFFFFFFFFFFFFFDA
:10E65000FFFFFFFFFFFFFFFFFFFFFFFFFFFFFFFFCA
:10E66000FFFFFFFFFFFFFFFFFFFFFFFFFFFFFFFFBA
:10E67000FFFFFFFFFFFFFFFFFFFFFFFFFFFFFFFFAA
:10E68000FFFFFFFFFFFFFFFFFFFFFFFFFFFFFFFF9A
:10E69000FFFFFFFFFFFFFFFFFFFFFFFFFFFFFFFF8A
:10E6A000FFFFFFFFFFFFFFFFFFFFFFFFFFFFFFFF7A
:10E6B000FFFFFFFFFFFFFFFFFFFFFFFFFFFFFFFF6A
:10E6C000FFFFFFFFFFFFFFFFFFFFFFFFFFFFFFFF5A
:10E6D000FFFFFFFFFFFFFFFFFFFFFFFFFFFFFFFF4A
:10E6E000FFFFFFFFFFFFFFFFFFFFFFFFFFFFFFFF3A
:10E6F000FFFFFFFFFFFFFFFFFFFFFFFFFFFFFFFF2A
:10E70000FFFFFFFFFFFFFFFFFFFFFFFFFFFFFFFF19
:10E71000FFFFFFFFFFFFFFFFFFFFFFFFFFFFFFFF09
:10E72000FFFFFFFFFFFFFFFFFFFFFFFFFFFFFFFFF9
:10E73000FFFFFFFFFFFFFFFFFFFFFFFFFFFFFFFFE9
:10E74000FFFFFFFFFFFFFFFFFFFFFFFFFFFFFFFFD9
:10E75000FFFFFFFFFFFFFFFFFFFFFFFFFFFFFFFFC9
:10E76000FFFFFFFFFFFFFFFFFFFFFFFFFFFFFFFFB9
:10E77000FFFFFFFFFFFFFFFFFFFFFFFFFFFFFFFFA9
:10E78000FFFFFFFFFFFFFFFFFFFFFFFFFFFFFFFF99
:10E79000FFFFFFFFFFFFFFFFFFFFFFFFFFFFFFFF89
:10E7A000FFFFFFFFFFFFFFFFFFFFFFFFFFFFFFFF79
:10E7B000FFFFFFFFFFFFFFFFFFFFFFFFFFFFFFFF69
:10E7C000FFFFFFFFFFFFFFFFFFFFFFFFFFFFFFFF59
:10E7D000FFFFFFFFFFFFFFFFFFFFFFFFFFFFFFFF49
:10E7E000FFFFFFFFFFFFFFFFFFFFFFFFFFFFFFFF39
:10E7F000FFFFFFFFFFFFFFFFFFFFFFFFFFFFFFFF29
:10E80000FFFFFFFFFFFFFFFFFFFFFFFFFFFFFFFF18
:10E81000FFFFFFFFFFFFFFFFFFFFFFFFFFFFFFFF08
:10E82000FFFFFFFFFFFFFFFFFFFFFFFFFFFFFFFFF8
:10E83000FFFFFFFFFFFFFFFFFFFFFFFFFFFFFFFFE8
:10E84000FFFFFFFFFFFFFFFFFFFFFFFFFFFFFFFFD8
:10E85000FFFFFFFFFFFFFFFFFFFFFFFFFFFFFFFFC8
:10E86000FFFFFFFFFFFFFFFFFFFFFFFFFFFFFFFFB8
:10E87000FFFFFFFFFFFFFFFFFFFFFFFFFFFFFFFFA8
:10E88000FFFFFFFFFFFFFFFFFFFFFFFFFFFFFFFF98
:10E89000FFFFFFFFFFFFFFFFFFFFFFFFFFFFFFFF88
:10E8A000FFFFFFFFFFFFFFFFFFFFFFFFFFFFFFFF78
:10E8B000FFFFFFFFFFFFFFFFFFFFFFFFFFFFFFFF68
:10E8C000FFFFFFFFFFFFFFFFFFFFFFFFFFFFFFFF58
:10E8D000FFFFFFFFFFFFFFFFFFFFFFFFFFFFFFFF48
:10E8E000FFFFFFFFFFFFFFFFFFFFFFFFFFFFFFFF38
:10E8F000FFFFFFFFFFFFFFFFFFFFFFFFFFFFFFFF28
:10E90000FFFFFFFFFFFFFFFFFFFFFFFFFFFFFFFF17
:10E91000FFFFFFFFFFFFFFFFFFFFFFFFFFFFFFFF07
:10E92000FFFFFFFFFFFFFFFFFFFFFFFFFFFFFFFFF7
:10E93000FFFFFFFFFFFFFFFFFFFFFFFFFFFFFFFFE7
:10E94000FFFFFFFFFFFFFFFFFFFFFFFFFFFFFFFFD7
:10E95000FFFFFFFFFFFFFFFFFFFFFFFFFFFFFFFFC7
:10E96000FFFFFFFFFFFFFFFFFFFFFFFFFFFFFFFFB7
:10E97000FFFFFFFFFFFFFFFFFFFFFFFFFFFFFFFFA7
:10E98000FFFFFFFFFFFFFFFFFFFFFFFFFFFFFFFF97
:10E99000FFFFFFFFFFFFFFFFFFFFFFFFFFFFFFFF87
:10E9A000FFFFFFFFFFFFFFFFFFFFFFFFFFFFFFFF77
:10E9B000FFFFFFFFFFFFFFFFFFFFFFFFFFFFFFFF67
:10E9C000FFFFFFFFFFFFFFFFFFFFFFFFFFFFFFFF57
:10E9D000FFFFFFFFFFFFFFFFFFFFFFFFFFFFFFFF47
:10E9E000FFFFFFFFFFFFFFFFFFFFFFFFFFFFFFFF37
:10E9F000FFFFFFFFFFFFFFFFFFFFFFFFFFFFFFFF27
:10EA0000FFFFFFFFFFFFFFFFFFFFFFFFFFFFFFFF16
:10EA1000FFFFFFFFFFFFFFFFFFFFFFFFFFFFFFFF06
:10EA2000FFFFFFFFFFFFFFFFFFFFFFFFFFFFFFFFF6
:10EA3000FFFFFFFFFFFFFFFFFFFFFFFFFFFFFFFFE6
:10EA4000FFFFFFFFFFFFFFFFFFFFFFFFFFFFFFFFD6
:10EA5000FFFFFFFFFFFFFFFFFFFFFFFFFFFFFFFFC6
:10EA6000FFFFFFFFFFFFFFFFFFFFFFFFFFFFFFFFB6
:10EA7000FFFFFFFFFFFFFFFFFFFFFFFFFFFFFFFFA6
:10EA8000FFFFFFFFFFFFFFFFFFFFFFFFFFFFFFFF96
:10EA9000FFFFFFFFFFFFFFFFFFFFFFFFFFFFFFFF86
:10EAA000FFFFFFFFFFFFFFFFFFFFFFFFFFFFFFFF76
:10EAB000FFFFFFFFFFFFFFFFFFFFFFFFFFFFFFFF66
:10EAC000FFFFFFFFFFFFFFFFFFFFFFFFFFFFFFFF56
:10EAD000FFFFFFFFFFFFFFFFFFFFFFFFFFFFFFFF46
:10EAE000FFFFFFFFFFFFFFFFFFFFFFFFFFFFFFFF36
:10EAF000FFFFFFFFFFFFFFFFFFFFFFFFFFFFFFFF26
:10EB0000FFFFFFFFFFFFFFFFFFFFFFFFFFFFFFFF15
:10EB1000FFFFFFFFFFFFFFFFFFFFFFFFFFFFFFFF05
:10EB2000FFFFFFFFFFFFFFFFFFFFFFFFFFFFFFFFF5
:10EB3000FFFFFFFFFFFFFFFFFFFFFFFFFFFFFFFFE5
:10EB4000FFFFFFFFFFFFFFFFFFFFFFFFFFFFFFFFD5
:10EB5000FFFFFFFFFFFFFFFFFFFFFFFFFFFFFFFFC5
:10EB6000FFFFFFFFFFFFFFFFFFFFFFFFFFFFFFFFB5
:10EB7000FFFFFFFFFFFFFFFFFFFFFFFFFFFFFFFFA5
:10EB8000FFFFFFFFFFFFFFFFFFFFFFFFFFFFFFFF95
:10EB9000FFFFFFFFFFFFFFFFFFFFFFFFFFFFFFFF85
:10EBA000FFFFFFFFFFFFFFFFFFFFFFFFFFFFFFFF75
:10EBB000FFFFFFFFFFFFFFFFFFFFFFFFFFFFFFFF65
:10EBC000FFFFFFFFFFFFFFFFFFFFFFFFFFFFFFFF55
:10EBD000FFFFFFFFFFFFFFFFFFFFFFFFFFFFFFFF45
:10EBE000FFFFFFFFFFFFFFFFFFFFFFFFFFFFFFFF35
:10EBF000FFFFFFFFFFFFFFFFFFFFFFFFFFFFFFFF25
:10EC0000FFFFFFFFFFFFFFFFFFFFFFFFFFFFFFFF14
:10EC1000FFFFFFFFFFFFFFFFFFFFFFFFFFFFFFFF04
:10EC2000FFFFFFFFFFFFFFFFFFFFFFFFFFFFFFFFF4
:10EC3000FFFFFFFFFFFFFFFFFFFFFFFFFFFFFFFFE4
:10EC4000FFFFFFFFFFFFFFFFFFFFFFFFFFFFFFFFD4
:10EC5000FFFFFFFFFFFFFFFFFFFFFFFFFFFFFFFFC4
:10EC6000FFFFFFFFFFFFFFFFFFFFFFFFFFFFFFFFB4
:10EC7000FFFFFFFFFFFFFFFFFFFFFFFFFFFFFFFFA4
:10EC8000FFFFFFFFFFFFFFFFFFFFFFFFFFFFFFFF94
:10EC9000FFFFFFFFFFFFFFFFFFFFFFFFFFFFFFFF84
:10ECA000FFFFFFFFFFFFFFFFFFFFFFFFFFFFFFFF74
:10ECB000FFFFFFFFFFFFFFFFFFFFFFFFFFFFFFFF64
:10ECC000FFFFFFFFFFFFFFFFFFFFFFFFFFFFFFFF54
:10ECD000FFFFFFFFFFFFFFFFFFFFFFFFFFFFFFFF44
:10ECE000FFFFFFFFFFFFFFFFFFFFFFFFFFFFFFFF34
:10ECF000FFFFFFFFFFFFFFFFFFFFFFFFFFFFFFFF24
:10ED0000FFFFFFFFFFFFFFFFFFFFFFFFFFFFFFFF13
:10ED1000FFFFFFFFFFFFFFFFFFFFFFFFFFFFFFFF03
:10ED2000FFFFFFFFFFFFFFFFFFFFFFFFFFFFFFFFF3
:10ED3000FFFFFFFFFFFFFFFFFFFFFFFFFFFFFFFFE3
:10ED4000FFFFFFFFFFFFFFFFFFFFFFFFFFFFFFFFD3
:10ED5000FFFFFFFFFFFFFFFFFFFFFFFFFFFFFFFFC3
:10ED6000FFFFFFFFFFFFFFFFFFFFFFFFFFFFFFFFB3
:10ED7000FFFFFFFFFFFFFFFFFFFFFFFFFFFFFFFFA3
:10ED8000FFFFFFFFFFFFFFFFFFFFFFFFFFFFFFFF93
:10ED9000FFFFFFFFFFFFFFFFFFFFFFFFFFFFFFFF83
:10EDA000FFFFFFFFFFFFFFFFFFFFFFFFFFFFFFFF73
:10EDB000FFFFFFFFFFFFFFFFFFFFFFFFFFFFFFFF63
:10EDC000FFFFFFFFFFFFFFFFFFFFFFFFFFFFFFFF53
:10EDD000FFFFFFFFFFFFFFFFFFFFFFFFFFFFFFFF43
:10EDE000FFFFFFFFFFFFFFFFFFFFFFFFFFFFFFFF33
:10EDF000FFFFFFFFFFFFFFFFFFFFFFFFFFFFFFFF23
:10EE0000FFFFFFFFFFFFFFFFFFFFFFFFFFFFFFFF12
:10EE1000FFFFFFFFFFFFFFFFFFFFFFFFFFFFFFFF02
:10EE2000FFFFFFFFFFFFFFFFFFFFFFFFFFFFFFFFF2
:10EE3000FFFFFFFFFFFFFFFFFFFFFFFFFFFFFFFFE2
:10EE4000FFFFFFFFFFFFFFFFFFFFFFFFFFFFFFFFD2
:10EE5000FFFFFFFFFFFFFFFFFFFFFFFFFFFFFFFFC2
:10EE6000FFFFFFFFFFFFFFFFFFFFFFFFFFFFFFFFB2
:10EE7000FFFFFFFFFFFFFFFFFFFFFFFFFFFFFFFFA2
:10EE8000FFFFFFFFFFFFFFFFFFFFFFFFFFFFFFFF92
:10EE9000FFFFFFFFFFFFFFFFFFFFFFFFFFFFFFFF82
:10EEA000FFFFFFFFFFFFFFFFFFFFFFFFFFFFFFFF72
:10EEB000FFFFFFFFFFFFFFFFFFFFFFFFFFFFFFFF62
:10EEC000FFFFFFFFFFFFFFFFFFFFFFFFFFFFFFFF52
:10EED000FFFFFFFFFFFFFFFFFFFFFFFFFFFFFFFF42
:10EEE000FFFFFFFFFFFFFFFFFFFFFFFFFFFFFFFF32
:10EEF000FFFFFFFFFFFFFFFFFFFFFFFFFFFFFFFF22
:10EF0000FFFFFFFFFFFFFFFFFFFFFFFFFFFFFFFF11
:10EF1000FFFFFFFFFFFFFFFFFFFFFFFFFFFFFFFF01
:10EF2000FFFFFFFFFFFFFFFFFFFFFFFFFFFFFFFFF1
:10EF3000FFFFFFFFFFFFFFFFFFFFFFFFFFFFFFFFE1
:10EF4000FFFFFFFFFFFFFFFFFFFFFFFFFFFFFFFFD1
:10EF5000FFFFFFFFFFFFFFFFFFFFFFFFFFFFFFFFC1
:10EF6000FFFFFFFFFFFFFFFFFFFFFFFFFFFFFFFFB1
:10EF7000FFFFFFFFFFFFFFFFFFFFFFFFFFFFFFFFA1
:10EF8000FFFFFFFFFFFFFFFFFFFFFFFFFFFFFFFF91
:10EF9000FFFFFFFFFFFFFFFFFFFFFFFFFFFFFFFF81
:10EFA000FFFFFFFFFFFFFFFFFFFFFFFFFFFFFFFF71
:10EFB000FFFFFFFFFFFFFFFFFFFFFFFFFFFFFFFF61
:10EFC000FFFFFFFFFFFFFFFFFFFFFFFFFFFFFFFF51
:10EFD000FFFFFFFFFFFFFFFFFFFFFFFFFFFFFFFF41
:10EFE000FFFFFFFFFFFFFFFFFFFFFFFFFFFFFFFF31
:10EFF000FFFFFFFFFFFFFFFFFFFFFFFFFFFFFFFF21
:10F00000FFFFFFFFFFFFFFFFFFFFFFFFFFFFFFFF10
:10F01000FFFFFFFFFFFFFFFFFFFFFFFFFFFFFFFF00
:10F02000FFFFFFFFFFFFFFFFFFFFFFFFFFFFFFFFF0
:10F03000FFFFFFFFFFFFFFFFFFFFFFFFFFFFFFFFE0
:10F04000FFFFFFFFFFFFFFFFFFFFFFFFFFFFFFFFD0
:10F05000FFFFFFFFFFFFFFFFFFFFFFFFFFFFFFFFC0
:10F06000FFFFFFFFFFFFFFFFFFFFFFFFFFFFFFFFB0
:10F07000FFFFFFFFFFFFFFFFFFFFFFFFFFFFFFFFA0
:10F08000FFFFFFFFFFFFFFFFFFFFFFFFFFFFFFFF90
:10F09000FFFFFFFFFFFFFFFFFFFFFFFFFFFFFFFF80
:10F0A000FFFFFFFFFFFFFFFFFFFFFFFFFFFFFFFF70
:10F0B000FFFFFFFFFFFFFFFFFFFFFFFFFFFFFFFF60
:10F0C000FFFFFFFFFFFFFFFFFFFFFFFFFFFFFFFF50
:10F0D000FFFFFFFFFFFFFFFFFFFFFFFFFFFFFFFF40
:10F0E000FFFFFFFFFFFFFFFFFFFFFFFFFFFFFFFF30
:10F0F000FFFFFFFFFFFFFFFFFFFFFFFFFFFFFFFF20
:10F10000FFFFFFFFFFFFFFFFFFFFFFFFFFFFFFFF0F
:10F11000FFFFFFFFFFFFFFFFFFFFFFFFFFFFFFFFFF
:10F12000FFFFFFFFFFFFFFFFFFFFFFFFFFFFFFFFEF
:10F13000FFFFFFFFFFFFFFFFFFFFFFFFFFFFFFFFDF
:10F14000FFFFFFFFFFFFFFFFFFFFFFFFFFFFFFFFCF
:10F15000FFFFFFFFFFFFFFFFFFFFFFFFFFFFFFFFBF
:10F16000FFFFFFFFFFFFFFFFFFFFFFFFFFFFFFFFAF
:10F17000FFFFFFFFFFFFFFFFFFFFFFFFFFFFFFFF9F
:10F18000FFFFFFFFFFFFFFFFFFFFFFFFFFFFFFFF8F
:10F19000FFFFFFFFFFFFFFFFFFFFFFFFFFFFFFFF7F
:10F1A000FFFFFFFFFFFFFFFFFFFFFFFFFFFFFFFF6F
:10F1B000FFFFFFFFFFFFFFFFFFFFFFFFFFFFFFFF5F
:10F1C000FFFFFFFFFFFFFFFFFFFFFFFFFFFFFFFF4F
:10F1D000FFFFFFFFFFFFFFFFFFFFFFFFFFFFFFFF3F
:10F1E000FFFFFFFFFFFFFFFFFFFFFFFFFFFFFFFF2F
:10F1F000FFFFFFFFFFFFFFFFFFFFFFFFFFFFFFFF1F
:10F20000FFFFFFFFFFFFFFFFFFFFFFFFFFFFFFFF0E
:10F21000FFFFFFFFFFFFFFFFFFFFFFFFFFFFFFFFFE
:10F22000FFFFFFFFFFFFFFFFFFFFFFFFFFFFFFFFEE
:10F23000FFFFFFFFFFFFFFFFFFFFFFFFFFFFFFFFDE
:10F24000FFFFFFFFFFFFFFFFFFFFFFFFFFFFFFFFCE
:10F25000FFFFFFFFFFFFFFFFFFFFFFFFFFFFFFFFBE
:10F26000FFFFFFFFFFFFFFFFFFFFFFFFFFFFFFFFAE
:10F27000FFFFFFFFFFFFFFFFFFFFFFFFFFFFFFFF9E
:10F28000FFFFFFFFFFFFFFFFFFFFFFFFFFFFFFFF8E
:10F29000FFFFFFFFFFFFFFFFFFFFFFFFFFFFFFFF7E
:10F2A000FFFFFFFFFFFFFFFFFFFFFFFFFFFFFFFF6E
:10F2B000FFFFFFFFFFFFFFFFFFFFFFFFFFFFFFFF5E
:10F2C000FFFFFFFFFFFFFFFFFFFFFFFFFFFFFFFF4E
:10F2D000FFFFFFFFFFFFFFFFFFFFFFFFFFFFFFFF3E
:10F2E000FFFFFFFFFFFFFFFFFFFFFFFFFFFFFFFF2E
:10F2F000FFFFFFFFFFFFFFFFFFFFFFFFFFFFFFFF1E
:10F30000FFFFFFFFFFFFFFFFFFFFFFFFFFFFFFFF0D
:10F31000FFFFFFFFFFFFFFFFFFFFFFFFFFFFFFFFFD
:10F32000FFFFFFFFFFFFFFFFFFFFFFFFFFFFFFFFED
:10F33000FFFFFFFFFFFFFFFFFFFFFFFFFFFFFFFFDD
:10F34000FFFFFFFFFFFFFFFFFFFFFFFFFFFFFFFFCD
:10F35000FFFFFFFFFFFFFFFFFFFFFFFFFFFFFFFFBD
:10F36000FFFFFFFFFFFFFFFFFFFFFFFFFFFFFFFFAD
:10F37000FFFFFFFFFFFFFFFFFFFFFFFFFFFFFFFF9D
:10F38000FFFFFFFFFFFFFFFFFFFFFFFFFFFFFFFF8D
:10F39000FFFFFFFFFFFFFFFFFFFFFFFFFFFFFFFF7D
:10F3A000FFFFFFFFFFFFFFFFFFFFFFFFFFFFFFFF6D
:10F3B000FFFFFFFFFFFFFFFFFFFFFFFFFFFFFFFF5D
:10F3C000FFFFFFFFFFFFFFFFFFFFFFFFFFFFFFFF4D
:10F3D000FFFFFFFFFFFFFFFFFFFFFFFFFFFFFFFF3D
:10F3E000FFFFFFFFFFFFFFFFFFFFFFFFFFFFFFFF2D
:10F3F000FFFFFFFFFFFFFFFFFFFFFFFFFFFFFFFF1D
:10F40000FFFFFFFFFFFFFFFFFFFFFFFFFFFFFFFF0C
:10F41000FFFFFFFFFFFFFFFFFFFFFFFFFFFFFFFFFC
:10F42000FFFFFFFFFFFFFFFFFFFFFFFFFFFFFFFFEC
:10F43000FFFFFFFFFFFFFFFFFFFFFFFFFFFFFFFFDC
:10F44000FFFFFFFFFFFFFFFFFFFFFFFFFFFFFFFFCC
:10F45000FFFFFFFFFFFFFFFFFFFFFFFFFFFFFFFFBC
:10F46000FFFFFFFFFFFFFFFFFFFFFFFFFFFFFFFFAC
:10F47000FFFFFFFFFFFFFFFFFFFFFFFFFFFFFFFF9C
:10F48000FFFFFFFFFFFFFFFFFFFFFFFFFFFFFFFF8C
:10F49000FFFFFFFFFFFFFFFFFFFFFFFFFFFFFFFF7C
:10F4A000FFFFFFFFFFFFFFFFFFFFFFFFFFFFFFFF6C
:10F4B000FFFFFFFFFFFFFFFFFFFFFFFFFFFFFFFF5C
:10F4C000FFFFFFFFFFFFFFFFFFFFFFFFFFFFFFFF4C
:10F4D000FFFFFFFFFFFFFFFFFFFFFFFFFFFFFFFF3C
:10F4E000FFFFFFFFFFFFFFFFFFFFFFFFFFFFFFFF2C
:10F4F000FFFFFFFFFFFFFFFFFFFFFFFFFFFFFFFF1C
:10F50000FFFFFFFFFFFFFFFFFFFFFFFFFFFFFFFF0B
:10F51000FFFFFFFFFFFFFFFFFFFFFFFFFFFFFFFFFB
:10F52000FFFFFFFFFFFFFFFFFFFFFFFFFFFFFFFFEB
:10F53000FFFFFFFFFFFFFFFFFFFFFFFFFFFFFFFFDB
:10F54000FFFFFFFFFFFFFFFFFFFFFFFFFFFFFFFFCB
:10F55000FFFFFFFFFFFFFFFFFFFFFFFFFFFFFFFFBB
:10F56000FFFFFFFFFFFFFFFFFFFFFFFFFFFFFFFFAB
:10F57000FFFFFFFFFFFFFFFFFFFFFFFFFFFFFFFF9B
:10F58000FFFFFFFFFFFFFFFFFFFFFFFFFFFFFFFF8B
:10F59000FFFFFFFFFFFFFFFFFFFFFFFFFFFFFFFF7B
:10F5A000FFFFFFFFFFFFFFFFFFFFFFFFFFFFFFFF6B
:10F5B000FFFFFFFFFFFFFFFFFFFFFFFFFFFFFFFF5B
:10F5C000FFFFFFFFFFFFFFFFFFFFFFFFFFFFFFFF4B
:10F5D000FFFFFFFFFFFFFFFFFFFFFFFFFFFFFFFF3B
:10F5E000FFFFFFFFFFFFFFFFFFFFFFFFFFFFFFFF2B
:10F5F000FFFFFFFFFFFFFFFFFFFFFFFFFFFFFFFF1B
:10F60000FFFFFFFFFFFFFFFFFFFFFFFFFFFFFFFF0A
:10F61000FFFFFFFFFFFFFFFFFFFFFFFFFFFFFFFFFA
:10F62000FFFFFFFFFFFFFFFFFFFFFFFFFFFFFFFFEA
:10F63000FFFFFFFFFFFFFFFFFFFFFFFFFFFFFFFFDA
:10F64000FFFFFFFFFFFFFFFFFFFFFFFFFFFFFFFFCA
:10F65000FFFFFFFFFFFFFFFFFFFFFFFFFFFFFFFFBA
:10F66000FFFFFFFFFFFFFFFFFFFFFFFFFFFFFFFFAA
:10F67000FFFFFFFFFFFFFFFFFFFFFFFFFFFFFFFF9A
:10F68000FFFFFFFFFFFFFFFFFFFFFFFFFFFFFFFF8A
:10F69000FFFFFFFFFFFFFFFFFFFFFFFFFFFFFFFF7A
:10F6A000FFFFFFFFFFFFFFFFFFFFFFFFFFFFFFFF6A
:10F6B000FFFFFFFFFFFFFFFFFFFFFFFFFFFFFFFF5A
:10F6C000FFFFFFFFFFFFFFFFFFFFFFFFFFFFFFFF4A
:10F6D000FFFFFFFFFFFFFFFFFFFFFFFFFFFFFFFF3A
:10F6E000FFFFFFFFFFFFFFFFFFFFFFFFFFFFFFFF2A
:10F6F000FFFFFFFFFFFFFFFFFFFFFFFFFFFFFFFF1A
:10F70000FFFFFFFFFFFFFFFFFFFFFFFFFFFFFFFF09
:10F71000FFFFFFFFFFFFFFFFFFFFFFFFFFFFFFFFF9
:10F72000FFFFFFFFFFFFFFFFFFFFFFFFFFFFFFFFE9
:10F73000FFFFFFFFFFFFFFFFFFFFFFFFFFFFFFFFD9
:10F74000FFFFFFFFFFFFFFFFFFFFFFFFFFFFFFFFC9
:10F75000FFFFFFFFFFFFFFFFFFFFFFFFFFFFFFFFB9
:10F76000FFFFFFFFFFFFFFFFFFFFFFFFFFFFFFFFA9
:10F77000FFFFFFFFFFFFFFFFFFFFFFFFFFFFFFFF99
:10F78000FFFFFFFFFFFFFFFFFFFFFFFFFFFFFFFF89
:10F79000FFFFFFFFFFFFFFFFFFFFFFFFFFFFFFFF79
:10F7A000FFFFFFFFFFFFFFFFFFFFFFFFFFFFFFFF69
:10F7B000FFFFFFFFFFFFFFFFFFFFFFFFFFFFFFFF59
:10F7C000FFFFFFFFFFFFFFFFFFFFFFFFFFFFFFFF49
:10F7D000FFFFFFFFFFFFFFFFFFFFFFFFFFFFFFFF39
:10F7E000FFFFFFFFFFFFFFFFFFFFFFFFFFFFFFFF29
:10F7F000FFFFFFFFFFFFFFFFFFFFFFFFFFFFFFFF19
:10F80000FFFFFFFFFFFFFFFFFFFFFFFFFFFFFFFF08
:10F81000FFFFFFFFFFFFFFFFFFFFFFFFFFFFFFFFF8
:10F82000FFFFFFFFFFFFFFFFFFFFFFFFFFFFFFFFE8
:10F83000FFFFFFFFFFFFFFFFFFFFFFFFFFFFFFFFD8
:10F84000FFFFFFFFFFFFFFFFFFFFFFFFFFFFFFFFC8
:10F85000FFFFFFFFFFFFFFFFFFFFFFFFFFFFFFFFB8
:10F86000FFFFFFFFFFFFFFFFFFFFFFFFFFFFFFFFA8
:10F87000FFFFFFFFFFFFFFFFFFFFFFFFFFFFFFFF98
:10F88000FFFFFFFFFFFFFFFFFFFFFFFFFFFFFFFF88
:10F89000FFFFFFFFFFFFFFFFFFFFFFFFFFFFFFFF78
:10F8A000FFFFFFFFFFFFFFFFFFFFFFFFFFFFFFFF68
:10F8B000FFFFFFFFFFFFFFFFFFFFFFFFFFFFFFFF58
:10F8C000FFFFFFFFFFFFFFFFFFFFFFFFFFFFFFFF48
:10F8D000FFFFFFFFFFFFFFFFFFFFFFFFFFFFFFFF38
:10F8E000FFFFFFFFFFFFFFFFFFFFFFFFFFFFFFFF28
:10F8F000FFFFFFFFFFFFFFFFFFFFFFFFFFFFFFFF18
:10F90000FFFFFFFFFFFFFFFFFFFFFFFFFFFFFFFF07
:10F91000FFFFFFFFFFFFFFFFFFFFFFFFFFFFFFFFF7
:10F92000FFFFFFFFFFFFFFFFFFFFFFFFFFFFFFFFE7
:10F93000FFFFFFFFFFFFFFFFFFFFFFFFFFFFFFFFD7
:10F94000FFFFFFFFFFFFFFFFFFFFFFFFFFFFFFFFC7
:10F95000FFFFFFFFFFFFFFFFFFFFFFFFFFFFFFFFB7
:10F96000FFFFFFFFFFFFFFFFFFFFFFFFFFFFFFFFA7
:10F97000FFFFFFFFFFFFFFFFFFFFFFFFFFFFFFFF97
:10F98000FFFFFFFFFFFFFFFFFFFFFFFFFFFFFFFF87
:10F99000FFFFFFFFFFFFFFFFFFFFFFFFFFFFFFFF77
:10F9A000FFFFFFFFFFFFFFFFFFFFFFFFFFFFFFFF67
:10F9B000FFFFFFFFFFFFFFFFFFFFFFFFFFFFFFFF57
:10F9C000FFFFFFFFFFFFFFFFFFFFFFFFFFFFFFFF47
:10F9D000FFFFFFFFFFFFFFFFFFFFFFFFFFFFFFFF37
:10F9E000FFFFFFFFFFFFFFFFFFFFFFFFFFFFFFFF27
:10F9F000FFFFFFFFFFFFFFFFFFFFFFFFFFFFFFFF17
:10FA0000FFFFFFFFFFFFFFFFFFFFFFFFFFFFFFFF06
:10FA1000FFFFFFFFFFFFFFFFFFFFFFFFFFFFFFFFF6
:10FA2000FFFFFFFFFFFFFFFFFFFFFFFFFFFFFFFFE6
:10FA3000FFFFFFFFFFFFFFFFFFFFFFFFFFFFFFFFD6
:10FA4000FFFFFFFFFFFFFFFFFFFFFFFFFFFFFFFFC6
:10FA5000FFFFFFFFFFFFFFFFFFFFFFFFFFFFFFFFB6
:10FA6000FFFFFFFFFFFFFFFFFFFFFFFFFFFFFFFFA6
:10FA7000FFFFFFFFFFFFFFFFFFFFFFFFFFFFFFFF96
:10FA8000FFFFFFFFFFFFFFFFFFFFFFFFFFFFFFFF86
:10FA9000FFFFFFFFFFFFFFFFFFFFFFFFFFFFFFFF76
:10FAA000FFFFFFFFFFFFFFFFFFFFFFFFFFFFFFFF66
:10FAB000FFFFFFFFFFFFFFFFFFFFFFFFFFFFFFFF56
:10FAC000FFFFFFFFFFFFFFFFFFFFFFFFFFFFFFFF46
:10FAD000FFFFFFFFFFFFFFFFFFFFFFFFFFFFFFFF36
:10FAE000FFFFFFFFFFFFFFFFFFFFFFFFFFFFFFFF26
:10FAF000FFFFFFFFFFFFFFFFFFFFFFFFFFFFFFFF16
:10FB0000FFFFFFFFFFFFFFFFFFFFFFFFFFFFFFFF05
:10FB1000FFFFFFFFFFFFFFFFFFFFFFFFFFFFFFFFF5
:10FB2000FFFFFFFFFFFFFFFFFFFFFFFFFFFFFFFFE5
:10FB3000FFFFFFFFFFFFFFFFFFFFFFFFFFFFFFFFD5
:10FB4000FFFFFFFFFFFFFFFFFFFFFFFFFFFFFFFFC5
:10FB5000FFFFFFFFFFFFFFFFFFFFFFFFFFFFFFFFB5
:10FB6000FFFFFFFFFFFFFFFFFFFFFFFFFFFFFFFFA5
:10FB7000FFFFFFFFFFFFFFFFFFFFFFFFFFFFFFFF95
:10FB8000FFFFFFFFFFFFFFFFFFFFFFFFFFFFFFFF85
:10FB9000FFFFFFFFFFFFFFFFFFFFFFFFFFFFFFFF75
:10FBA000FFFFFFFFFFFFFFFFFFFFFFFFFFFFFFFF65
:10FBB000FFFFFFFFFFFFFFFFFFFFFFFFFFFFFFFF55
:10FBC000FFFFFFFFFFFFFFFFFFFFFFFFFFFFFFFF45
:10FBD000FFFFFFFFFFFFFFFFFFFFFFFFFFFFFFFF35
:10FBE000FFFFFFFFFFFFFFFFFFFFFFFFFFFFFFFF25
:10FBF000FFFFFFFFFFFFFFFFFFFFFFFFFFFFFFFF15
:10FC0000FFFFFFFFFFFFFFFFFFFFFFFFFFFFFFFF04
:10FC1000FFFFFFFFFFFFFFFFFFFFFFFFFFFFFFFFF4
:10FC2000FFFFFFFFFFFFFFFFFFFFFFFFFFFFFFFFE4
:10FC3000FFFFFFFFFFFFFFFFFFFFFFFFFFFFFFFFD4
:10FC4000FFFFFFFFFFFFFFFFFFFFFFFFFFFFFFFFC4
:10FC5000FFFFFFFFFFFFFFFFFFFFFFFFFFFFFFFFB4
:10FC6000FFFFFFFFFFFFFFFFFFFFFFFFFFFFFFFFA4
:10FC7000FFFFFFFFFFFFFFFFFFFFFFFFFFFFFFFF94
:10FC8000FFFFFFFFFFFFFFFFFFFFFFFFFFFFFFFF84
:10FC9000FFFFFFFFFFFFFFFFFFFFFFFFFFFFFFFF74
:10FCA000FFFFFFFFFFFFFFFFFFFFFFFFFFFFFFFF64
:10FCB000FFFFFFFFFFFFFFFFFFFFFFFFFFFFFFFF54
:10FCC000FFFFFFFFFFFFFFFFFFFFFFFFFFFFFFFF44
:10FCD000FFFFFFFFFFFFFFFFFFFFFFFFFFFFFFFF34
:10FCE000FFFFFFFFFFFFFFFFFFFFFFFFFFFFFFFF24
:10FCF000FFFFFFFFFFFFFFFFFFFFFFFFFFFFFFFF14
:10FD0000FFFFFFFFFFFFFFFFFFFFFFFFFFFFFFFF03
:10FD1000FFFFFFFFFFFFFFFFFFFFFFFFFFFFFFFFF3
:10FD2000FFFFFFFFFFFFFFFFFFFFFFFFFFFFFFFFE3
:10FD3000FFFFFFFFFFFFFFFFFFFFFFFFFFFFFFFFD3
:10FD4000FFFFFFFFFFFFFFFFFFFFFFFFFFFFFFFFC3
:10FD5000FFFFFFFFFFFFFFFFFFFFFFFFFFFFFFFFB3
:10FD6000FFFFFFFFFFFFFFFFFFFFFFFFFFFFFFFFA3
:10FD7000FFFFFFFFFFFFFFFFFFFFFFFFFFFFFFFF93
:10FD8000FFFFFFFFFFFFFFFFFFFFFFFFFFFFFFFF83
:10FD9000FFFFFFFFFFFFFFFFFFFFFFFFFFFFFFFF73
:10FDA000FFFFFFFFFFFFFFFFFFFFFFFFFFFFFFFF63
:10FDB000FFFFFFFFFFFFFFFFFFFFFFFFFFFFFFFF53
:10FDC000FFFFFFFFFFFFFFFFFFFFFFFFFFFFFFFF43
:10FDD000FFFFFFFFFFFFFFFFFFFFFFFFFFFFFFFF33
:10FDE000FFFFFFFFFFFFFFFFFFFFFFFFFFFFFFFF23
:10FDF000FFFFFFFFFFFFFFFFFFFFFFFFFFFFFFFF13
:10FE0000FFFFFFFFFFFFFFFFFFFFFFFFFFFFFFFF02
:10FE1000FFFFFFFFFFFFFFFFFFFFFFFFFFFFFFFFF2
:10FE2000FFFFFFFFFFFFFFFFFFFFFFFFFFFFFFFFE2
:10FE3000FFFFFFFFFFFFFFFFFFFFFFFFFFFFFFFFD2
:10FE4000FFFFFFFFFFFFFFFFFFFFFFFFFFFFFFFFC2
:10FE5000FFFFFFFFFFFFFFFFFFFFFFFFFFFFFFFFB2
:10FE6000FFFFFFFFFFFFFFFFFFFFFFFFFFFFFFFFA2
:10FE7000FFFFFFFFFFFFFFFFFFFFFFFFFFFFFFFF92
:10FE8000FFFFFFFFFFFFFFFFFFFFFFFFFFFFFFFF82
:10FE9000FFFFFFFFFFFFFFFFFFFFFFFFFFFFFFFF72
:10FEA000FFFFFFFFFFFFFFFFFFFFFFFFFFFFFFFF62
:10FEB000FFFFFFFFFFFFFFFFFFFFFFFFFFFFFFFF52
:10FEC000FFFFFFFFFFFFFFFFFFFFFFFFFFFFFFFF42
:10FED000FFFFFFFFFFFFFFFFFFFFFFFFFFFFFFFF32
:10FEE000FFFFFFFFFFFFFFFFFFFFFFFFFFFFFFFF22
:10FEF000FFFFFFFFFFFFFFFFFFFFFFFFFFFFFFFF12
:10FF0000FFFFFFFFFFFFFFFFFFFFFFFFFFFFFFFF01
:10FF1000FFFFFFFFFFFFFFFFFFFFFFFFFFFFFFFFF1
:10FF2000FFFFFFFFFFFFFFFFFFFFFFFFFFFFFFFFE1
:10FF3000FFFFFFFFFFFFFFFFFFFFFFFFFFFFFFFFD1
:10FF4000FFFFFFFFFFFFFFFFFFFFFFFFFFFFFFFFC1
:10FF5000FFFFFFFFFFFFFFFFFFFFFFFFFFFFFFFFB1
:10FF6000FFFFFFFFFFFFFFFFFFFFFFFFFFFFFFFFA1
:10FF7000FFFFFFFFFFFFFFFFFFFFFFFFFFFFFFFF91
:10FF8000FFFFFFFFFFFFFFFFFFFFFFFFFFFFFFFF81
:10FF9000FFFFFFFFFFFFFFFFFFFFFFFFFFFFFFFF71
:10FFA000FFFFFFFFFFFFFFFFFFFFFFFFFFFFFFFF61
:10FFB000FFFFFFFFFFFFFFFFFFFFFFFFFFFFFFFF51
:10FFC000FFFFFFFFFFFFFFFFFFFFFFFFFFFFFFFF41
:10FFD000FFFFFFFFFFFFFFFFFFFFFFFFFFFFFFFF31
:10FFE000FFFFFFFFFFFFFFFFFFFFFFFFFFFFFFFF21
:10FFF000FFFFFFFFFFFFFFFFFFFFFFFFFFFFFFFF11
:020000040030CA
:0A0000008CFFF7FF9FFFFFFFFFFFDB
:020000040031C9
:10000000100000FFFFFFFFFFFFFFFFFFFFFFFFFFED
:10001000FFFFFFFFFFFFFFFFFFFFFFFFFFFFFFFFF0
:10002000FFFFFFFFFFFFFFFFFFFFFFFFFFFFFFFFE0
:10003000FFFFFFFFFFFFFFFFFFFFFFFFFFFFFFFFD0
:10004000FFFFFFFFFFFFFFFFFFFFFFFFFFFFFFFFC0
:10005000FFFFFFFFFFFFFFFFFFFFFFFFFFFFFFFFB0
:10006000FFFFFFFFFFFFFFFFFFFFFFFFFFFFFFFFA0
:10007000FFFFFFFFFFFFFFFFFFFFFFFFFFFFFFFF90
:10008000FFFFFFFFFFFFFFFFFFFFFFFFFFFFFFFF80
:10009000FFFFFFFFFFFFFFFFFFFFFFFFFFFFFFFF70
:1000A000FFFFFFFFFFFFFFFFFFFFFFFFFFFFFFFF60
:1000B000FFFFFFFFFFFFFFFFFFFFFFFFFFFFFFFF50
:1000C000FFFFFFFFFFFFFFFFFFFFFFFFFFFFFFFF40
:1000D000FFFFFFFFFFFFFFFFFFFFFFFFFFFFFFFF30
:1000E000FFFFFFFFFFFFFFFFFFFFFFFFFFFFFFFF20
:1000F000FFFFFFFFFFFFFFFFFFFFFFFFFFFFFFFF10
:10010000FFFFFFFFFFFFFFFFFFFFFFFFFFFFFFFFFF
:10011000FFFFFFFFFFFFFFFFFFFFFFFFFFFFFFFFEF
:10012000FFFFFFFFFFFFFFFFFFFFFFFFFFFFFFFFDF
:10013000FFFFFFFFFFFFFFFFFFFFFFFFFFFFFFFFCF
:10014000FFFFFFFFFFFFFFFFFFFFFFFFFFFFFFFFBF
:10015000FFFFFFFFFFFFFFFFFFFFFFFFFFFFFFFFAF
:10016000FFFFFFFFFFFFFFFFFFFFFFFFFFFFFFFF9F
:10017000FFFFFFFFFFFFFFFFFFFFFFFFFFFFFFFF8F
:10018000FFFFFFFFFFFFFFFFFFFFFFFFFFFFFFFF7F
:10019000FFFFFFFFFFFFFFFFFFFFFFFFFFFFFFFF6F
:1001A000FFFFFFFFFFFFFFFFFFFFFFFFFFFFFFFF5F
:1001B000FFFFFFFFFFFFFFFFFFFFFFFFFFFFFFFF4F
:1001C000FFFFFFFFFFFFFFFFFFFFFFFFFFFFFFFF3F
:1001D000FFFFFFFFFFFFFFFFFFFFFFFFFFFFFFFF2F
:1001E000FFFFFFFFFFFFFFFFFFFFFFFFFFFFFFFF1F
:1001F000FFFFFFFFFFFFFFFFFFFFFFFFFFFFFFFF0F
:10020000FFFFFFFFFFFFFFFFFFFFFFFFFFFFFFFFFE
:10021000FFFFFFFFFFFFFFFFFFFFFFFFFFFFFFFFEE
:10022000FFFFFFFFFFFFFFFFFFFFFFFFFFFFFFFFDE
:10023000FFFFFFFFFFFFFFFFFFFFFFFFFFFFFFFFCE
:10024000FFFFFFFFFFFFFFFFFFFFFFFFFFFFFFFFBE
:10025000FFFFFFFFFFFFFFFFFFFFFFFFFFFFFFFFAE
:10026000FFFFFFFFFFFFFFFFFFFFFFFFFFFFFFFF9E
:10027000FFFFFFFFFFFFFFFFFFFFFFFFFFFFFFFF8E
:10028000FFFFFFFFFFFFFFFFFFFFFFFFFFFFFFFF7E
:10029000FFFFFFFFFFFFFFFFFFFFFFFFFFFFFFFF6E
:1002A000FFFFFFFFFFFFFFFFFFFFFFFFFFFFFFFF5E
:1002B000FFFFFFFFFFFFFFFFFFFFFFFFFFFFFFFF4E
:1002C000FFFFFFFFFFFFFFFFFFFFFFFFFFFFFFFF3E
:1002D000FFFFFFFFFFFFFFFFFFFFFFFFFFFFFFFF2E
:1002E000FFFFFFFFFFFFFFFFFFFFFFFFFFFFFFFF1E
:1002F000FFFFFFFFFFFFFFFFFFFFFFFFFFFFFFFF0E
:10030000FFFFFFFFFFFFFFFFFFFFFFFFFFFFFFFFFD
:10031000FFFFFFFFFFFFFFFFFFFFFFFFFFFFFFFFED
:10032000FFFFFFFFFFFFFFFFFFFFFFFFFFFFFFFFDD
:10033000FFFFFFFFFFFFFFFFFFFFFFFFFFFFFFFFCD
:10034000FFFFFFFFFFFFFFFFFFFFFFFFFFFFFFFFBD
:10035000FFFFFFFFFFFFFFFFFFFFFFFFFFFFFFFFAD
:10036000FFFFFFFFFFFFFFFFFFFFFFFFFFFFFFFF9D
:10037000FFFFFFFFFFFFFFFFFFFFFFFFFFFFFFFF8D
:10038000FFFFFFFFFFFFFFFFFFFFFFFFFFFFFFFF7D
:10039000FFFFFFFFFFFFFFFFFFFFFFFFFFFFFFFF6D
:1003A000FFFFFFFFFFFFFFFFFFFFFFFFFFFFFFFF5D
:1003B000FFFFFFFFFFFFFFFFFFFFFFFFFFFFFFFF4D
:1003C000FFFFFFFFFFFFFFFFFFFFFFFFFFFFFFFF3D
:1003D000FFFFFFFFFFFFFFFFFFFFFFFFFFFFFFFF2D
:1003E000FFFFFFFFFFFFFFFFFFFFFFFFFFFFFFFF1D
:1003F000FFFFFFFFFFFFFFFFFFFFFFFFFFFFFFFF0D
:020000040020DA
:10000000FF0FFF0FFF0FFF0FFF0FFF0FFF0FFF0F80
:00000001FF
